mtllib borraccia.mtl
o Circle
usemtl borraccia_main
v 0.4426272511482239 -2.3748421669006348 -0.7071067690849304
v 0.6418282985687256 -2.3748421669006348 -0.42261824011802673
v 0.731715202331543 -2.3748421669006348 -0.08715580403804779
v 0.7014463543891907 -2.3748421669006348 0.25881892442703247
v 0.5546726584434509 -2.3748421669006348 0.5735762715339661
v 0.3090971112251282 -2.3748421669006348 0.8191518783569336
v -0.005660146474838257 -2.3748421669006348 0.9659257531166077
v -0.3516348525881767 -2.3748421669006348 0.9961947202682495
v -0.6870973408222198 -2.3748421669006348 0.9063079953193665
v -0.9715859293937683 -2.3748421669006348 0.7071071863174438
v -1.1707871556282043 -2.3748421669006348 0.4226185977458954
v -1.2606741786003113 -2.3748421669006348 0.08715619146823883
v -1.2304054498672485 -2.3748421669006348 -0.25881853699684143
v -1.0836318731307983 -2.3748421669006348 -0.5735759735107422
v -0.8380565047264099 -2.3748421669006348 -0.8191516399383545
v -0.5232992768287659 -2.3748421669006348 -0.9659256339073181
v -0.1773245707154274 -2.3748421669006348 -0.9961947798728943
v 0.1581379473209381 -2.3748421669006348 -0.9063081741333008
v 0.1581379473209381 0.7043666839599609 -0.9063081741333008
v -0.1773245707154274 0.7043666839599609 -0.9961947798728943
v -0.5232992768287659 0.7043666839599609 -0.9659256339073181
v -0.8380565047264099 0.7043666839599609 -0.8191516399383545
v -1.0836318731307983 0.7043666839599609 -0.5735759735107422
v -1.2304054498672485 0.7043666839599609 -0.25881853699684143
v -1.2606741786003113 0.7043666839599609 0.08715619146823883
v -1.1707871556282043 0.7043666839599609 0.4226185977458954
v -0.9715859293937683 0.7043666839599609 0.7071071863174438
v -0.6870973408222198 0.7043666839599609 0.9063079953193665
v -0.3516348525881767 0.7043666839599609 0.9961947202682495
v -0.005660146474838257 0.7043666839599609 0.9659257531166077
v 0.3090971112251282 0.7043666839599609 0.8191518783569336
v 0.5546726584434509 0.7043666839599609 0.5735762715339661
v 0.7014463543891907 0.7043666839599609 0.25881892442703247
v 0.731715202331543 0.7043666839599609 -0.08715580403804779
v 0.6418282985687256 0.7043666839599609 -0.42261824011802673
v 0.4426272511482239 0.7043666839599609 -0.7071067690849304
v 0.1581379473209381 -2.292428344488144 -0.9063081741333008
v 0.4426272511482239 -2.292428344488144 -0.7071067690849304
v -0.1773245707154274 -2.292428344488144 -0.9961947798728943
v -0.5232992768287659 -2.292428344488144 -0.9659256339073181
v -0.8380565047264099 -2.292428344488144 -0.8191516399383545
v -1.0836318731307983 -2.292428344488144 -0.5735759735107422
v -1.2304054498672485 -2.292428344488144 -0.25881853699684143
v -1.2606741786003113 -2.292428344488144 0.08715619146823883
v -1.1707871556282043 -2.292428344488144 0.4226185977458954
v -0.9715859293937683 -2.292428344488144 0.7071071863174438
v -0.6870973408222198 -2.292428344488144 0.9063079953193665
v -0.3516348525881767 -2.292428344488144 0.9961947202682495
v -0.005660146474838257 -2.292428344488144 0.9659257531166077
v 0.3090971112251282 -2.292428344488144 0.8191518783569336
v 0.5546726584434509 -2.292428344488144 0.5735762715339661
v 0.7014463543891907 -2.292428344488144 0.25881892442703247
v 0.731715202331543 -2.292428344488144 -0.08715580403804779
v 0.6418282985687256 -2.292428344488144 -0.42261824011802673
v 0.10447323322296143 -2.4136755168437958 -0.7912235260009766
v -0.18839167058467865 -2.4136755168437958 -0.8696961998939514
v -0.4904339015483856 -2.4136755168437958 -0.8432707190513611
v -0.7652226686477661 -2.4136755168437958 -0.71513432264328
v -0.9796143770217896 -2.4136755168437958 -0.5007423162460327
v -1.107750415802002 -2.4136755168437958 -0.22595328092575073
v -1.1341756582260132 -2.4136755168437958 0.07608895748853683
v -1.055702567100525 -2.4136755168437958 0.36895376443862915
v -0.8817962408065796 -2.4136755168437958 0.6173174977302551
v -0.6334325969219208 -2.4136755168437958 0.7912234663963318
v -0.3405677229166031 -2.4136755168437958 0.8696961402893066
v -0.03852549195289612 -2.4136755168437958 0.8432708382606506
v 0.23626327514648438 -2.4136755168437958 0.7151345610618591
v 0.4506552219390869 -2.4136755168437958 0.5007425546646118
v 0.5787913799285889 -2.4136755168437958 0.22595365345478058
v 0.6052166223526001 -2.4136755168437958 -0.07608859241008759
v 0.5267437696456909 -2.4136755168437958 -0.3689534068107605
v 0.3528376817703247 -2.4136755168437958 -0.6173171401023865
v -0.03511852025985718 -2.4136755168437958 -0.491867333650589
v 0.11927828192710876 -2.4136755168437958 -0.38375771045684814
v -0.21717920526862144 -2.4136755168437958 -0.5406501889228821
v -0.4049450159072876 -2.4136755168437958 -0.5242226719856262
v -0.5757685601711273 -2.4136755168437958 -0.44456619024276733
v -0.7090460658073425 -2.4136755168437958 -0.3112885057926178
v -0.7887023687362671 -2.4136755168437958 -0.14046475291252136
v -0.8051297664642334 -2.4136755168437958 0.04730105400085449
v -0.7563466131687164 -2.4136755168437958 0.2293616682291031
v -0.648237019777298 -2.4136755168437958 0.3837580382823944
v -0.4938407391309738 -2.4136755168437958 0.49186739325523376
v -0.31178008019924164 -2.4136755168437958 0.5406502485275269
v -0.12401427328586578 -2.4136755168437958 0.5242228507995605
v 0.04680931568145752 -2.4136755168437958 0.44456642866134644
v 0.18008697032928467 -2.4136755168437958 0.3112887442111969
v 0.259743332862854 -2.4136755168437958 0.14046506583690643
v 0.27617067098617554 -2.4136755168437958 -0.04730075225234032
v 0.22738772630691528 -2.4136755168437958 -0.2293613851070404
v -0.20379257202148438 -2.4136755168437958 -0.13014385104179382
v -0.16294050216674805 -2.4136755168437958 -0.10153895616531372
v -0.2519642859697342 -2.4136755168437958 -0.1430513858795166
v -0.30164551734924316 -2.4136755168437958 -0.13870477676391602
v -0.34684398770332336 -2.4136755168437958 -0.11762833595275879
v -0.38210806250572205 -2.4136755168437958 -0.08236420154571533
v -0.4031844437122345 -2.4136755168437958 -0.03716569393873215
v -0.4075309932231903 -2.4136755168437958 0.012515537440776825
v -0.39462339878082275 -2.4136755168437958 0.06068722903728485
v -0.36601850390434265 -2.4136755168437958 0.10153919458389282
v -0.32516656816005707 -2.4136755168437958 0.13014400005340576
v -0.27699487283825874 -2.4136755168437958 0.14305150508880615
v -0.22731363773345947 -2.4136755168437958 0.13870495557785034
v -0.18211516737937927 -2.4136755168437958 0.11762857437133789
v -0.14685103297233582 -2.4136755168437958 0.08236443996429443
v -0.12577462196350098 -2.4136755168437958 0.037165939807891846
v -0.12142813205718994 -2.4136755168437958 -0.012515295296907425
v -0.13433566689491272 -2.4136755168437958 -0.06068699061870575
v -0.26447954773902893 -2.413675755262375 1.0120371740640621e-7
v 0.40945905447006226 0.9334826469421387 -0.6739385724067688
v 0.5993162393569946 0.9334826469421387 -0.4027945399284363
v 0.6849868297576904 0.9334826469421387 -0.08306759595870972
v 0.6561377644538879 0.9334826469421387 0.24667853116989136
v 0.5162487626075745 0.9334826469421387 0.5466715693473816
v 0.2821924090385437 0.9334826469421387 0.7807280421257019
v -0.01780053973197937 0.9334826469421387 0.9206171631813049
v -0.34754667431116104 0.9334826469421387 0.949466347694397
v -0.6672736704349518 0.9334826469421387 0.8637959361076355
v -0.9384177923202515 0.9334826469421387 0.6739389896392822
v -1.1282750964164734 0.9334826469421387 0.40279486775398254
v -1.2139458060264587 0.9334826469421387 0.08306796848773956
v -1.1850968599319458 0.9334826469421387 -0.2466781586408615
v -1.0452079772949219 0.9334826469421387 -0.5466713309288025
v -0.8111518025398254 0.9334826469421387 -0.7807278037071228
v -0.5111588388681412 0.9334826469421387 -0.9206170439720154
v -0.1814127415418625 0.9334826469421387 -0.949466347694397
v 0.13831427693367004 0.9334826469421387 -0.863796055316925
v 0.08110547065734863 1.1594538688659668 -0.7411110997200012
v -0.19321072101593018 1.1594538688659668 -0.8146136403083801
v -0.47612297534942627 1.1594538688659668 -0.789861798286438
v -0.73350790143013 1.1594538688659668 -0.6698410511016846
v -0.9343211054801941 1.1594538688659668 -0.4690275490283966
v -1.0543416142463684 1.1594538688659668 -0.21164244413375854
v -1.079093098640442 1.1594538688659668 0.07126983255147934
v -1.0055902004241943 1.1594538688659668 0.3455859124660492
v -0.842698335647583 1.1594538688659668 0.5782194137573242
v -0.610064834356308 1.1594538688659668 0.7411109805107117
v -0.33574865013360977 1.1594538688659668 0.8146136403083801
v -0.05283635854721069 1.1594538688659668 0.7898619174957275
v 0.20454862713813782 1.1594538688659668 0.6698412299156189
v 0.4053618907928467 1.1594538688659668 0.4690278470516205
v 0.5253824591636658 1.1594538688659668 0.211642786860466
v 0.5501341223716736 1.1594538688659668 -0.07126949727535248
v 0.4766313433647156 1.1594538688659668 -0.3455856144428253
v 0.313739538192749 1.1594538688659668 -0.5782190561294556
v 0.15199977159500122 1.3409159183502197 -0.4164792597293854
v 0.26932740211486816 1.3409159183502197 -0.24891819059848785
v 0.32226991653442383 1.3409159183502197 -0.05133393034338951
v 0.30444180965423584 1.3409159183502197 0.15244197845458984
v 0.21799346804618835 1.3409159183502197 0.33783113956451416
v 0.07335180044174194 1.3409159183502197 0.4824729263782501
v -0.11203731596469879 1.3409159183502197 0.5689213275909424
v -0.31581322476267815 1.3409159183502197 0.5867494940757751
v -0.5133975446224213 1.3409159183502197 0.5338070392608643
v -0.6809586584568024 1.3409159183502197 0.41647961735725403
v -0.7982863187789917 1.3409159183502197 0.24891845881938934
v -0.8512289524078369 1.3409159183502197 0.05133422091603279
v -0.8334009647369385 1.3409159183502197 -0.15244168043136597
v -0.7469526827335358 1.3409159183502197 -0.33783087134361267
v -0.6023110449314117 1.3409159183502197 -0.482472687959671
v -0.4169219732284546 1.3409159183502197 -0.5689212083816528
v -0.21314608305692673 1.3409159183502197 -0.5867494344711304
v -0.015561774373054504 1.3409159183502197 -0.533807098865509
v -0.0460033118724823 1.3956968784332275 -0.46852484345436096
v -0.21942394226789474 1.3956968784332275 -0.5149925947189331
v -0.39827895164489746 1.3956968784332275 -0.4993446469306946
v -0.5609957575798035 1.3956968784332275 -0.4234684109687805
v -0.6879483759403229 1.3956968784332275 -0.29651564359664917
v -0.7638244032859802 1.3956968784332275 -0.1337987333536148
v -0.7794721126556396 1.3956968784332275 0.045056287199258804
v -0.7330041229724884 1.3956968784332275 0.21847684681415558
v -0.6300251185894012 1.3956968784332275 0.36554601788520813
v -0.4829559773206711 1.3956968784332275 0.4685248136520386
v -0.30953534692525864 1.3956968784332275 0.5149926543235779
v -0.13068032264709473 1.3956968784332275 0.4993447959423065
v 0.03203651309013367 1.3956968784332275 0.4234686493873596
v 0.15898916125297546 1.3956968784332275 0.29651591181755066
v 0.2348652482032776 1.3956968784332275 0.1337990164756775
v 0.25051307678222656 1.3956968784332275 -0.04505600407719612
v 0.20404517650604248 1.3956968784332275 -0.21847659349441528
v 0.10106620192527771 1.3956968784332275 -0.36554569005966187
v 0.07792249321937561 1.4992525577545166 -0.34240198135375977
v 0.1743815839290619 1.4992525577545166 -0.20464423298835754
v 0.21790745854377747 1.4992525577545166 -0.042203377932310104
v 0.20325034856796265 1.4992525577545166 0.12532784044742584
v 0.1321781873703003 1.4992525577545166 0.2777426838874817
v 0.01326325535774231 1.4992525577545166 0.39665767550468445
v -0.13915152847766876 1.4992525577545166 0.4677298963069916
v -0.3066827431321144 1.4992525577545166 0.4823870062828064
v -0.46912363171577454 1.4992525577545166 0.438861221075058
v -0.6068814098834991 1.4992525577545166 0.34240227937698364
v -0.7033405303955078 1.4992525577545166 0.20464448630809784
v -0.7468664944171906 1.4992525577545166 0.04220365360379219
v -0.7322095036506653 1.4992525577545166 -0.12532755732536316
v -0.6611374020576477 1.4992525577545166 -0.2777424156665802
v -0.5422224998474121 1.4992525577545166 -0.39665743708610535
v -0.3898077458143234 1.4992525577545166 -0.46772974729537964
v -0.22227653861045837 1.4992525577545166 -0.4823870062828064
v -0.059835657477378845 1.4992525577545166 -0.438861221075058
v -0.05004310607910156 1.5924525260925293 -0.45986148715019226
v -0.22025705128908157 1.5924525260925293 -0.5054700970649719
v -0.39580491185188293 1.5924525260925293 -0.49011141061782837
v -0.5555129647254944 1.5924525260925293 -0.41563817858695984
v -0.6801181435585022 1.5924525260925293 -0.2910328507423401
v -0.754591166973114 1.5924525260925293 -0.13132469356060028
v -0.7699494957923889 1.5924525260925293 0.04422316700220108
v -0.7243407666683197 1.5924525260925293 0.2144370675086975
v -0.6232659220695496 1.5924525260925293 0.35878679156303406
v -0.478916198015213 1.5924525260925293 0.4598614573478699
v -0.3087022341787815 1.5924525260925293 0.5054699778556824
v -0.13315437734127045 1.5924525260925293 0.4901115596294403
v 0.026553720235824585 1.5924525260925293 0.41563841700553894
v 0.15115892887115479 1.5924525260925293 0.29103314876556396
v 0.22563201189041138 1.5924525260925293 0.13132497668266296
v 0.24099045991897583 1.5924525260925293 -0.0442228838801384
v 0.19538182020187378 1.5924525260925293 -0.21443681418895721
v 0.09430700540542603 1.5924525260925293 -0.3587864935398102
v 0.11644482612609863 1.610574722290039 -0.3809243142604828
v 0.22375613451004028 1.610574722290039 -0.22766797244548798
v 0.2721789479255676 1.610574722290039 -0.046951524913311005
v 0.25587284564971924 1.610574722290039 0.13942797482013702
v 0.17680460214614868 1.610574722290039 0.3089904487133026
v 0.04451102018356323 1.610574722290039 0.44128409028053284
v -0.1250513643026352 1.610574722290039 0.5203523635864258
v -0.3114308565855026 1.610574722290039 0.5366584062576294
v -0.4921473413705826 1.610574722290039 0.4882357716560364
v -0.6454037129878998 1.610574722290039 0.38092461228370667
v -0.7527150809764862 1.610574722290039 0.22766824066638947
v -0.8011379241943359 1.610574722290039 0.046951815485954285
v -0.7848320007324219 1.610574722290039 -0.13942767679691315
v -0.7057638168334961 1.610574722290039 -0.30899012088775635
v -0.573470264673233 1.610574722290039 -0.44128385186195374
v -0.4039079397916794 1.610574722290039 -0.5203522443771362
v -0.21752843633294106 1.610574722290039 -0.5366585850715637
v -0.036811962723731995 1.610574722290039 -0.48823583126068115
v -0.036811962723731995 1.7296638488769531 -0.48823583126068115
v -0.21752843633294106 1.7296638488769531 -0.5366585850715637
v -0.4039079397916794 1.7296638488769531 -0.5203522443771362
v -0.573470264673233 1.7296638488769531 -0.44128385186195374
v -0.7057638168334961 1.7296638488769531 -0.30899012088775635
v -0.7848320007324219 1.7296638488769531 -0.13942767679691315
v -0.8011379241943359 1.7296638488769531 0.046951815485954285
v -0.7527150809764862 1.7296638488769531 0.22766824066638947
v -0.6454037129878998 1.7296638488769531 0.38092461228370667
v -0.4921473413705826 1.7296638488769531 0.4882357716560364
v -0.3114308565855026 1.7296638488769531 0.5366584062576294
v -0.1250513643026352 1.7296638488769531 0.5203523635864258
v 0.04451102018356323 1.7296638488769531 0.44128409028053284
v 0.17680460214614868 1.7296638488769531 0.3089904487133026
v 0.25587284564971924 1.7296638488769531 0.13942797482013702
v 0.2721789479255676 1.7296638488769531 -0.046951524913311005
v 0.22375613451004028 1.7296638488769531 -0.22766797244548798
v 0.11644482612609863 1.7296638488769531 -0.3809243142604828
v 0.0494513213634491 1.7348418235778809 -0.31393080949783325
v 0.13788971304893494 1.7348418235778809 -0.18762779235839844
v 0.1777963638305664 1.7348418235778809 -0.0386941060423851
v 0.1643580198287964 1.7348418235778809 0.1149066686630249
v 0.09919556975364685 1.7348418235778809 0.2546480596065521
v -0.009831428527832031 1.7348418235778809 0.3636751174926758
v -0.1495727226138115 1.7348418235778809 0.4288375973701477
v -0.3031734973192215 1.7348418235778809 0.44227585196495056
v -0.4521072208881378 1.7348418235778809 0.40236935019493103
v -0.578410267829895 1.7348418235778809 0.31393110752105713
v -0.6668486893177032 1.7348418235778809 0.18762804567813873
v -0.7067553400993347 1.7348418235778809 0.03869437426328659
v -0.693317174911499 1.7348418235778809 -0.11490639299154282
v -0.6281547844409943 1.7348418235778809 -0.25464773178100586
v -0.5191278159618378 1.7348418235778809 -0.3636748790740967
v -0.3793865516781807 1.7348418235778809 -0.4288374185562134
v -0.2257857732474804 1.7348418235778809 -0.4422759413719177
v -0.07685205340385437 1.7348418235778809 -0.40236935019493103
v 0.0494513213634491 1.2817859649658203 -0.31393080949783325
v 0.13788971304893494 1.2817859649658203 -0.18762779235839844
v 0.1777963638305664 1.2817859649658203 -0.0386941060423851
v 0.1643580198287964 1.2817859649658203 0.1149066686630249
v 0.09919556975364685 1.2817859649658203 0.2546480596065521
v -0.009831428527832031 1.2817859649658203 0.3636751174926758
v -0.1495727226138115 1.2817859649658203 0.4288375973701477
v -0.3031734973192215 1.2817859649658203 0.44227585196495056
v -0.4521072208881378 1.2817859649658203 0.40236935019493103
v -0.578410267829895 1.2817859649658203 0.31393110752105713
v -0.6668486893177032 1.2817859649658203 0.18762804567813873
v -0.7067553400993347 1.2817859649658203 0.03869437426328659
v -0.693317174911499 1.2817859649658203 -0.11490639299154282
v -0.6281547844409943 1.2817859649658203 -0.25464773178100586
v -0.5191278159618378 1.2817859649658203 -0.3636748790740967
v -0.3793865516781807 1.2817859649658203 -0.4288374185562134
v -0.2257857732474804 1.2817859649658203 -0.4422759413719177
v -0.07685205340385437 1.2817859649658203 -0.40236935019493103
v 0.38654816150665283 0.795074462890625 -0.6510276794433594
v 0.569951057434082 0.795074462890625 -0.3891012966632843
v 0.6527092456817627 0.795074462890625 -0.08024367690086365
v 0.6248407959938049 0.795074462890625 0.23829254508018494
v 0.48970741033554077 0.795074462890625 0.5280872583389282
v 0.2636079788208008 0.795074462890625 0.7541868090629578
v -0.02618652582168579 0.795074462890625 0.8893203139305115
v -0.34472275525331497 0.795074462890625 0.9171885251998901
v -0.6535804569721222 0.795074462890625 0.8344306349754333
v -0.9155068397521973 0.795074462890625 0.651028037071228
v -1.098909854888916 0.795074462890625 0.38910162448883057
v -1.181667983531952 0.795074462890625 0.0802440196275711
v -1.1537999510765076 0.795074462890625 -0.2382921725511551
v -1.018666684627533 0.795074462890625 -0.52808678150177
v -0.7925673127174377 0.795074462890625 -0.7541865706443787
v -0.502772867679596 0.795074462890625 -0.8893200755119324
v -0.18423663079738617 0.795074462890625 -0.9171888828277588
v 0.12462106347084045 0.795074462890625 -0.8344308137893677
v 0.07390397787094116 1.7329516410827637 -0.33838343620300293
v 0.16923096776008606 1.7329516410827637 -0.20224246382713318
v 0.21224603056907654 1.7329516410827637 -0.04170806333422661
v 0.1977609395980835 1.7329516410827637 0.12385694682598114
v 0.12752285599708557 1.7329516410827637 0.2744830250740051
v 0.01000356674194336 1.7329516410827637 0.3920024037361145
v -0.14062242209911346 1.7329516410827637 0.4622404873371124
v -0.3061874359846115 1.7329516410827637 0.4767255187034607
v -0.46672187745571136 1.7329516410827637 0.43371060490608215
v -0.6028628945350647 1.7329516410827637 0.3383837342262268
v -0.6981899440288544 1.7329516410827637 0.20224271714687347
v -0.7412050068378448 1.7329516410827637 0.04170834273099899
v -0.7267200946807861 1.7329516410827637 -0.12385666370391846
v -0.656482070684433 1.7329516410827637 -0.27448269724845886
v -0.5389628112316132 1.7329516410827637 -0.3920021653175354
v -0.3883368670940399 1.7329516410827637 -0.4622403383255005
v -0.22277184575796127 1.7329516410827637 -0.47672560811042786
v -0.06223742663860321 1.7329516410827637 -0.43371063470840454
v -0.052050575613975525 1.5733466148376465 -0.4555564224720001
v 0.0909481942653656 1.5733466148376465 -0.35542765259742737
v -0.22067104652523994 1.5733466148376465 -0.5007380843162537
v -0.39457549154758453 1.5733466148376465 -0.48552316427230835
v -0.5527884066104889 1.5733466148376465 -0.41174712777137756
v -0.6762270927429199 1.5733466148376465 -0.288308322429657
v -0.750002920627594 1.5733466148376465 -0.13009527325630188
v -0.7652174830436707 1.5733466148376465 0.04380916804075241
v -0.72003573179245 1.5733466148376465 0.21242959797382355
v -0.6199071109294891 1.5733466148376465 0.35542795062065125
v -0.47690872848033905 1.5733466148376465 0.45555639266967773
v -0.30828823894262314 1.5733466148376465 0.5007379651069641
v -0.13438379764556885 1.5733466148376465 0.4855233132839203
v 0.023829162120819092 1.5733466148376465 0.41174736618995667
v 0.1472678780555725 1.5733466148376465 0.28830859065055847
v 0.22104376554489136 1.5733466148376465 0.13009557127952576
v 0.23625844717025757 1.5733466148376465 -0.04380888491868973
v 0.19107675552368164 1.5733466148376465 -0.21242932975292206
v 0.1581379473209381 0.6451551914215088 -0.9063081741333008
v 0.4426272511482239 0.6451551914215088 -0.7071067690849304
v -0.1773245707154274 0.6451551914215088 -0.9961947798728943
v -0.5232992768287659 0.6451551914215088 -0.9659256339073181
v -0.8380565047264099 0.6451551914215088 -0.8191516399383545
v -1.0836318731307983 0.6451551914215088 -0.5735759735107422
v -1.2304054498672485 0.6451551914215088 -0.25881853699684143
v -1.2606741786003113 0.6451551914215088 0.08715619146823883
v -1.1707871556282043 0.6451551914215088 0.4226185977458954
v -0.9715859293937683 0.6451551914215088 0.7071071863174438
v -0.6870973408222198 0.6451551914215088 0.9063079953193665
v -0.3516348525881767 0.6451551914215088 0.9961947202682495
v -0.005660146474838257 0.6451551914215088 0.9659257531166077
v 0.3090971112251282 0.6451551914215088 0.8191518783569336
v 0.5546726584434509 0.6451551914215088 0.5735762715339661
v 0.7014463543891907 0.6451551914215088 0.25881892442703247
v 0.731715202331543 0.6451551914215088 -0.08715580403804779
v 0.6418282985687256 0.6451551914215088 -0.42261824011802673
vn 0.5662493410074948 -0.5989351948392713 -0.5662493410074948
vn 0.7257720908918968 -0.598935170920826 -0.33842507755254364
vn 0.7977465364077694 -0.5989432201088815 -0.06976734719775154
vn 0.7735092490380268 -0.5989394189608126 0.20725591443312824
vn 0.6559774063540452 -0.5989372325924391 0.459312348808009
vn 0.459312348808009 -0.5989372325924391 0.6559774063540452
vn 0.20725591443312824 -0.5989394189608126 0.7735092490380268
vn -0.06976734719775154 -0.5989432201088815 0.7977465364077694
vn -0.33842507755254364 -0.598935170920826 0.7257720908918968
vn -0.5662493410074948 -0.5989351948392713 0.5662493410074948
vn -0.7257720908918968 -0.598935170920826 0.33842507755254364
vn -0.7977465364077694 -0.5989432201088815 0.06976734719775154
vn -0.7735092490380268 -0.5989394189608126 -0.20725591443312824
vn -0.6559774063540452 -0.5989372325924391 -0.459312348808009
vn -0.459312348808009 -0.5989372325924391 -0.6559774063540452
vn -0.20725591443312824 -0.5989394189608126 -0.7735092490380268
vn 0.06976734719775154 -0.5989432201088815 -0.7977465364077694
vn 0.33842507755254364 -0.598935170920826 -0.7257720908918968
vn 0.4204640283828363 0.10080515732279378 -0.9016919213862374
vn 0.08670589595728358 0.10080590639533231 -0.9911207075034101
vn -0.2574878386500911 0.10080387638743121 -0.9610091526372535
vn -0.5706477563153804 0.10080487684705455 -0.8149843648905618
vn -0.8149843648905618 0.10080487684705455 -0.5706477563153804
vn -0.9610091526372535 0.10080387638743121 -0.2574878386500911
vn -0.9911207075034101 0.10080590639533231 0.08670589595728358
vn -0.9016919213862374 0.10080515732279378 0.4204640283828363
vn -0.7035048586373476 0.10080589143146085 0.7035048586373476
vn -0.4204640283828363 0.10080515732279378 0.9016919213862374
vn -0.08670589595728358 0.10080590639533231 0.9911207075034101
vn 0.2574878386500911 0.10080387638743121 0.9610091526372535
vn 0.5706477563153804 0.10080487684705455 0.8149843648905618
vn 0.8149843648905618 0.10080487684705455 0.5706477563153804
vn 0.9610091526372535 0.10080387638743121 0.2574878386500911
vn 0.9911207075034101 0.10080590639533231 -0.08670589595728358
vn 0.9016919213862374 0.10080515732279378 -0.4204640283828363
vn 0.7035048586373476 0.10080589143146085 -0.7035048586373476
vn 0.42260643073397225 0 -0.9063133038316785
vn 0.7071067811865476 0 -0.7071067811865476
vn 0.08713136410796478 0 -0.9961968306457741
vn -0.2588021827327411 0 -0.9659303443896815
vn -0.5735709209298554 0 -0.8191559062008144
vn -0.8191559062008144 0 -0.5735709209298554
vn -0.9659303443896815 0 -0.2588021827327411
vn -0.9961968306457741 0 0.08713136410796478
vn -0.9063133038316785 0 0.42260643073397225
vn -0.7071067811865476 0 0.7071067811865476
vn -0.42260643073397225 0 0.9063133038316785
vn -0.08713136410796478 0 0.9961968306457741
vn 0.2588021827327411 0 0.9659303443896815
vn 0.5735709209298554 0 0.8191559062008144
vn 0.8191559062008144 0 0.5735709209298554
vn 0.9659303443896815 0 0.2588021827327411
vn 0.9961968306457741 0 -0.08713136410796478
vn 0.9063133038316785 0 -0.42260643073397225
vn 0.062441767904811346 -0.989027501613298 -0.13388661872449947
vn 0.01284849450446985 -0.9890288655302046 -0.14716256092160523
vn -0.03824018475901112 -0.9890260740837206 -0.14270638756600765
vn -0.08472077438813819 -0.9890295663300913 -0.12100788119782052
vn -0.12100788119782052 -0.9890295663300913 -0.08472077438813819
vn -0.14270638756600765 -0.9890260740837206 -0.03824018475901112
vn -0.14716256092160523 -0.9890288655302046 0.01284849450446985
vn -0.13388661872449947 -0.989027501613298 0.062441767904811346
vn -0.10446626128144687 -0.9890265924168838 0.10446626128144687
vn -0.062441767904811346 -0.989027501613298 0.13388661872449947
vn -0.01284849450446985 -0.9890288655302046 0.14716256092160523
vn 0.03824018475901112 -0.9890260740837206 0.14270638756600765
vn 0.08472077438813819 -0.9890295663300913 0.12100788119782052
vn 0.12100788119782052 -0.9890295663300913 0.08472077438813819
vn 0.14270638756600765 -0.9890260740837206 0.03824018475901112
vn 0.14716256092160523 -0.9890288655302046 -0.01284849450446985
vn 0.13388661872449947 -0.989027501613298 -0.062441767904811346
vn 0.10446626128144687 -0.9890265924168838 -0.10446626128144687
vn 0 -1 0
vn 0 -1 0
vn 0 -1 0
vn 0 -1 0
vn 0 -1 0
vn 0 -1 0
vn 0 -1 0
vn 0 -1 0
vn 0 -1 0
vn 0 -1 0
vn 0 -1 0
vn 0 -1 0
vn 0 -1 0
vn 0 -1 0
vn 0 -1 0
vn 0 -1 0
vn 0 -1 0
vn 0 -1 0
vn 0 -1 0
vn 0 -1 0
vn 0 -1 0
vn 0 -1 0
vn 0 -1 0
vn 0 -1 0
vn 0 -1 0
vn 0 -1 0
vn 0 -1 0
vn 0 -1 0
vn 0 -1 0
vn 0 -1 0
vn 0 -1 0
vn 0 -1 0
vn 0 -1 0
vn 0 -1 0
vn 0 -1 0
vn 0 -1 0
vn 0 -1 0
vn 0.6589684443260014 0.36265848778863463 -0.6589684443260014
vn 0.8446099553424158 0.36265583070000734 -0.39384612705442484
vn 0.9283787999392986 0.362653688013711 -0.08121026039437193
vn 0.9001678251798556 0.36266126003852295 0.24119431373529504
vn 0.7633880005040794 0.3626649834883061 0.53452115995329
vn 0.53452115995329 0.3626649834883061 0.7633880005040794
vn 0.24119431373529504 0.36266126003852295 0.9001678251798556
vn -0.08121026039437193 0.362653688013711 0.9283787999392986
vn -0.39384612705442484 0.36265583070000734 0.8446099553424158
vn -0.6589684443260014 0.36265848778863463 0.6589684443260014
vn -0.8446099553424158 0.36265583070000734 0.39384612705442484
vn -0.9283787999392986 0.362653688013711 0.08121026039437193
vn -0.9001678251798556 0.36266126003852295 -0.24119431373529504
vn -0.7633880005040794 0.3626649834883061 -0.53452115995329
vn -0.53452115995329 0.3626649834883061 -0.7633880005040794
vn -0.24119431373529504 0.36266126003852295 -0.9001678251798556
vn 0.08121026039437193 0.362653688013711 -0.9283787999392986
vn 0.39384612705442484 0.36265583070000734 -0.8446099553424158
vn 0.3176099700042946 0.6596961091201197 -0.6811203642276792
vn 0.0654942311795781 0.659703342693503 -0.7486668186324372
vn -0.19449770402033423 0.6596991316066618 -0.7259254086255934
vn -0.43105711104041133 0.6597090742215745 -0.6156084018361083
vn -0.6156273541226313 0.659696679996316 -0.4310490125934711
vn -0.7259254086255934 0.6596991316066618 -0.19449770402033423
vn -0.7486668186324372 0.659703342693503 0.0654942311795781
vn -0.6811203642276792 0.6596961091201197 0.3176099700042946
vn -0.5314054412382454 0.6597094163681246 0.5314054412382454
vn -0.3176099700042946 0.6596961091201197 0.6811203642276792
vn -0.0654942311795781 0.659703342693503 0.7486668186324372
vn 0.19449770402033423 0.6596991316066618 0.7259254086255934
vn 0.43105711104041133 0.6597090742215745 0.6156084018361083
vn 0.6156273541226313 0.659696679996316 0.4310490125934711
vn 0.7259254086255934 0.6596991316066618 0.19449770402033423
vn 0.7486668186324372 0.659703342693503 -0.0654942311795781
vn 0.6811203642276792 0.6596961091201197 -0.3176099700042946
vn 0.5314054412382454 0.6597094163681246 -0.5314054412382454
vn 0.4337673403292099 0.7897415963006171 -0.4337673403292099
vn 0.5559642684256947 0.789739609346079 -0.25925871569493025
vn 0.6111113514489886 0.7897387064029968 -0.05343867269227406
vn 0.5925515967860553 0.789733099953464 0.15875842019933434
vn 0.5024973403660096 0.7897433200322761 0.351854957886747
vn 0.351854957886747 0.7897433200322761 0.5024973403660096
vn 0.15875842019933434 0.789733099953464 0.5925515967860553
vn -0.05343867269227406 0.7897387064029968 0.6111113514489886
vn -0.25925871569493025 0.789739609346079 0.5559642684256947
vn -0.4337673403292099 0.7897415963006171 0.4337673403292099
vn -0.5559642684256947 0.789739609346079 0.25925871569493025
vn -0.6111113514489886 0.7897387064029968 0.05343867269227406
vn -0.5925515967860553 0.789733099953464 -0.15875842019933434
vn -0.5024973403660096 0.7897433200322761 -0.351854957886747
vn -0.351854957886747 0.7897433200322761 -0.5024973403660096
vn -0.15875842019933434 0.789733099953464 -0.5925515967860553
vn 0.05343867269227406 0.7897387064029968 -0.6111113514489886
vn 0.25925871569493025 0.789739609346079 -0.5559642684256947
vn 0.34526192483906937 0.5766877838946888 -0.7404224491214819
vn 0.07120120002151813 0.5766900077348995 -0.8138544243869521
vn -0.21143576458188837 0.576687370713394 -0.7891302768968789
vn -0.4685888276380102 0.5766871273062616 -0.6692207915270466
vn -0.6692207915270466 0.5766871273062616 -0.4685888276380102
vn -0.7891302768968789 0.576687370713394 -0.21143576458188837
vn -0.8138544243869521 0.5766900077348995 0.07120120002151813
vn -0.7404224491214819 0.5766877838946888 0.34526192483906937
vn -0.5776756383110625 0.576698980234761 0.5776756383110625
vn -0.34526192483906937 0.5766877838946888 0.7404224491214819
vn -0.07120120002151813 0.5766900077348995 0.8138544243869521
vn 0.21143576458188837 0.576687370713394 0.7891302768968789
vn 0.4685888276380102 0.5766871273062616 0.6692207915270466
vn 0.6692207915270466 0.5766871273062616 0.4685888276380102
vn 0.7891302768968789 0.576687370713394 0.21143576458188837
vn 0.8138544243869521 0.5766900077348995 -0.07120120002151813
vn 0.7404224491214819 0.5766877838946888 -0.34526192483906937
vn 0.5776756383110625 0.576698980234761 -0.5776756383110625
vn 0.7067607209530351 0.031282049739297914 -0.7067607209530351
vn 0.9058635820339607 0.03128192610256107 -0.42241284526386713
vn 0.9957082376558164 0.0312818273722462 -0.08710081940258395
vn 0.9654554076241008 0.03128253716051489 0.25868370408315705
vn 0.8187535500102108 0.031281585478983236 0.5732923222541868
vn 0.5732923222541868 0.031281585478983236 0.8187535500102108
vn 0.25868370408315705 0.03128253716051489 0.9654554076241008
vn -0.08710081940258395 0.0312818273722462 0.9957082376558164
vn -0.42241284526386713 0.03128192610256107 0.9058635820339607
vn -0.7067607209530351 0.031282049739297914 0.7067607209530351
vn -0.9058635820339607 0.03128192610256107 0.42241284526386713
vn -0.9957082376558164 0.0312818273722462 0.08710081940258395
vn -0.9654554076241008 0.03128253716051489 -0.25868370408315705
vn -0.8187535500102108 0.031281585478983236 -0.5732923222541868
vn -0.5733066470736075 0.03128236711000425 -0.8187434897018804
vn -0.25868370408315705 0.03128253716051489 -0.9654554076241008
vn 0.08710081940258395 0.0312818273722462 -0.9957082376558164
vn 0.42241284526386713 0.03128192610256107 -0.9058635820339607
vn 0.33717464320627477 -0.6028736672199387 -0.7230882389802119
vn 0.06952377891516695 -0.6028853110491875 -0.7947928949647697
vn -0.20649438606740464 -0.6028806095496718 -0.7706458584535842
vn -0.45761079740728955 -0.6028840697369635 -0.6535465986092045
vn -0.6535465986092045 -0.6028840697369635 -0.45761079740728955
vn -0.7706458584535842 -0.6028806095496718 -0.20649438606740464
vn -0.7947928949647697 -0.6028853110491875 0.06952377891516695
vn -0.7230882389802119 -0.6028736672199387 0.33717464320627477
vn -0.5641518063181008 -0.6028809823307151 0.5641518063181008
vn -0.33717464320627477 -0.6028736672199387 0.7230882389802119
vn -0.06952377891516695 -0.6028853110491875 0.7947928949647697
vn 0.20649438606740464 -0.6028806095496718 0.7706458584535842
vn 0.45761079740728955 -0.6028840697369635 0.6535465986092045
vn 0.6535465986092045 -0.6028840697369635 0.45761079740728955
vn 0.7706458584535842 -0.6028806095496718 0.20649438606740464
vn 0.7947928949647697 -0.6028853110491875 -0.06952377891516695
vn 0.7230882389802119 -0.6028736672199387 -0.33717464320627477
vn 0.5641518063181008 -0.6028809823307151 -0.5641518063181008
vn 0.6113971178959623 -0.5023814571190118 -0.6113971178959623
vn 0.7836422752717399 -0.5023770448909755 -0.36540674483859953
vn 0.8613630933502108 -0.5023702358957252 -0.07535096217188954
vn 0.8351911640928392 -0.5023781708029986 0.22376749746529584
vn 0.7082861168121455 -0.5023740572180921 0.4959345555266389
vn 0.4959345555266389 -0.5023740572180921 0.7082861168121455
vn 0.22376749746529584 -0.5023781708029986 0.8351911640928392
vn -0.07535096217188954 -0.5023702358957252 0.8613630933502108
vn -0.36540674483859953 -0.5023770448909755 0.7836422752717399
vn -0.6113971178959623 -0.5023814571190118 0.6113971178959623
vn -0.7836422752717399 -0.5023770448909755 0.36540674483859953
vn -0.8613630933502108 -0.5023702358957252 0.07535096217188954
vn -0.8351911640928392 -0.5023781708029986 -0.22376749746529584
vn -0.7082861168121455 -0.5023740572180921 -0.4959345555266389
vn -0.4959345555266389 -0.5023740572180921 -0.7082861168121455
vn -0.22376749746529584 -0.5023781708029986 -0.8351911640928392
vn 0.07535096217188954 -0.5023702358957252 -0.8613630933502108
vn 0.36540674483859953 -0.5023770448909755 -0.7836422752717399
vn 0.30476081122208315 0.6927769520357809 -0.653590806752414
vn 0.06283805194656611 0.6927750757468191 -0.718410797282133
vn -0.18662572591290805 0.6927889052414755 -0.696573306409166
vn -0.41362656817183824 0.6927855849500665 -0.5907293757616778
vn -0.5907293757616778 0.6927855849500665 -0.41362656817183824
vn -0.696573306409166 0.6927889052414755 -0.18662572591290805
vn -0.718410797282133 0.6927750757468191 0.06283805194656611
vn -0.653590806752414 0.6927769520357809 0.30476081122208315
vn -0.5099349360426266 0.6927717676164383 0.5099349360426266
vn -0.30476081122208315 0.6927769520357809 0.653590806752414
vn -0.06283805194656611 0.6927750757468191 0.718410797282133
vn 0.18662572591290805 0.6927889052414755 0.696573306409166
vn 0.41362656817183824 0.6927855849500665 0.5907293757616778
vn 0.5907293757616778 0.6927855849500665 0.41362656817183824
vn 0.696573306409166 0.6927889052414755 0.18662572591290805
vn 0.718410797282133 0.6927750757468191 -0.06283805194656611
vn 0.653590806752414 0.6927769520357809 -0.30476081122208315
vn 0.5099349360426266 0.6927717676164383 -0.5099349360426266
vn -0.482014441784374 0.731658496720018 0.482014441784374
vn -0.6178005054339912 0.7316677484409713 0.28807089644187334
vn -0.6790767438829087 0.7316608659280961 0.05938984077041373
vn -0.6584438879467011 0.7316586071082073 -0.17642938834023705
vn -0.5583818007130168 0.7316706140526477 -0.3909832185200668
vn -0.3909832185200668 0.7316706140526477 -0.5583818007130168
vn -0.17642938834023705 0.7316586071082073 -0.6584438879467011
vn 0.05938984077041373 0.7316608659280961 -0.6790767438829087
vn 0.28807089644187334 0.7316677484409713 -0.6178005054339912
vn 0.482014441784374 0.731658496720018 -0.482014441784374
vn 0.6178005054339912 0.7316677484409713 -0.28807089644187334
vn 0.6790767438829087 0.7316608659280961 -0.05938984077041373
vn 0.6584474328987155 0.731662546236052 0.17639982013729139
vn 0.5583818007130168 0.7316706140526477 0.3909832185200668
vn 0.3909832185200668 0.7316706140526477 0.5583818007130168
vn 0.17642938834023705 0.7316586071082073 0.6584438879467011
vn -0.05938984077041373 0.7316608659280961 0.6790767438829087
vn -0.28807089644187334 0.7316677484409713 0.6178005054339912
vn -0.6542696472873727 -0.37929204747386114 0.6542696472873727
vn -0.8385815361590115 -0.3792950928910339 0.3910450609865496
vn -0.9217590165220785 -0.3792875099134372 0.08063064109825045
vn -0.8937489075267799 -0.3792901069809221 -0.23948257774019335
vn -0.7579506714255768 -0.37929578021502797 -0.5307028271986033
vn -0.5307028271986033 -0.37929578021502797 -0.7579506714255768
vn -0.23948257774019335 -0.3792901069809221 -0.8937489075267799
vn 0.08063064109825045 -0.3792875099134372 -0.9217590165220785
vn 0.3910450609865496 -0.3792950928910339 -0.8385815361590115
vn 0.6542696472873727 -0.37929204747386114 -0.6542696472873727
vn 0.8385815361590115 -0.3792950928910339 -0.3910450609865496
vn 0.9217590165220785 -0.3792875099134372 -0.08063064109825045
vn 0.8937554391867255 -0.3792928788936804 0.23945380962659024
vn 0.7579506714255768 -0.37929578021502797 0.5307028271986033
vn 0.5307028271986033 -0.37929578021502797 0.7579506714255768
vn 0.23948257774019335 -0.3792901069809221 0.8937489075267799
vn -0.08063064109825045 -0.3792875099134372 0.9217590165220785
vn -0.3910450609865496 -0.3792950928910339 0.8385815361590115
vn -0.5051531351459082 -0.6997432529896376 0.5051531351459082
vn -0.6474668181117229 -0.6997463847042487 0.30189686407383354
vn -0.71167627997271 -0.6997432947752714 0.06225908721827333
vn -0.6900625052266602 -0.6997369947645603 -0.18488341471902553
vn -0.5852047022771223 -0.6997430296859882 -0.4097501053552259
vn -0.4097501053552259 -0.6997430296859882 -0.5852047022771223
vn -0.18488341471902553 -0.6997369947645603 -0.6900625052266602
vn 0.06225908721827333 -0.6997432947752714 -0.71167627997271
vn 0.30189686407383354 -0.6997463847042487 -0.6474668181117229
vn 0.5051531351459082 -0.6997432529896376 -0.5051531351459082
vn 0.6474668181117229 -0.6997463847042487 -0.30189686407383354
vn 0.71167627997271 -0.6997432947752714 -0.06225908721827333
vn 0.6900625052266602 -0.6997369947645603 0.18488341471902553
vn 0.5852047022771223 -0.6997430296859882 0.4097501053552259
vn 0.4097501053552259 -0.6997430296859882 0.5852047022771223
vn 0.1848873082704762 -0.699751730872692 0.6900465189979365
vn -0.06225908721827333 -0.6997432947752714 0.71167627997271
vn -0.30189686407383354 -0.6997463847042487 0.6474668181117229
vn 0.03857563671690605 0.9985108114105578 -0.03857563671690605
vn 0.04944031615678453 0.9985112610463821 -0.023041629757484562
vn 0.054353788618828495 0.9985105352500218 -0.004730397181512789
vn 0.05270578145465634 0.9985105411954839 0.014099635554011367
vn 0.04467940731216735 0.9985114954583141 0.03128168793135645
vn 0.03128168793135645 0.9985114954583141 0.04467940731216735
vn 0.014099635554011367 0.9985105411954839 0.05270578145465634
vn -0.004730397181512789 0.9985105352500218 0.054353788618828495
vn -0.023041629757484562 0.9985112610463821 0.04944031615678453
vn -0.03857563671690605 0.9985108114105578 0.03857563671690605
vn -0.04944031615678453 0.9985112610463821 0.023041629757484562
vn -0.054353788618828495 0.9985105352500218 0.004730397181512789
vn -0.05270578145465634 0.9985105411954839 -0.014099635554011367
vn -0.04467940731216735 0.9985114954583141 -0.03128168793135645
vn -0.03128168793135645 0.9985114954583141 -0.04467940731216735
vn -0.014099635554011367 0.9985105411954839 -0.05270578145465634
vn 0.004730397181512789 0.9985105352500218 -0.054353788618828495
vn 0.023041629757484562 0.9985112610463821 -0.04944031615678453
vn 0.4101216156977174 -0.24125698354295363 -0.8795426813004864
vn 0.6862204491799472 -0.24125295905862548 -0.6862204491799472
vn 0.08456979941326402 -0.2412574102736077 -0.9667692646207121
vn -0.2511723726621352 -0.2412536625033727 -0.9373948525247949
vn -0.5566343115414757 -0.24125194409707507 -0.7949564407463651
vn -0.7949564407463651 -0.24125194409707507 -0.5566343115414757
vn -0.9373948525247949 -0.2412536625033727 -0.2511723726621352
vn -0.9667692646207121 -0.2412574102736077 0.08456979941326402
vn -0.8795426813004864 -0.24125698354295363 0.4101216156977174
vn -0.6862204491799472 -0.24125295905862548 0.6862204491799472
vn -0.4101216156977174 -0.24125698354295363 0.8795426813004864
vn -0.08456979941326402 -0.2412574102736077 0.9667692646207121
vn 0.2511723726621352 -0.2412536625033727 0.9373948525247949
vn 0.5566343115414757 -0.24125194409707507 0.7949564407463651
vn 0.7949564407463651 -0.24125194409707507 0.5566343115414757
vn 0.9373948525247949 -0.2412536625033727 0.2511723726621352
vn 0.9667692646207121 -0.2412574102736077 -0.08456979941326402
vn 0.8795426813004864 -0.24125698354295363 -0.4101216156977174
vn 0.42260643073397225 0 -0.9063133038316785
vn 0.7071067811865476 0 -0.7071067811865476
vn 0.08713136410796478 0 -0.9961968306457741
vn -0.2588021827327411 0 -0.9659303443896815
vn -0.5735709209298554 0 -0.8191559062008144
vn -0.8191559062008144 0 -0.5735709209298554
vn -0.9659303443896815 0 -0.2588021827327411
vn -0.9961968306457741 0 0.08713136410796478
vn -0.9063133038316785 0 0.42260643073397225
vn -0.7071067811865476 0 0.7071067811865476
vn -0.42260643073397225 0 0.9063133038316785
vn -0.08713136410796478 0 0.9961968306457741
vn 0.2588021827327411 0 0.9659303443896815
vn 0.5735709209298554 0 0.8191559062008144
vn 0.8191559062008144 0 0.5735709209298554
vn 0.9659303443896815 0 0.2588021827327411
vn 0.9961968306457741 0 -0.08713136410796478
vn 0.9063133038316785 0 -0.42260643073397225
f 38//38 1//1 18//18
f 38//38 18//18 37//37
f 17//17 39//39 37//37
f 17//17 37//37 18//18
f 16//16 40//40 39//39
f 16//16 39//39 17//17
f 15//15 41//41 40//40
f 15//15 40//40 16//16
f 14//14 42//42 41//41
f 14//14 41//41 15//15
f 13//13 43//43 42//42
f 13//13 42//42 14//14
f 12//12 44//44 43//43
f 12//12 43//43 13//13
f 11//11 45//45 44//44
f 11//11 44//44 12//12
f 10//10 46//46 45//45
f 10//10 45//45 11//11
f 9//9 47//47 46//46
f 9//9 46//46 10//10
f 8//8 48//48 47//47
f 8//8 47//47 9//9
f 7//7 49//49 48//48
f 7//7 48//48 8//8
f 6//6 50//50 49//49
f 6//6 49//49 7//7
f 5//5 51//51 50//50
f 5//5 50//50 6//6
f 4//4 52//52 51//51
f 4//4 51//51 5//5
f 3//3 53//53 52//52
f 3//3 52//52 4//4
f 2//2 54//54 53//53
f 2//2 53//53 3//3
f 1//1 38//38 54//54
f 1//1 54//54 2//2
f 18//18 1//1 72//72
f 18//18 72//72 55//55
f 17//17 18//18 55//55
f 17//17 55//55 56//56
f 16//16 17//17 56//56
f 16//16 56//56 57//57
f 15//15 16//16 57//57
f 15//15 57//57 58//58
f 14//14 15//15 58//58
f 14//14 58//58 59//59
f 13//13 14//14 59//59
f 13//13 59//59 60//60
f 12//12 13//13 60//60
f 12//12 60//60 61//61
f 11//11 12//12 61//61
f 11//11 61//61 62//62
f 10//10 11//11 62//62
f 10//10 62//62 63//63
f 9//9 10//10 63//63
f 9//9 63//63 64//64
f 8//8 9//9 64//64
f 8//8 64//64 65//65
f 7//7 8//8 65//65
f 7//7 65//65 66//66
f 6//6 7//7 66//66
f 6//6 66//66 67//67
f 5//5 6//6 67//67
f 5//5 67//67 68//68
f 4//4 5//5 68//68
f 4//4 68//68 69//69
f 3//3 4//4 69//69
f 3//3 69//69 70//70
f 2//2 3//3 70//70
f 2//2 70//70 71//71
f 1//1 2//2 71//71
f 1//1 71//71 72//72
f 55//55 72//72 74//74
f 55//55 74//74 73//73
f 56//56 55//55 73//73
f 56//56 73//73 75//75
f 57//57 56//56 75//75
f 57//57 75//75 76//76
f 58//58 57//57 76//76
f 58//58 76//76 77//77
f 59//59 58//58 77//77
f 59//59 77//77 78//78
f 60//60 59//59 78//78
f 60//60 78//78 79//79
f 61//61 60//60 79//79
f 61//61 79//79 80//80
f 62//62 61//61 80//80
f 62//62 80//80 81//81
f 63//63 62//62 81//81
f 63//63 81//81 82//82
f 64//64 63//63 82//82
f 64//64 82//82 83//83
f 65//65 64//64 83//83
f 65//65 83//83 84//84
f 66//66 65//65 84//84
f 66//66 84//84 85//85
f 67//67 66//66 85//85
f 67//67 85//85 86//86
f 68//68 67//67 86//86
f 68//68 86//86 87//87
f 69//69 68//68 87//87
f 69//69 87//87 88//88
f 70//70 69//69 88//88
f 70//70 88//88 89//89
f 71//71 70//70 89//89
f 71//71 89//89 90//90
f 72//72 71//71 90//90
f 72//72 90//90 74//74
f 73//73 74//74 92//92
f 73//73 92//92 91//91
f 75//75 73//73 91//91
f 75//75 91//91 93//93
f 76//76 75//75 93//93
f 76//76 93//93 94//94
f 77//77 76//76 94//94
f 77//77 94//94 95//95
f 78//78 77//77 95//95
f 78//78 95//95 96//96
f 79//79 78//78 96//96
f 79//79 96//96 97//97
f 80//80 79//79 97//97
f 80//80 97//97 98//98
f 81//81 80//80 98//98
f 81//81 98//98 99//99
f 82//82 81//81 99//99
f 82//82 99//99 100//100
f 83//83 82//82 100//100
f 83//83 100//100 101//101
f 84//84 83//83 101//101
f 84//84 101//101 102//102
f 85//85 84//84 102//102
f 85//85 102//102 103//103
f 86//86 85//85 103//103
f 86//86 103//103 104//104
f 87//87 86//86 104//104
f 87//87 104//104 105//105
f 88//88 87//87 105//105
f 88//88 105//105 106//106
f 89//89 88//88 106//106
f 89//89 106//106 107//107
f 90//90 89//89 107//107
f 90//90 107//107 108//108
f 74//74 90//90 108//108
f 74//74 108//108 92//92
f 91//91 92//92 109//109
f 93//93 91//91 109//109
f 94//94 93//93 109//109
f 95//95 94//94 109//109
f 96//96 95//95 109//109
f 97//97 96//96 109//109
f 98//98 97//97 109//109
f 99//99 98//98 109//109
f 100//100 99//99 109//109
f 101//101 100//100 109//109
f 102//102 101//101 109//109
f 103//103 102//102 109//109
f 104//104 103//103 109//109
f 105//105 104//104 109//109
f 106//106 105//105 109//109
f 107//107 106//106 109//109
f 108//108 107//107 109//109
f 92//92 108//108 109//109
f 35//35 36//36 110//110
f 35//35 110//110 111//111
f 34//34 35//35 111//111
f 34//34 111//111 112//112
f 33//33 34//34 112//112
f 33//33 112//112 113//113
f 32//32 33//33 113//113
f 32//32 113//113 114//114
f 31//31 32//32 114//114
f 31//31 114//114 115//115
f 30//30 31//31 115//115
f 30//30 115//115 116//116
f 29//29 30//30 116//116
f 29//29 116//116 117//117
f 28//28 29//29 117//117
f 28//28 117//117 118//118
f 27//27 28//28 118//118
f 27//27 118//118 119//119
f 26//26 27//27 119//119
f 26//26 119//119 120//120
f 25//25 26//26 120//120
f 25//25 120//120 121//121
f 24//24 25//25 121//121
f 24//24 121//121 122//122
f 23//23 24//24 122//122
f 23//23 122//122 123//123
f 22//22 23//23 123//123
f 22//22 123//123 124//124
f 21//21 22//22 124//124
f 21//21 124//124 125//125
f 20//20 21//21 125//125
f 20//20 125//125 126//126
f 19//19 20//20 126//126
f 19//19 126//126 127//127
f 36//36 19//19 127//127
f 36//36 127//127 110//110
f 110//110 127//127 128//128
f 110//110 128//128 145//145
f 127//127 126//126 129//129
f 127//127 129//129 128//128
f 126//126 125//125 130//130
f 126//126 130//130 129//129
f 125//125 124//124 131//131
f 125//125 131//131 130//130
f 124//124 123//123 132//132
f 124//124 132//132 131//131
f 123//123 122//122 133//133
f 123//123 133//133 132//132
f 122//122 121//121 134//134
f 122//122 134//134 133//133
f 121//121 120//120 135//135
f 121//121 135//135 134//134
f 120//120 119//119 136//136
f 120//120 136//136 135//135
f 119//119 118//118 137//137
f 119//119 137//137 136//136
f 118//118 117//117 138//138
f 118//118 138//138 137//137
f 117//117 116//116 139//139
f 117//117 139//139 138//138
f 116//116 115//115 140//140
f 116//116 140//140 139//139
f 115//115 114//114 141//141
f 115//115 141//141 140//140
f 114//114 113//113 142//142
f 114//114 142//142 141//141
f 113//113 112//112 143//143
f 113//113 143//143 142//142
f 112//112 111//111 144//144
f 112//112 144//144 143//143
f 111//111 110//110 145//145
f 111//111 145//145 144//144
f 144//144 145//145 146//146
f 144//144 146//146 147//147
f 143//143 144//144 147//147
f 143//143 147//147 148//148
f 142//142 143//143 148//148
f 142//142 148//148 149//149
f 141//141 142//142 149//149
f 141//141 149//149 150//150
f 140//140 141//141 150//150
f 140//140 150//150 151//151
f 139//139 140//140 151//151
f 139//139 151//151 152//152
f 138//138 139//139 152//152
f 138//138 152//152 153//153
f 137//137 138//138 153//153
f 137//137 153//153 154//154
f 136//136 137//137 154//154
f 136//136 154//154 155//155
f 135//135 136//136 155//155
f 135//135 155//155 156//156
f 134//134 135//135 156//156
f 134//134 156//156 157//157
f 133//133 134//134 157//157
f 133//133 157//157 158//158
f 132//132 133//133 158//158
f 132//132 158//158 159//159
f 131//131 132//132 159//159
f 131//131 159//159 160//160
f 130//130 131//131 160//160
f 130//130 160//160 161//161
f 129//129 130//130 161//161
f 129//129 161//161 162//162
f 128//128 129//129 162//162
f 128//128 162//162 163//163
f 145//145 128//128 163//163
f 145//145 163//163 146//146
f 146//146 163//163 164//164
f 146//146 164//164 181//181
f 163//163 162//162 165//165
f 163//163 165//165 164//164
f 162//162 161//161 166//166
f 162//162 166//166 165//165
f 161//161 160//160 167//167
f 161//161 167//167 166//166
f 160//160 159//159 168//168
f 160//160 168//168 167//167
f 159//159 158//158 169//169
f 159//159 169//169 168//168
f 158//158 157//157 170//170
f 158//158 170//170 169//169
f 157//157 156//156 171//171
f 157//157 171//171 170//170
f 156//156 155//155 172//172
f 156//156 172//172 171//171
f 155//155 154//154 173//173
f 155//155 173//173 172//172
f 154//154 153//153 174//174
f 154//154 174//174 173//173
f 153//153 152//152 175//175
f 153//153 175//175 174//174
f 152//152 151//151 176//176
f 152//152 176//176 175//175
f 151//151 150//150 177//177
f 151//151 177//177 176//176
f 150//150 149//149 178//178
f 150//150 178//178 177//177
f 149//149 148//148 179//179
f 149//149 179//179 178//178
f 148//148 147//147 180//180
f 148//148 180//180 179//179
f 147//147 146//146 181//181
f 147//147 181//181 180//180
f 180//180 181//181 182//182
f 180//180 182//182 183//183
f 179//179 180//180 183//183
f 179//179 183//183 184//184
f 178//178 179//179 184//184
f 178//178 184//184 185//185
f 177//177 178//178 185//185
f 177//177 185//185 186//186
f 176//176 177//177 186//186
f 176//176 186//186 187//187
f 175//175 176//176 187//187
f 175//175 187//187 188//188
f 174//174 175//175 188//188
f 174//174 188//188 189//189
f 173//173 174//174 189//189
f 173//173 189//189 190//190
f 172//172 173//173 190//190
f 172//172 190//190 191//191
f 171//171 172//172 191//191
f 171//171 191//191 192//192
f 170//170 171//171 192//192
f 170//170 192//192 193//193
f 169//169 170//170 193//193
f 169//169 193//193 194//194
f 168//168 169//169 194//194
f 168//168 194//194 195//195
f 167//167 168//168 195//195
f 167//167 195//195 196//196
f 166//166 167//167 196//196
f 166//166 196//196 197//197
f 165//165 166//166 197//197
f 165//165 197//197 198//198
f 164//164 165//165 198//198
f 164//164 198//198 199//199
f 181//181 164//164 199//199
f 181//181 199//199 182//182
f 216//216 217//217 218//218
f 216//216 218//218 219//219
f 215//215 216//216 219//219
f 215//215 219//219 220//220
f 214//214 215//215 220//220
f 214//214 220//220 221//221
f 213//213 214//214 221//221
f 213//213 221//221 222//222
f 212//212 213//213 222//222
f 212//212 222//222 223//223
f 211//211 212//212 223//223
f 211//211 223//223 224//224
f 210//210 211//211 224//224
f 210//210 224//224 225//225
f 209//209 210//210 225//225
f 209//209 225//225 226//226
f 208//208 209//209 226//226
f 208//208 226//226 227//227
f 207//207 208//208 227//227
f 207//207 227//227 228//228
f 206//206 207//207 228//228
f 206//206 228//228 229//229
f 205//205 206//206 229//229
f 205//205 229//229 230//230
f 204//204 205//205 230//230
f 204//204 230//230 231//231
f 203//203 204//204 231//231
f 203//203 231//231 232//232
f 202//202 203//203 232//232
f 202//202 232//232 233//233
f 201//201 202//202 233//233
f 201//201 233//233 234//234
f 200//200 201//201 234//234
f 200//200 234//234 235//235
f 217//217 200//200 235//235
f 217//217 235//235 218//218
f 218//218 235//235 236//236
f 218//218 236//236 253//253
f 235//235 234//234 237//237
f 235//235 237//237 236//236
f 234//234 233//233 238//238
f 234//234 238//238 237//237
f 233//233 232//232 239//239
f 233//233 239//239 238//238
f 232//232 231//231 240//240
f 232//232 240//240 239//239
f 231//231 230//230 241//241
f 231//231 241//241 240//240
f 230//230 229//229 242//242
f 230//230 242//242 241//241
f 229//229 228//228 243//243
f 229//229 243//243 242//242
f 228//228 227//227 244//244
f 228//228 244//244 243//243
f 227//227 226//226 245//245
f 227//227 245//245 244//244
f 226//226 225//225 246//246
f 226//226 246//246 245//245
f 225//225 224//224 247//247
f 225//225 247//247 246//246
f 224//224 223//223 248//248
f 224//224 248//248 247//247
f 223//223 222//222 249//249
f 223//223 249//249 248//248
f 222//222 221//221 250//250
f 222//222 250//250 249//249
f 221//221 220//220 251//251
f 221//221 251//251 250//250
f 220//220 219//219 252//252
f 220//220 252//252 251//251
f 219//219 218//218 253//253
f 219//219 253//253 252//252
f 255//255 254//254 272//272
f 255//255 272//272 273//273
f 256//256 255//255 273//273
f 256//256 273//273 274//274
f 257//257 256//256 274//274
f 257//257 274//274 275//275
f 258//258 257//257 275//275
f 258//258 275//275 276//276
f 259//259 258//258 276//276
f 259//259 276//276 277//277
f 260//260 259//259 277//277
f 260//260 277//277 278//278
f 261//261 260//260 278//278
f 261//261 278//278 279//279
f 262//262 261//261 279//279
f 262//262 279//279 280//280
f 263//263 262//262 280//280
f 263//263 280//280 281//281
f 264//264 263//263 281//281
f 264//264 281//281 282//282
f 265//265 264//264 282//282
f 265//265 282//282 283//283
f 266//266 265//265 283//283
f 266//266 283//283 284//284
f 267//267 266//266 284//284
f 267//267 284//284 285//285
f 268//268 267//267 285//285
f 268//268 285//285 286//286
f 269//269 268//268 286//286
f 269//269 286//286 287//287
f 270//270 269//269 287//287
f 270//270 287//287 288//288
f 271//271 270//270 288//288
f 271//271 288//288 289//289
f 254//254 271//271 289//289
f 254//254 289//289 272//272
f 273//273 272//272 290//290
f 273//273 290//290 291//291
f 274//274 273//273 291//291
f 274//274 291//291 292//292
f 275//275 274//274 292//292
f 275//275 292//292 293//293
f 276//276 275//275 293//293
f 276//276 293//293 294//294
f 277//277 276//276 294//294
f 277//277 294//294 295//295
f 278//278 277//277 295//295
f 278//278 295//295 296//296
f 279//279 278//278 296//296
f 279//279 296//296 297//297
f 280//280 279//279 297//297
f 280//280 297//297 298//298
f 281//281 280//280 298//298
f 281//281 298//298 299//299
f 282//282 281//281 299//299
f 282//282 299//299 300//300
f 283//283 282//282 300//300
f 283//283 300//300 301//301
f 284//284 283//283 301//301
f 284//284 301//301 302//302
f 285//285 284//284 302//302
f 285//285 302//302 303//303
f 286//286 285//285 303//303
f 286//286 303//303 304//304
f 287//287 286//286 304//304
f 287//287 304//304 305//305
f 288//288 287//287 305//305
f 288//288 305//305 306//306
f 289//289 288//288 306//306
f 289//289 306//306 307//307
f 272//272 289//289 307//307
f 272//272 307//307 290//290
f 253//253 308//308 309//309
f 253//253 309//309 252//252
f 308//308 254//254 255//255
f 308//308 255//255 309//309
f 252//252 309//309 310//310
f 252//252 310//310 251//251
f 309//309 255//255 256//256
f 309//309 256//256 310//310
f 251//251 310//310 311//311
f 251//251 311//311 250//250
f 310//310 256//256 257//257
f 310//310 257//257 311//311
f 250//250 311//311 312//312
f 250//250 312//312 249//249
f 311//311 257//257 258//258
f 311//311 258//258 312//312
f 249//249 312//312 313//313
f 249//249 313//313 248//248
f 312//312 258//258 259//259
f 312//312 259//259 313//313
f 248//248 313//313 314//314
f 248//248 314//314 247//247
f 313//313 259//259 260//260
f 313//313 260//260 314//314
f 247//247 314//314 315//315
f 247//247 315//315 246//246
f 314//314 260//260 261//261
f 314//314 261//261 315//315
f 246//246 315//315 316//316
f 246//246 316//316 245//245
f 315//315 261//261 262//262
f 315//315 262//262 316//316
f 245//245 316//316 317//317
f 245//245 317//317 244//244
f 316//316 262//262 263//263
f 316//316 263//263 317//317
f 244//244 317//317 318//318
f 244//244 318//318 243//243
f 317//317 263//263 264//264
f 317//317 264//264 318//318
f 243//243 318//318 319//319
f 243//243 319//319 242//242
f 318//318 264//264 265//265
f 318//318 265//265 319//319
f 242//242 319//319 320//320
f 242//242 320//320 241//241
f 319//319 265//265 266//266
f 319//319 266//266 320//320
f 241//241 320//320 321//321
f 241//241 321//321 240//240
f 320//320 266//266 267//267
f 320//320 267//267 321//321
f 240//240 321//321 322//322
f 240//240 322//322 239//239
f 321//321 267//267 268//268
f 321//321 268//268 322//322
f 239//239 322//322 323//323
f 239//239 323//323 238//238
f 322//322 268//268 269//269
f 322//322 269//269 323//323
f 238//238 323//323 324//324
f 238//238 324//324 237//237
f 323//323 269//269 270//270
f 323//323 270//270 324//324
f 237//237 324//324 325//325
f 237//237 325//325 236//236
f 324//324 270//270 271//271
f 324//324 271//271 325//325
f 236//236 325//325 308//308
f 236//236 308//308 253//253
f 325//325 271//271 254//254
f 325//325 254//254 308//308
f 199//199 326//326 327//327
f 199//199 327//327 182//182
f 326//326 200//200 217//217
f 326//326 217//217 327//327
f 198//198 328//328 326//326
f 198//198 326//326 199//199
f 328//328 201//201 200//200
f 328//328 200//200 326//326
f 197//197 329//329 328//328
f 197//197 328//328 198//198
f 329//329 202//202 201//201
f 329//329 201//201 328//328
f 196//196 330//330 329//329
f 196//196 329//329 197//197
f 330//330 203//203 202//202
f 330//330 202//202 329//329
f 195//195 331//331 330//330
f 195//195 330//330 196//196
f 331//331 204//204 203//203
f 331//331 203//203 330//330
f 194//194 332//332 331//331
f 194//194 331//331 195//195
f 332//332 205//205 204//204
f 332//332 204//204 331//331
f 193//193 333//333 332//332
f 193//193 332//332 194//194
f 333//333 206//206 205//205
f 333//333 205//205 332//332
f 192//192 334//334 333//333
f 192//192 333//333 193//193
f 334//334 207//207 206//206
f 334//334 206//206 333//333
f 191//191 335//335 334//334
f 191//191 334//334 192//192
f 335//335 208//208 207//207
f 335//335 207//207 334//334
f 190//190 336//336 335//335
f 190//190 335//335 191//191
f 336//336 209//209 208//208
f 336//336 208//208 335//335
f 189//189 337//337 336//336
f 189//189 336//336 190//190
f 337//337 210//210 209//209
f 337//337 209//209 336//336
f 188//188 338//338 337//337
f 188//188 337//337 189//189
f 338//338 211//211 210//210
f 338//338 210//210 337//337
f 187//187 339//339 338//338
f 187//187 338//338 188//188
f 339//339 212//212 211//211
f 339//339 211//211 338//338
f 186//186 340//340 339//339
f 186//186 339//339 187//187
f 340//340 213//213 212//212
f 340//340 212//212 339//339
f 185//185 341//341 340//340
f 185//185 340//340 186//186
f 341//341 214//214 213//213
f 341//341 213//213 340//340
f 184//184 342//342 341//341
f 184//184 341//341 185//185
f 342//342 215//215 214//214
f 342//342 214//214 341//341
f 183//183 343//343 342//342
f 183//183 342//342 184//184
f 343//343 216//216 215//215
f 343//343 215//215 342//342
f 182//182 327//327 343//343
f 182//182 343//343 183//183
f 327//327 217//217 216//216
f 327//327 216//216 343//343
f 37//37 344//344 345//345
f 37//37 345//345 38//38
f 344//344 19//19 36//36
f 344//344 36//36 345//345
f 39//39 346//346 344//344
f 39//39 344//344 37//37
f 346//346 20//20 19//19
f 346//346 19//19 344//344
f 40//40 347//347 346//346
f 40//40 346//346 39//39
f 347//347 21//21 20//20
f 347//347 20//20 346//346
f 41//41 348//348 347//347
f 41//41 347//347 40//40
f 348//348 22//22 21//21
f 348//348 21//21 347//347
f 42//42 349//349 348//348
f 42//42 348//348 41//41
f 349//349 23//23 22//22
f 349//349 22//22 348//348
f 43//43 350//350 349//349
f 43//43 349//349 42//42
f 350//350 24//24 23//23
f 350//350 23//23 349//349
f 44//44 351//351 350//350
f 44//44 350//350 43//43
f 351//351 25//25 24//24
f 351//351 24//24 350//350
f 45//45 352//352 351//351
f 45//45 351//351 44//44
f 352//352 26//26 25//25
f 352//352 25//25 351//351
f 46//46 353//353 352//352
f 46//46 352//352 45//45
f 353//353 27//27 26//26
f 353//353 26//26 352//352
f 47//47 354//354 353//353
f 47//47 353//353 46//46
f 354//354 28//28 27//27
f 354//354 27//27 353//353
f 48//48 355//355 354//354
f 48//48 354//354 47//47
f 355//355 29//29 28//28
f 355//355 28//28 354//354
f 49//49 356//356 355//355
f 49//49 355//355 48//48
f 356//356 30//30 29//29
f 356//356 29//29 355//355
f 50//50 357//357 356//356
f 50//50 356//356 49//49
f 357//357 31//31 30//30
f 357//357 30//30 356//356
f 51//51 358//358 357//357
f 51//51 357//357 50//50
f 358//358 32//32 31//31
f 358//358 31//31 357//357
f 52//52 359//359 358//358
f 52//52 358//358 51//51
f 359//359 33//33 32//32
f 359//359 32//32 358//358
f 53//53 360//360 359//359
f 53//53 359//359 52//52
f 360//360 34//34 33//33
f 360//360 33//33 359//359
f 54//54 361//361 360//360
f 54//54 360//360 53//53
f 361//361 35//35 34//34
f 361//361 34//34 360//360
f 38//38 345//345 361//361
f 38//38 361//361 54//54
f 345//345 36//36 35//35
f 345//345 35//35 361//361
o Circle001
usemtl borraccia_tappo
v 0.29822249096224596 1.7407673710265072 0.10329432725334264
v 0.29822249096224596 1.7407673710265072 -0.09242009404474594
v 0.23095800357494767 1.7407673710265072 0.2886979652530961
v 0.23095800357494767 1.7407673710265072 -0.2778237320444994
v 0.10433824882600362 1.7407673710265072 0.43991454466518576
v 0.10433824882600362 1.7407673710265072 -0.42904031145658905
v -0.0663644573276656 1.7407673710265072 0.5387052250478277
v -0.0663644573276656 1.7407673710265072 -0.527830991839231
v -0.260560959029877 1.7407673710265072 0.5731543023589083
v -0.260560959029877 1.7407673710265072 -0.5622800691503116
v -0.45482825634446655 1.7407673710265072 0.5391067789174002
v -0.45482825634446655 1.7407673710265072 -0.5282325457088035
v -0.6257348874148718 1.7407673710265072 0.4406692141014261
v -0.6257348874148718 1.7407673710265072 -0.4297949808928294
v -0.752667003211478 1.7407673710265072 0.28971457725189964
v -0.752667003211478 1.7407673710265072 -0.27884034404330293
v -0.8203145966171377 1.7407673710265072 0.10445038977513121
v -0.8203145966171377 1.7407673710265072 -0.09357615656653451
v 0.29822249096224596 1.829721284801451 0.10329432725334264
v 0.29822249096224596 1.829721284801451 -0.09242009404474594
v 0.23095800357494767 1.829721284801451 0.2886979652530961
v 0.23095800357494767 1.829721284801451 -0.2778237320444994
v 0.10433824882600362 1.829721284801451 0.43991454466518576
v 0.10433824882600362 1.829721284801451 -0.42904031145658905
v -0.0663644573276656 1.829721284801451 0.5387052250478277
v -0.0663644573276656 1.829721284801451 -0.527830991839231
v -0.260560959029877 1.829721284801451 0.5731543023589083
v -0.260560959029877 1.829721284801451 -0.5622800691503116
v -0.45482825634446655 1.829721284801451 0.5391067789174002
v -0.45482825634446655 1.829721284801451 -0.5282325457088035
v -0.6257348874148718 1.829721284801451 0.4406692141014261
v -0.6257348874148718 1.829721284801451 -0.4297949808928294
v -0.752667003211478 1.829721284801451 0.28971457725189964
v -0.752667003211478 1.829721284801451 -0.27884034404330293
v -0.8203145966171377 1.829721284801451 0.10445038977513121
v -0.8203145966171377 1.829721284801451 -0.09357615656653451
v 0.1722112445091213 1.730503460502419 0.08120940601514626
v 0.1722112445091213 1.730503460502419 -0.07033517280654955
v 0.12009965286026159 1.730503460502419 0.22484653343545702
v 0.12009965286026159 1.730503460502419 -0.2139723002268603
v 0.022003948729253153 1.730503460502419 0.341998055485071
v 0.022003948729253153 1.730503460502419 -0.3311238222764743
v -0.11024400847931304 1.730503460502419 0.4185338574534967
v -0.11024400847931304 1.730503460502419 -0.4076596242449
v -0.26069321238525056 1.730503460502419 0.4452224484237348
v -0.26069321238525056 1.730503460502419 -0.4343482152151381
v -0.41119726036977866 1.730503460502419 0.41884489837969596
v -0.41119726036977866 1.730503460502419 -0.40797066517109926
v -0.5436031921133946 1.730503460502419 0.34258273389602323
v -0.5436031921133946 1.730503460502419 -0.3317085006874265
v -0.6419408677386826 1.730503460502419 0.2256341382097311
v -0.6419408677386826 1.730503460502419 -0.2147599050011344
v -0.6943492836210652 1.730503460502419 0.08210503226680999
v -0.6943492836210652 1.730503460502419 -0.07123079905821328
v 0.03327397797897902 1.1864144518253 0.05685904633664407
v 0.03327397797897902 1.1864144518253 -0.045984813128047364
v -0.0021303933814209586 1.1864144518253 0.15444533590471465
v -0.0021303933814209586 1.1864144518253 -0.14357110269611795
v -0.06877609921997774 1.1864144518253 0.2340374729290602
v -0.06877609921997774 1.1864144518253 -0.22316323972046348
v -0.158624632230854 1.1864144518253 0.28603550028284985
v -0.158624632230854 1.1864144518253 -0.27516126707425315
v -0.2608390202239339 1.1864144518253 0.3041675716701704
v -0.2608390202239339 1.1864144518253 -0.2932933384615737
v -0.36309068029421 1.1864144518253 0.28624682126470447
v -0.36309068029421 1.1864144518253 -0.27537258805610776
v -0.45304654933479327 1.1864144518253 0.23443471101692737
v -0.45304654933479327 1.1864144518253 -0.22356047780833066
v -0.5198566779940066 1.1864144518253 0.15498045898690904
v -0.5198566779940066 1.1864144518253 -0.14410622577831234
v -0.5554626555962656 1.1864144518253 0.057467533476670773
v -0.5554626555962656 1.1864144518253 -0.04659330026807407
v 0.000017224218328948382 1.1864144518253 0.05103041812839404
v 0.000017224218328948382 1.1864144518253 -0.04015618491979733
v -0.03138797456755782 1.1864144518253 0.13759374848705264
v -0.03138797456755782 1.1864144518253 -0.12671951527845593
v -0.09050565391516585 1.1864144518253 0.20819548600770332
v -0.09050565391516585 1.1864144518253 -0.19732125279910662
v -0.17020525390397445 1.1864144518253 0.25432002217930005
v -0.17020525390397445 1.1864144518253 -0.24344578897070335
v -0.2608739230341583 1.1864144518253 0.2704039928156057
v -0.2608739230341583 1.1864144518253 -0.25952975960700897
v -0.3515756500406937 1.1864144518253 0.2545074625023851
v -0.3515756500406937 1.1864144518253 -0.2436332292937884
v -0.431370459558849 1.1864144518253 0.20854785689046906
v -0.431370459558849 1.1864144518253 -0.19767362368187236
v -0.4906339784788294 1.1864144518253 0.13806841677610393
v -0.4906339784788294 1.1864144518253 -0.12719418356750722
v -0.5222180875721953 1.1864144518253 0.05157017432918387
v -0.5222180875721953 1.1864144518253 -0.040695941120587165
v -0.1555508309525031 1.1864144518253 0.023765325461071907
v -0.1555508309525031 1.1864144518253 -0.0128910922524752
v -0.1682489354438932 1.1864144518253 0.058765559829613956
v -0.1682489354438932 1.1864144518253 -0.04789132662101725
v -0.19215203204717302 1.1864144518253 0.08731203135662469
v -0.19215203204717302 1.1864144518253 -0.07643779814802798
v -0.22437704318609963 1.1864144518253 0.10596159881968426
v -0.22437704318609963 1.1864144518253 -0.09508736561108755
v -0.2610371918063245 1.1864144518253 0.11246483871354052
v -0.2610371918063245 1.1864144518253 -0.10159060550494381
v -0.29771069591318433 1.1864144518253 0.10603738733135692
v -0.29771069591318433 1.1864144518253 -0.09516315412276022
v -0.3299742105947763 1.1864144518253 0.08745450292680346
v -0.3299742105947763 1.1864144518253 -0.07658026971820675
v -0.35393628954802914 1.1864144518253 0.05895747671842866
v -0.35393628954802914 1.1864144518253 -0.04808324350983195
v -0.3667067130010935 1.1864144518253 0.02398356861828921
v -0.3667067130010935 1.1864144518253 -0.013109335409692502
v -0.26114802760411765 1.186414587222373 0.005437116604298353
v 0.053419877733183796 1.2679351339851053 0.060389855048322616
v 0.053419877733183796 1.2679351339851053 -0.04951562183972591
v 0.015592965016086424 1.2679351339851053 0.1646535136085845
v 0.015592965016086424 1.2679351339851053 -0.15377928039998778
v -0.055612981943312434 1.2679351339851053 0.24969176095385492
v -0.055612981943312434 1.2679351339851053 -0.23881752774525822
v -0.1516094390789391 1.2679351339851053 0.30524776951943267
v -0.1516094390789391 1.2679351339851053 -0.29437353631083596
v -0.2608178792403155 1.2679351339851053 0.3246205181369177
v -0.2608178792403155 1.2679351339851053 -0.313746284928321
v -0.37006613440516745 1.2679351339851053 0.30547351028957337
v -0.37006613440516745 1.2679351339851053 -0.29459927708097666
v -0.46617725593708315 1.2679351339851053 0.25011616307951456
v -0.46617725593708315 1.2679351339851053 -0.23924192987091786
v -0.5375588805988407 1.2679351339851053 0.16522524467442068
v -0.5375588805988407 1.2679351339851053 -0.15435101146582397
v -0.5756012100592542 1.2679351339851053 0.061039968326013216
v -0.5756012100592542 1.2679351339851053 -0.05016573511741651
v 0.16389583326414225 1.6968551553309723 0.07975203423178812
v 0.16389583326414225 1.6968551553309723 -0.06887780102319141
v 0.11278418284945957 1.6968551553309723 0.22063302729421252
v 0.11278418284945957 1.6968551553309723 -0.20975879408561582
v 0.016570751904176007 1.6968551553309723 0.33553660251290296
v 0.016570751904176007 1.6968551553309723 -0.32466236930430625
v -0.11313959336018442 1.6968551553309723 0.4106038201278537
v -0.11313959336018442 1.6968551553309723 -0.399729586919257
v -0.260701937034149 1.6968551553309723 0.4367803055183259
v -0.260701937034149 1.6968551553309723 -0.4259060723097292
v -0.4083180923840217 1.6968551553309723 0.41090890358283616
v -0.4083180923840217 1.6968551553309723 -0.40003467037423945
v -0.5381833657492869 1.6968551553309723 0.3361101106653237
v -0.5381833657492869 1.6968551553309723 -0.325235877456727
v -0.6346341308390961 1.6968551553309723 0.22140551837020084
v -0.6346341308390961 1.6968551553309723 -0.21053128516160413
v -0.6860369188102311 1.6968551553309723 0.08063048197980116
v -0.6860369188102311 1.6968551553309723 -0.06975624877120445
v 0.2915544897550504 1.8992266275979688 0.08181092443706639
v 0.2915544897550504 1.8992266275979688 -0.07093669122846968
v 0.2250918238347026 1.8992266275979688 0.22658564114100344
v 0.2250918238347026 1.8992266275979688 -0.21571140793240673
v 0.09998144180750757 1.8992266275979688 0.3446649716340957
v 0.09998144180750757 1.8992266275979688 -0.333790738425499
v -0.06868639865904314 1.8992266275979688 0.4218068786002931
v -0.06868639865904314 1.8992266275979688 -0.4109326453916964
v -0.26056795749831707 1.8992266275979688 0.4487068582509224
v -0.26056795749831707 1.8992266275979688 -0.4378326250423257
v -0.45251948237844886 1.8992266275979688 0.42212045822161315
v -0.45251948237844886 1.8992266275979688 -0.41124622501301644
v -0.6213887767651514 1.8992266275979688 0.34525425354553363
v -0.6213887767651514 1.8992266275979688 -0.3343800203369369
v -0.746807796420498 1.8992266275979688 0.22737949110527467
v -0.746807796420498 1.8992266275979688 -0.21650525789667796
v -0.8136489987079898 1.8992266275979688 0.0827136421104342
v -0.8136489987079898 1.8992266275979688 -0.07183940890183749
v 0.275578244415037 1.9442764156524959 0.049342511672275435
v 0.275578244415037 1.9442764156524959 -0.044174791205460195
v 0.2110366598664939 1.9442764156524959 0.13821840288384024
v 0.2110366598664939 1.9442764156524959 -0.133050682417025
v 0.08954276751130408 1.9442764156524959 0.21070625548216526
v 0.08954276751130408 1.9442764156524959 -0.20553853501535002
v -0.07424962744820718 1.9442764156524959 0.25806297271758893
v -0.07424962744820718 1.9442764156524959 -0.2528952522507737
v -0.2605847216789906 1.9442764156524959 0.27457662596540544
v -0.2605847216789906 1.9442764156524959 -0.2694089054985902
v -0.4469877672580509 1.9442764156524959 0.2582554735062814
v -0.4469877672580509 1.9442764156524959 -0.2530877530394662
v -0.6109757940635703 1.9442764156524959 0.21106801953687793
v -0.6109757940635703 1.9442764156524959 -0.2059002990700627
v -0.732769455538623 1.9442764156524959 0.13870574772386135
v -0.732769455538623 1.9442764156524959 -0.1335380272570461
v -0.7976785754421201 1.9442764156524959 0.04989667919903429
v -0.7976785754421201 1.9442764156524959 -0.04472895873221905
v -0.35769460765411587 1.7407673710265072 0.5561305237135201
v -0.35769460765411587 1.7407673710265072 -0.5452562905049234
v -0.35769460765411587 1.829721284801451 0.5561305237135201
v -0.35769460765411587 1.829721284801451 -0.5452562905049234
v -0.3359452426746685 1.730503460502419 0.43203369032634953
v -0.3359452426746685 1.730503460502419 -0.4211594571177528
v -0.31196484703611915 1.1864144518253 0.2952071964674374
v -0.31196484703611915 1.1864144518253 -0.2843329632588407
v -0.30622478543831644 1.1864144518253 0.2624557276589954
v -0.30622478543831644 1.1864144518253 -0.2515814944503987
v -0.2793739443473293 1.1864144518253 0.10925111302244872
v -0.2793739443473293 1.1864144518253 -0.09837687981385201
v -0.3154420046575783 1.2679351339851053 0.3150470311378797
v -0.3154420046575783 1.2679351339851053 -0.304172797929283
v -0.33451001677508074 1.6968551553309723 0.42384460455058104
v -0.33451001677508074 1.6968551553309723 -0.41297037134198433
v -0.3565437240703737 1.8992266275979688 0.4354136751609019
v -0.3565437240703737 1.8992266275979688 -0.4245394419523052
v -0.3508664655587008 1.9559555640832542 0.26641604127352636
v -0.3508664655587008 1.9559555640832542 -0.2612483208067111
v -0.16540467451604712 1.7407673710265072 0.5562742815558934
v -0.16540467451604712 1.7407673710265072 -0.5454000483472967
v -0.16540467451604712 1.829721284801451 0.5562742815558934
v -0.16540467451604712 1.829721284801451 -0.5454000483472967
v -0.18697309823191866 1.730503460502419 0.43214505441898154
v -0.18697309823191866 1.730503460502419 -0.42127082121038484
v -0.21075396512744948 1.1864144518253 0.295282849582037
v -0.21075396512744948 1.1864144518253 -0.2844086163734403
v -0.21644627387003013 1.1864144518253 0.26252286768262323
v -0.21644627387003013 1.1864144518253 -0.2516486344740265
v -0.24307371825270474 1.1864144518253 0.10927825167328997
v -0.24307371825270474 1.1864144518253 -0.09840401846469327
v -0.20730574016805026 1.2679351339851053 0.31512786319052566
v -0.20730574016805026 1.2679351339851053 -0.30425362998192895
v -0.18839639226443872 1.6968551553309723 0.4239538361393116
v -0.18839639226443872 1.6968551553309723 -0.4130796029307149
v -0.16654599568150097 1.8992266275979688 0.43552588548524085
v -0.16654599568150097 1.8992266275979688 -0.42465165227664414
v -0.1926387633692066 1.9510892578786496 0.26648495838373876
v -0.1926387633692066 1.9510892578786496 -0.2613172379169235
v 0.015572841626095624 1.7407673710265072 0.4912857174197498
v 0.015572841626095624 1.7407673710265072 -0.4804114842111531
v 0.015572841626095624 1.829721284801451 0.4912857174197498
v 0.015572841626095624 1.829721284801451 -0.4804114842111531
v -0.04676500323589394 1.730503460502419 0.38179667115468163
v -0.04676500323589394 1.730503460502419 -0.3709224379460849
v -0.1154973302927651 1.1864144518253 0.2610764376752357
v -0.1154973302927651 1.1864144518253 -0.250202204466639
v -0.13194944557085364 1.1864144518253 0.23218024820186045
v -0.13194944557085364 1.1864144518253 -0.22130601499326374
v -0.20890904037810998 1.1864144518253 0.09700980440645957
v -0.20890904037810998 1.1864144518253 -0.08613557119786286
v -0.10553114100780903 1.2679351339851053 0.27858089285479437
v -0.10553114100780903 1.2679351339851053 -0.26770665964619766
v -0.050878620186452395 1.6968551553309723 0.37457157869017976
v -0.050878620186452395 1.6968551553309723 -0.36369734548158306
v 0.012274145809310966 1.8992266275979688 0.38477872399136714
v 0.012274145809310966 1.8992266275979688 -0.37390449078277044
v 0.004370714008533838 1.9442764156524959 0.23533173355090753
v 0.004370714008533838 1.9442764156524959 -0.2301640130840923
v 0.17144672493581226 1.7407673710265072 0.3597697337130441
v 0.17144672493581226 1.7407673710265072 -0.3488955005044474
v 0.17144672493581226 1.829721284801451 0.3597697337130441
v 0.17144672493581226 1.829721284801451 -0.3488955005044474
v 0.0739946477164608 1.730503460502419 0.27990775032199267
v 0.0739946477164608 1.730503460502419 -0.26903351711339596
v -0.033453863109052406 1.1864144518253 0.19185365164566193
v -0.033453863109052406 1.1864144518253 -0.18097941843706522
v -0.0591732818299775 1.1864144518253 0.17077655852115114
v -0.0591732818299775 1.1864144518253 -0.15990232531255444
v -0.1794833891126597 1.1864144518253 0.07218239852780961
v -0.1794833891126597 1.1864144518253 -0.061308165319212904
v -0.017873840378857864 1.2679351339851053 0.20462149409202013
v -0.017873840378857864 1.2679351339851053 -0.19374726088342342
v 0.06756386218135191 1.6968551553309723 0.2746377238946458
v 0.06756386218135191 1.6968551553309723 -0.2637634906860491
v 0.16628992431085265 1.8992266275979688 0.28208293815075436
v 0.16628992431085265 1.8992266275979688 -0.27120870494215765
v 0.15393453519845224 1.9442764156524959 0.17228769140485056
v 0.15393453519845224 1.9442764156524959 -0.16711998786266946
v -0.5454087459325692 1.7407673710265072 0.48693486787247053
v -0.5454087459325692 1.7407673710265072 -0.4760606346638738
v -0.5454087459325692 1.829721284801451 0.48693486787247053
v -0.5454087459325692 1.829721284801451 -0.4760606346638738
v -0.4813723955623317 1.730503460502419 0.37842592717036894
v -0.4813723955623317 1.730503460502419 -0.36755169396177223
v -0.4107672900394874 1.1864144518253 0.2587864162038436
v -0.4107672900394874 1.1864144518253 -0.24791218299524687
v -0.39386690043928674 1.1864144518253 0.23014888591400862
v -0.39386690043928674 1.1864144518253 -0.2192746527054119
v -0.3148103603868915 1.1864144518253 0.0961884519117131
v -0.3148103603868915 1.1864144518253 -0.0853142187031164
v -0.42100501815456326 1.2679351339851053 0.2761341154220105
v -0.42100501815456326 1.2679351339851053 -0.2652598822134138
v -0.47714668675987326 1.6968551553309723 0.3712655545068131
v -0.47714668675987326 1.6968551553309723 -0.3603913212982164
v -0.5420202141577768 1.8992266275979688 0.38138137448218856
v -0.5420202141577768 1.8992266275979688 -0.37050714127359186
v -0.5339014163875859 1.9442764156524959 0.23324611088600733
v -0.5339014163875859 1.9442764156524959 -0.22807840734382623
v -0.6898356190933725 1.7407673710265072 0.36443710776798355
v -0.6898356190933725 1.7407673710265072 -0.35356287455938684
v -0.6898356190933725 1.829721284801451 0.36443710776798355
v -0.6898356190933725 1.829721284801451 -0.35356287455938684
v -0.5932637243970333 1.730503460502419 0.28352369840570546
v -0.5932637243970333 1.730503460502419 -0.27264946519710875
v -0.4867856720930277 1.1864144518253 0.19431031306478275
v -0.4867856720930277 1.1864144518253 -0.18343607985618604
v -0.4612985270510208 1.1864144518253 0.1729557574882037
v -0.4612985270510208 1.1864144518253 -0.16208152427960698
v -0.3420750574408906 1.1864144518253 0.07306350344338242
v -0.3420750574408906 1.1864144518253 -0.06218927023478571
v -0.5022249664903597 1.2679351339851053 0.20724625097740557
v -0.5022249664903597 1.2679351339851053 -0.19637201776880886
v -0.5868909903570199 1.6968551553309723 0.27818429790302446
v -0.5868909903570199 1.6968551553309723 -0.26731006469442775
v -0.6847253950615624 1.8992266275979688 0.28572750579079553
v -0.6847253950615624 1.8992266275979688 -0.2748532725821988
v -0.6724816069866719 1.9442764156524959 0.17452507726407163
v -0.6724816069866719 1.9442764156524959 -0.16935737372189053
v -0.7878437382427137 1.7407673710265072 0.19337719028618494
v -0.7878437382427137 1.7407673710265072 -0.18250295707758823
v -0.7878437382427137 1.829721284801451 0.19337719028618494
v -0.7878437382427137 1.829721284801451 -0.18250295707758823
v -0.6691932182720777 1.730503460502419 0.15099900650433895
v -0.6691932182720777 1.730503460502419 -0.14012477329574224
v -0.538371787701152 1.1864144518253 0.10427373890630953
v -0.538371787701152 1.1864144518253 -0.09339950569771283
v -0.5070577111454675 1.1864144518253 0.09308933138069087
v -0.5070577111454675 1.1864144518253 -0.08221509817209416
v -0.3605769151595055 1.1864144518253 0.040771043406254925
v -0.3605769151595055 1.1864144518253 -0.02989681019765822
v -0.5573408837944314 1.2679351339851053 0.11104889843455368
v -0.5573408837944314 1.2679351339851053 -0.10017466522595697
v -0.6613635440268766 1.6968551553309723 0.14820249843171496
v -0.6613635440268766 1.6968551553309723 -0.13732826522311825
v -0.7815652067163157 1.8992266275979688 0.15215324962795762
v -0.7815652067163157 1.8992266275979688 -0.14127901641936091
v -0.7665222195519732 1.9442764156524959 0.09252503022924152
v -0.7665222195519732 1.9442764156524959 -0.08735730976242628
v -0.8204165506131886 1.7407673710265072 0.005437116604298353
v -0.8204165506131886 1.829721284801451 0.005437116604298353
v -0.6944282878132242 1.730503460502419 0.005437116604298353
v -0.555516306686485 1.1864144518253 0.005437116604298353
v -0.5222656796433931 1.1864144518253 0.005437116604298353
v -0.36672596477242614 1.1864144518253 0.005437116604298353
v -0.5756585507197158 1.2679351339851053 0.005437116604298353
v -0.6861143659360494 1.6968551553309723 0.005437116604298353
v -0.8137497341303828 1.8992266275979688 0.005437116604298353
v -0.7977763998274412 1.9442764156524959 0.00258386023340762
v 0.2642539378636286 1.7407673710265072 0.1969231550077346
v 0.2642539378636286 1.7407673710265072 -0.1860489217991379
v 0.2642539378636286 1.829721284801451 0.1969231550077346
v 0.2642539378636286 1.829721284801451 -0.1860489217991379
v 0.1458949277913959 1.730503460502419 0.15374614541918064
v 0.1458949277913959 1.730503460502419 -0.14287191221058393
v 0.015394777550323369 1.1864144518253 0.10614011986057825
v 0.015394777550323369 1.1864144518253 -0.09526588665198155
v -0.015842393467835336 1.1864144518253 0.09474489909212913
v -0.015842393467835336 1.1864144518253 -0.08387066588353242
v -0.16196338019432766 1.1864144518253 0.041440442304546465
v -0.16196338019432766 1.1864144518253 -0.03056620909594976
v 0.034317313975087416 1.2679351339851053 0.11304300960266644
v 0.034317313975087416 1.2679351339851053 -0.10216877639406974
v 0.138084446081308 1.6968551553309723 0.15089693403584903
v 0.138084446081308 1.6968551553309723 -0.14002270082725232
v 0.257990841603565 1.8992266275979688 0.15492215362230155
v 0.257990841603565 1.8992266275979688 -0.14404792041370484
v 0.24298475014164467 1.9442764156524959 0.09422484739663517
v 0.24298475014164467 1.9442764156524959 -0.08905711846750286
v 0.2981216201427799 1.7407673710265072 0.005437116604298353
v 0.2981216201427799 1.829721284801451 0.005437116604298353
v 0.17213305269940093 1.730503460502419 0.005437116604298353
v 0.03322086847705208 1.1864144518253 0.005437116604298353
v -0.0000298770384787872 1.1864144518253 0.005437116604298353
v -0.1555698796282261 1.1864144518253 0.005437116604298353
v 0.053363146359551195 1.2679351339851053 0.005437116604298353
v 0.16381919852076265 1.6968551553309723 0.005437116604298353
v 0.291454803659974 1.8992266275979688 0.005437116604298353
v 0.27548143550776416 1.9442764156524959 0.00258386023340762
v -0.4489342863549659 2.006565094452313 0.2582554735062814
v -0.4489342863549659 2.006565094452313 -0.2530877530394662
v -0.3888236048731777 1.9725009848693489 0.26641604127352636
v -0.3888236048731777 1.9725009848693489 -0.2612483208067111
v -0.07424962744820718 2.0153244388507474 0.25806297271758893
v -0.07424962744820718 2.0153244388507474 -0.2528952522507737
v -0.13716294372017757 1.976394023063179 0.26648495838373876
v -0.13716294372017757 1.976394023063179 -0.2613172379169235
v -0.03163991467134508 2.0532815866275413 0.23533173355090753
v -0.03163991467134508 2.0532815866275413 -0.2301640130840923
v 0.08954276751130408 2.0153244388507474 0.21070625548216526
v 0.08954276751130408 2.0153244388507474 -0.20553853501535002
v 0.2110366598664939 2.0153244388507474 0.13821840288384024
v 0.2110366598664939 2.0153244388507474 -0.133050682417025
v 0.15393453519845224 2.0153244388507474 0.17228769140485056
v 0.15393453519845224 2.0153244388507474 -0.16711998786266946
v -0.499837306804622 2.0484152804229367 0.23324611088600733
v -0.499837306804622 2.0484152804229367 -0.22807840734382623
v -0.6109757940635703 2.0153244388507474 0.21106801953687793
v -0.6109757940635703 2.0153244388507474 -0.2059002990700627
v -0.732769455538623 2.0153244388507474 0.13870574772386135
v -0.732769455538623 2.0153244388507474 -0.1335380272570461
v -0.6724816069866719 2.0153244388507474 0.17452507726407163
v -0.6724816069866719 2.0153244388507474 -0.16935737372189053
v -0.7665222195519732 2.0153244388507474 0.09252503022924152
v -0.7665222195519732 2.0153244388507474 -0.08735730976242628
v -0.7976785754421201 2.0153244388507474 0.04989667919903429
v -0.7976785754421201 2.0153244388507474 -0.04472895873221905
v -0.7977763998274412 2.0153244388507474 0.00258386023340762
v 0.24298475014164467 2.0153244388507474 0.09422484739663517
v 0.24298475014164467 2.0153244388507474 -0.08905711846750286
v 0.275578244415037 2.0153244388507474 0.049342511672275435
v 0.275578244415037 2.0153244388507474 -0.044174791205460195
v 0.27548143550776416 2.0153244388507474 0.00258386023340762
v 0.004370714008533838 2.1097306489003937 0.23533173355090753
v 0.004370714008533838 2.1097306489003937 -0.2301640130840923
v 0.08954276751130408 2.1097306489003937 0.21070625548216526
v 0.08954276751130408 2.1097306489003937 -0.20553853501535002
v 0.15393453519845224 2.1097306489003937 0.17228769140485056
v 0.15393453519845224 2.1097306489003937 -0.16711998786266946
v 0.19997014934228474 2.1097306489003937 0.13821840288384024
v 0.19997014934228474 2.1097306489003937 -0.133050682417025
v -0.6109757940635703 2.1097306489003937 0.21106801953687793
v -0.6109757940635703 2.1097306489003937 -0.2059002990700627
v -0.5339014163875859 2.1097306489003937 0.23324611088600733
v -0.5339014163875859 2.1097306489003937 -0.22807840734382623
v -0.7217189895675773 2.1097306489003937 0.13870574772386135
v -0.7217189895675773 2.1097306489003937 -0.1335380272570461
v -0.6724816069866719 2.1097306489003937 0.17452507726407163
v -0.6724816069866719 2.1097306489003937 -0.16935737372189053
v -0.7546807977290939 2.1097306489003937 0.09252503022924152
v -0.7546807977290939 2.1097306489003937 -0.08735730976242628
v -0.7851070587517697 2.1097306489003937 0.04989667919903429
v -0.7851070587517697 2.1097306489003937 -0.04472895873221905
v -0.785202581386848 2.1097306489003937 0.00258386023340762
v 0.23116956150168022 2.1097306489003937 0.09422484739663517
v 0.23116956150168022 2.1097306489003937 -0.08905711846750286
v 0.2629992808856656 2.1097306489003937 0.049342511672275435
v 0.2629992808856656 2.1097306489003937 -0.044174791205460195
v 0.26290473987936736 2.1097306489003937 0.00258386023340762
v 0.041309489624573814 2.237157175571774 0.23533173355090753
v 0.041309489624573814 2.237157175571774 -0.2301640130840923
v 0.08954276751130408 2.237157175571774 0.21070625548216526
v 0.08954276751130408 2.237157175571774 -0.20553853501535002
v 0.15393453519845224 2.237157175571774 0.17228769140485056
v 0.15393453519845224 2.237157175571774 -0.16711998786266946
v 0.18810408525209965 2.237157175571774 0.13821840288384024
v 0.18810408525209965 2.237157175571774 -0.133050682417025
v -0.6109757940635703 2.237157175571774 0.21106801953687793
v -0.6109757940635703 2.237157175571774 -0.2059002990700627
v -0.5708401750789918 2.237157175571774 0.23324611088600733
v -0.5708401750789918 2.237157175571774 -0.22807840734382623
v -0.7098700193578722 2.237157175571774 0.13870574772386135
v -0.7098700193578722 2.237157175571774 -0.1335380272570461
v -0.6724816069866719 2.237157175571774 0.17452507726407163
v -0.6724816069866719 2.237157175571774 -0.16935737372189053
v -0.7419837341027034 2.237157175571774 0.09252503022924152
v -0.7419837341027034 2.237157175571774 -0.08735730976242628
v -0.7716271292486638 2.237157175571774 0.04989667919903429
v -0.7716271292486638 2.237157175571774 -0.04472895873221905
v -0.7717201808871579 2.237157175571774 0.00258386023340762
v 0.21850076201430113 2.237157175571774 0.09422484739663517
v 0.21850076201430113 2.237157175571774 -0.08905711846750286
v 0.24951149835231945 2.237157175571774 0.049342511672275435
v 0.24951149835231945 2.237157175571774 -0.044174791205460195
v 0.24941939449333717 2.237157175571774 0.00258386023340762
v 0.018977739522100023 2.352999458698328 0.23533173355090753
v 0.018977739522100023 2.352999458698328 -0.2301640130840923
v 0.08954276751130408 2.352999458698328 0.21070625548216526
v 0.08954276751130408 2.352999458698328 -0.20553853501535002
v 0.17097137966139542 2.352999458698328 0.13821840288384024
v 0.17097137966139542 2.352999458698328 -0.133050682417025
v 0.13810583881885918 2.352999458698328 0.17228769140485056
v 0.13810583881885918 2.352999458698328 -0.16711998786266946
v -0.548508424976518 2.352999458698328 0.23324611088600733
v -0.548508424976518 2.352999458698328 -0.22807840734382623
v -0.6109757940635703 2.352999458698328 0.21106801953687793
v -0.6109757940635703 2.352999458698328 -0.2059002990700627
v -0.6567825533045806 2.352999458698328 0.17452507726407163
v -0.6567825533045806 2.352999458698328 -0.16935737372189053
v -0.6927450314003352 2.352999458698328 0.13870574772386135
v -0.6927450314003352 2.352999458698328 -0.1335380272570461
v -0.723633605729141 2.352999458698328 0.09252503022924152
v -0.723633605729141 2.352999458698328 -0.08735730976242628
v -0.75214609682196 2.352999458698328 0.04989667919903429
v -0.75214609682196 2.352999458698328 -0.04472895873221905
v -0.7522356281365532 2.352999458698328 0.00258386023340762
v 0.2002084481909563 2.352999458698328 0.09422484739663517
v 0.2002084481909563 2.352999458698328 -0.08905711846750286
v 0.2300361187534179 2.352999458698328 0.049342511672275435
v 0.2300361187534179 2.352999458698328 -0.044174791205460195
v 0.22994750136906816 2.352999458698328 0.00258386023340762
v 0.05367046386623997 2.4611189635689 0.21070625548216526
v 0.05367046386623997 2.4611189635689 -0.20553853501535002
v -0.04942020753809473 2.4611189635689 0.23533173355090753
v -0.04942020753809473 2.4611189635689 -0.2301640130840923
v 0.15146644965128786 2.4611189635689 0.13821840288384024
v 0.15146644965128786 2.4611189635689 -0.133050682417025
v 0.1114727267993274 2.4611189635689 0.17228769140485056
v 0.1114727267993274 2.4611189635689 -0.16711998786266946
v -0.4801104779163232 2.4611189635689 0.23324611088600733
v -0.4801104779163232 2.4611189635689 -0.22807840734382623
v -0.5751609664760409 2.4611189635689 0.21106801953687793
v -0.5751609664760409 2.4611189635689 -0.2059002990700627
v -0.6732440279053478 2.4611189635689 0.13870574772386135
v -0.6732440279053478 2.4611189635689 -0.1335380272570461
v -0.6303726433600687 2.4611189635689 0.17452507726407163
v -0.6303726433600687 2.4611189635689 -0.16935737372189053
v -0.7027377077377182 2.4611189635689 0.09252503022924152
v -0.7027377077377182 2.4611189635689 -0.08735730976242628
v -0.7299625388160038 2.4611189635689 0.04989667919903429
v -0.7299625388160038 2.4611189635689 -0.04472895873221905
v -0.7300480082184038 2.4611189635689 0.00258386023340762
v 0.17938312592389138 2.4611189635689 0.09422484739663517
v 0.17938312592389138 2.4611189635689 -0.08905711846750286
v 0.2078637310059932 2.4611189635689 0.049342511672275435
v 0.2078637310059932 2.4611189635689 -0.044174791205460195
v 0.20777914168456846 2.4611189635689 0.00258386023340762
v -0.19454765477327296 2.544782845998945 0.23533173355090753
v -0.19454765477327296 2.544782845998945 -0.2301640130840923
v 0.029683484545010685 2.544782845998945 0.21070625548216526
v 0.029683484545010685 2.544782845998945 -0.20553853501535002
v 0.13043183735846497 2.544782845998945 0.13821840288384024
v 0.13043183735846497 2.544782845998945 -0.133050682417025
v 0.08308012981474633 2.544782845998945 0.17228769140485056
v 0.08308012981474633 2.544782845998945 -0.16711998786266946
v -0.33498302644998645 2.544782845998945 0.23324611088600733
v -0.33498302644998645 2.544782845998945 -0.22807840734382623
v -0.5512186681889375 2.544782845998945 0.21106801953687793
v -0.5512186681889375 2.544782845998945 -0.2059002990700627
v -0.6522155761793513 2.544782845998945 0.13870574772386135
v -0.6522155761793513 2.544782845998945 -0.1335380272570461
v -0.6022221363422062 2.544782845998945 0.17452507726407163
v -0.6022221363422062 2.544782845998945 -0.16935737372189053
v -0.6802049606802143 2.544782845998945 0.09252503022924152
v -0.6802049606802143 2.544782845998945 -0.08735730976242628
v -0.7060412270752323 2.544782845998945 0.04989667919903429
v -0.7060412270752323 2.544782845998945 -0.04472895873221905
v -0.7061223637712928 2.544782845998945 0.00258386023340762
v 0.156924678010256 2.544782845998945 0.09422484739663517
v 0.156924678010256 2.544782845998945 -0.08905711846750286
v 0.18395264174424142 2.544782845998945 0.049342511672275435
v 0.18395264174424142 2.544782845998945 -0.044174791205460195
v 0.18387238512915616 2.544782845998945 0.00258386023340762
v -0.2149946564622791 2.65933797684999 0.23533173355090753
v -0.2149946564622791 2.65933797684999 -0.2301640130840923
v -0.01805600021609166 2.65933797684999 0.21070625548216526
v -0.01805600021609166 2.65933797684999 -0.20553853501535002
v 0.0661666320854053 2.65933797684999 0.13821840288384024
v 0.0661666320854053 2.65933797684999 -0.133050682417025
v 0.026581977640574905 2.65933797684999 0.17228769140485056
v 0.026581977640574905 2.65933797684999 -0.16711998786266946
v -0.31234799536606594 2.65933797684999 0.23324611088600733
v -0.31234799536606594 2.65933797684999 -0.22807840734382623
v -0.5036731228104294 2.65933797684999 0.21106801953687793
v -0.5036731228104294 2.65933797684999 -0.2059002990700627
v -0.5881035726945143 2.65933797684999 0.13870574772386135
v -0.5881035726945143 2.65933797684999 -0.1335380272570461
v -0.5463105242887423 2.65933797684999 0.17452507726407163
v -0.5463105242887423 2.65933797684999 -0.16935737372189053
v -0.6115018455418664 2.65933797684999 0.09252503022924152
v -0.6115018455418664 2.65933797684999 -0.08735730976242628
v -0.6331002173978462 2.65933797684999 0.04989667919903429
v -0.6331002173978462 2.65933797684999 -0.04472895873221905
v -0.6331680513314737 2.65933797684999 0.00258386023340762
v 0.08831386982650002 2.65933797684999 0.09422484739663517
v 0.08831386982650002 2.65933797684999 -0.08905711846750286
v 0.11090845949714634 2.65933797684999 0.049342511672275435
v 0.11090845949714634 2.65933797684999 -0.044174791205460195
v 0.11084137024742091 2.65933797684999 0.00258386023340762
v -0.23260467270053953 2.743001859280035 0.23533173355090753
v -0.23260467270053953 2.743001859280035 -0.2301640130840923
v -0.1105340459345463 2.743001859280035 0.21070625548216526
v -0.1105340459345463 2.743001859280035 -0.20553853501535002
v -0.05832943649646083 2.743001859280035 0.13821840288384024
v -0.05832943649646083 2.743001859280035 -0.133050682417025
v -0.08286562019548782 2.743001859280035 0.17228769140485056
v -0.08286562019548782 2.743001859280035 -0.16711998786266946
v -0.29294824984155055 2.743001859280035 0.23324611088600733
v -0.29294824984155055 2.743001859280035 -0.22807840734382623
v -0.4115393749242564 2.743001859280035 0.21106801953687793
v -0.4115393749242564 2.743001859280035 -0.2059002990700627
v -0.46387283160203907 2.743001859280035 0.13870574772386135
v -0.46387283160203907 2.743001859280035 -0.1335380272570461
v -0.4379678004185159 2.743001859280035 0.17452507726407163
v -0.4379678004185159 2.743001859280035 -0.16935737372189053
v -0.47837604140979906 2.743001859280035 0.09252503022924152
v -0.47837604140979906 2.743001859280035 -0.08735730976242628
v -0.4917635962597764 2.743001859280035 0.04989667919903429
v -0.4917635962597764 2.743001859280035 -0.04472895873221905
v -0.4918056370509767 2.743001859280035 0.00258386023340762
v -0.04460166265102927 2.743001859280035 0.09422484739663517
v -0.04460166265102927 2.743001859280035 -0.08905711846750286
v -0.030596612524504962 2.743001859280035 0.049342511672275435
v -0.030596612524504962 2.743001859280035 -0.044174791205460195
v -0.030638196350583513 2.743001859280035 0.00258386023340762
v -0.24835619274846055 2.7623089403170624 0.23533173355090753
v -0.24835619274846055 2.7623089403170624 -0.2301640130840923
v -0.19325230251252368 2.777111022239076 0.21070625548216526
v -0.19325230251252368 2.777111022239076 -0.20553853501535002
v -0.16968662387774813 2.7993141451220964 0.13821840288384024
v -0.16968662387774813 2.7993141451220964 -0.133050682417025
v -0.180762502186953 2.7919131041610896 0.17228769140485056
v -0.180762502186953 2.7919131041610896 -0.16711998786266946
v -0.27559588153994063 2.7623089403170624 0.23324611088600733
v -0.27559588153994063 2.7623089403170624 -0.22807840734382623
v -0.3291290959136992 2.777111022239076 0.21106801953687793
v -0.3291290959136992 2.777111022239076 -0.2059002990700627
v -0.352752927591375 2.7993141451220964 0.13870574772386135
v -0.352752927591375 2.7993141451220964 -0.1335380272570461
v -0.34105914781440383 2.7919131041610896 0.17452507726407163
v -0.34105914781440383 2.7919131041610896 -0.16935737372189053
v -0.3592998245789918 2.806715152233835 0.09252503022924152
v -0.3592998245789918 2.806715152233835 -0.08735730976242628
v -0.36534309522854613 2.806715152233835 0.04989667919903429
v -0.36534309522854613 2.806715152233835 -0.04472895873221905
v -0.3653620762057326 2.806715152233835 0.00258386023340762
v -0.16348977063570302 2.806715152233835 0.09422484739663517
v -0.16348977063570302 2.806715152233835 -0.08905711846750286
v -0.15716775126188587 2.806715152233835 0.049342511672275435
v -0.15716775126188587 2.806715152233835 -0.044174791205460195
v -0.15718652914346265 2.806715152233835 0.00258386023340762
v 0.02550550321082312 2.5745671556487437 0.21070625548216526
v 0.02550550321082312 2.5745671556487437 -0.20553853501535002
v -0.19779999824831052 2.5745671556487437 0.23533173355090753
v -0.19779999824831052 2.5745671556487437 -0.2301640130840923
v 0.12480304253664798 2.5745671556487437 0.13821840288384024
v 0.12480304253664798 2.5745671556487437 -0.133050682417025
v 0.07813319465310542 2.5745671556487437 0.17228769140485056
v 0.07813319465310542 2.5745671556487437 -0.16711998786266946
v -0.3313485966657943 2.5745671556487437 0.23324611088600733
v -0.3313485966657943 2.5745671556487437 -0.22807840734382623
v -0.5470313444567054 2.5745671556487437 0.21106801953687793
v -0.5470313444567054 2.5745671556487437 -0.2059002990700627
v -0.597300317337627 2.5745671556487437 0.17452507726407163
v -0.597300317337627 2.5745671556487437 -0.16935737372189053
v -0.6465737832385159 2.5745671556487437 0.13870574772386135
v -0.6465737832385159 2.5745671556487437 -0.1335380272570461
v -0.6741601245020021 2.5745671556487437 0.09252503022924152
v -0.6741601245020021 2.5745671556487437 -0.08735730976242628
v -0.6996243535893854 2.5745671556487437 0.04989667919903429
v -0.6996243535893854 2.5745671556487437 -0.04472895873221905
v -0.6997043055610561 2.5745671556487437 0.00258386023340762
v 0.1509143680856866 2.5745671556487437 0.09422484739663517
v 0.1509143680856866 2.5745671556487437 -0.08905711846750286
v 0.17755309908375239 2.5745671556487437 0.049342511672275435
v 0.17755309908375239 2.5745671556487437 -0.044174791205460195
v 0.17747399334378855 2.5745671556487437 0.00258386023340762
v 0.03820801656940631 1.7407673710265072 0.4781860505964701
v 0.03820801656940631 1.829721284801451 0.4781860505964701
v -0.029228915915130216 1.730503460502419 0.37164801738907727
v -0.10358342026187017 1.1864144518253 0.2541814940488756
v -0.12138128089885569 1.1864144518253 0.22606414238929062
v -0.20463600183628294 1.1864144518253 0.09453687841393155
v -0.09280200519972581 1.2679351339851053 0.2712141581271865
v -0.0336790284416324 1.6968551553309723 0.3646176597649742
v 0.034639491310549886 1.8992266275979688 0.3745497120628727
v 0.026089572334946354 1.9442764156524959 0.22905223732036362
v -0.565891919795888 1.7407673710265072 0.47513711160566885
v -0.565891919795888 1.829721284801451 0.47513711160566885
v -0.49724125409873565 1.730503460502419 0.36928591390088883
v -0.4215485020060221 1.1864144518253 0.2525767340891214
v -0.40343030881869524 1.1864144518253 0.22464062833652676
v -0.31867714001085545 1.1864144518253 0.09396129699382882
v -0.43252394107393144 1.2679351339851053 0.26949954036723867
v -0.49271103727885546 1.6968551553309723 0.3623009142962772
v -0.562259216324378 1.8992266275979688 0.3721689576278635
v -0.553555384725918 1.9442764156524959 0.22759071053932445
v -0.0007383252988866218 2.0436025237607467 0.22905223732036362
v -0.5281776235943489 2.0399771317311846 0.22759071053932445
v 0.026089572334946354 2.1097306489003937 0.22905223732036362
v -0.553555384725918 2.1097306489003937 0.22759071053932445
v 0.05360895974578028 2.237157175571774 0.22905223732036362
v -0.581074772136752 2.237157175571774 0.22759071053932445
v 0.03697180744265438 2.352999458698328 0.22905223732036362
v -0.5644375859843578 2.352999458698328 0.22759071053932445
v -0.02313208726084426 2.4611189635689 0.22905223732036362
v -0.5043483480140232 2.4611189635689 0.22759071053932445
v -0.1361229334146774 2.544782845998945 0.22905223732036362
v -0.3913683928622582 2.544782845998945 0.22759071053932445
v -0.16477529814633485 2.65933797684999 0.22905223732036362
v -0.36113590197583534 2.65933797684999 0.22759071053932445
v -0.20147666345699555 2.743001859280035 0.22905223732036362
v -0.3231889851403782 2.743001859280035 0.22759071053932445
v -0.2343047014258599 2.766083472222654 0.22905223732036362
v -0.28924684928007194 2.766083472222654 0.22759071053932445
v -0.13962935372856222 2.5745671556487437 0.22905223732036362
v -0.38757513384899234 2.5745671556487437 0.22759071053932445
v -0.33498302644998645 2.544782845998945 0.034876578371205724
v -0.19454765477327296 2.544782845998945 0.035168562159364924
v -0.04942020753809473 2.4611189635689 0.035168562159364924
v 0.018977739522100023 2.352999458698328 0.035168562159364924
v 0.041309489624573814 2.237157175571774 0.035168562159364924
v 0.004370714008533838 2.1097306489003937 0.035168562159364924
v -0.03163991467134508 2.0532815866275413 0.035168562159364924
v -0.07424962744820718 2.0153244388507474 0.03835093919687349
v -0.13716294372017757 1.976394023063179 0.03953001498993203
v -0.1926387633692066 1.9510892578786496 0.03953001498993203
v -0.2605847216789906 1.9442764156524959 0.04066284845136536
v -0.3508664655587008 1.9559555640832542 0.03952036371731449
v -0.3888236048731777 1.9725009848693489 0.03952036371731449
v -0.4489342863549659 2.006565094452313 0.03837788744558068
v -0.499837306804622 2.0484152804229367 0.034876578371205724
v -0.5339014163875859 2.1097306489003937 0.034876578371205724
v -0.5708401750789918 2.237157175571774 0.034876578371205724
v -0.548508424976518 2.352999458698328 0.034876578371205724
v -0.4801104779163232 2.4611189635689 0.034876578371205724
v -0.33498302644998645 2.544782845998945 0.19654776662254037
v -0.19454765477327296 2.544782845998945 0.1983015310612508
v -0.04942020753809473 2.4611189635689 0.1983015310612508
v 0.018977739522100023 2.352999458698328 0.1983015310612508
v 0.041309489624573814 2.237157175571774 0.1983015310612508
v 0.004370714008533838 2.1097306489003937 0.1983015310612508
v -0.03163991467134508 2.0532815866275413 0.1983015310612508
v -0.07424962744820718 2.0153244388507474 0.2174162467066587
v -0.13716294372017757 1.976394023063179 0.2244982921634211
v -0.1926387633692066 1.9510892578786496 0.2244982921634211
v -0.2605847216789906 1.9442764156524959 0.2313025705247007
v -0.3508664655587008 1.9559555640832542 0.22444032529149638
v -0.3888236048731777 1.9725009848693489 0.22444032529149638
v -0.4489342863549659 2.006565094452313 0.21757811390756032
v -0.499837306804622 2.0484152804229367 0.19654776662254037
v -0.5339014163875859 2.1097306489003937 0.19654776662254037
v -0.5708401750789918 2.237157175571774 0.19654776662254037
v -0.548508424976518 2.352999458698328 0.19654776662254037
v -0.4801104779163232 2.4611189635689 0.19654776662254037
v 0.03820801656940631 1.7407673710265072 -0.4673118173878734
v 0.03820801656940631 1.829721284801451 -0.4673118173878734
v -0.029228915915130216 1.730503460502419 -0.36077378418048056
v -0.10358342026187017 1.1864144518253 -0.24330726084027887
v -0.12138128089885569 1.1864144518253 -0.21518990918069392
v -0.20463600183628294 1.1864144518253 -0.08366264520533484
v -0.09280200519972581 1.2679351339851053 -0.2603399249185898
v -0.0336790284416324 1.6968551553309723 -0.35374342655637747
v 0.034639491310549886 1.8992266275979688 -0.363675478854276
v 0.026089572334946354 1.9442764156524959 -0.22388451685354838
v -0.565891919795888 1.7407673710265072 -0.46426287839707214
v -0.565891919795888 1.829721284801451 -0.46426287839707214
v -0.49724125409873565 1.730503460502419 -0.3584116806922921
v -0.4215485020060221 1.1864144518253 -0.2417025008805247
v -0.40343030881869524 1.1864144518253 -0.21376639512793005
v -0.31867714001085545 1.1864144518253 -0.08308706378523212
v -0.43252394107393144 1.2679351339851053 -0.25862530715864196
v -0.49271103727885546 1.6968551553309723 -0.3514266810876805
v -0.562259216324378 1.8992266275979688 -0.3612947244192668
v -0.553555384725918 1.9442764156524959 -0.2224229900725092
v -0.0007383252988866218 2.0436025237607467 -0.22388451685354838
v -0.5281776235943489 2.0399771317311846 -0.2224229900725092
v 0.026089572334946354 2.1097306489003937 -0.22388451685354838
v -0.553555384725918 2.1097306489003937 -0.2224229900725092
v 0.05360895974578028 2.237157175571774 -0.22388451685354838
v -0.581074772136752 2.237157175571774 -0.2224229900725092
v 0.03697180744265438 2.352999458698328 -0.22388451685354838
v -0.5644375859843578 2.352999458698328 -0.2224229900725092
v -0.02313208726084426 2.4611189635689 -0.22388451685354838
v -0.5043483480140232 2.4611189635689 -0.2224229900725092
v -0.1361229334146774 2.544782845998945 -0.22388451685354838
v -0.3913683928622582 2.544782845998945 -0.2224229900725092
v -0.16477529814633485 2.65933797684999 -0.22388451685354838
v -0.36113590197583534 2.65933797684999 -0.2224229900725092
v -0.20147666345699555 2.743001859280035 -0.22388451685354838
v -0.3231889851403782 2.743001859280035 -0.2224229900725092
v -0.2343047014258599 2.766083472222654 -0.22388451685354838
v -0.28924684928007194 2.766083472222654 -0.2224229900725092
v -0.13962935372856222 2.5745671556487437 -0.22388451685354838
v -0.38757513384899234 2.5745671556487437 -0.2224229900725092
vn 0.7190965821462837 -0.6833889759579966 0.12601433682170185
vn 0.7190965821462837 -0.6833889759579966 -0.12601433682170185
vn 0.6326309890137862 -0.6833842980587936 0.36436785383198744
vn 0.6326309890137862 -0.6833842980587936 -0.36436785383198744
vn 0.46984319745229425 -0.6833861029308245 0.5587761663929708
vn 0.46984319745229425 -0.6833861029308245 -0.5587761663929708
vn 0.25038178260077054 -0.6833921486324959 0.6857726548420554
vn 0.25038178260077054 -0.6833921486324959 -0.6857726548420554
vn 0.0007324646170910607 -0.6833894951967476 0.7300536016966968
vn 0.0007324646170910607 -0.6833894951967476 -0.7300536016966968
vn -0.2489765545421635 -0.6833884565312717 0.6862877623622026
vn -0.2489765545421635 -0.6833884565312717 -0.6862877623622026
vn -0.468682542133647 -0.6833847454134108 0.5597516989124643
vn -0.468682542133647 -0.6833847454134108 -0.5597516989124643
vn -0.6318701524023694 -0.6833865890410052 0.3656813919546724
vn -0.6318701524023694 -0.6833865890410052 -0.3656813919546724
vn -0.7188423494479241 -0.683379388046195 0.12750799439171026
vn -0.7188423494479241 -0.683379388046195 -0.12750799439171026
vn 0.9797932586710778 0.08813988495167153 0.17954534508980344
vn 0.9797932586710778 0.08813988495167153 -0.17954534508980344
vn 0.8326892454634043 0.2467487382024662 0.4957254085530387
vn 0.8326892454634043 0.2467487382024662 -0.4957254085530387
vn 0.5790725647890255 0.4043192636491543 0.707955434862157
vn 0.5790725647890255 0.4043192636491543 -0.707955434862157
vn 0.2932314335844848 0.4852296758703774 0.8237520792160201
vn 0.2932314335844848 0.4852296758703774 -0.8237520792160201
vn 0.0008545393864553702 0.5066197567605324 0.8621691781908792
vn 0.0008545393864553702 0.5066197567605324 -0.8621691781908792
vn -0.29167354891646624 0.4849831870610632 0.8244500282798026
vn -0.29167354891646624 0.4849831870610632 -0.8244500282798026
vn -0.5772685210168178 0.4051408588970172 0.7089583479269027
vn -0.5772685210168178 0.4051408588970172 -0.7089583479269027
vn -0.8314824561928725 0.24785160230101 0.49719866077885766
vn -0.8314824561928725 0.24785160230101 -0.49719866077885766
vn -0.9794085577941517 0.08810770944550146 0.18164775929211782
vn -0.9794085577941517 0.08810770944550146 -0.18164775929211782
vn 0.632575687293647 -0.7665253153387712 0.11084647396181609
vn 0.632575687293647 -0.7665253153387712 -0.11084647396181609
vn 0.5564983795055767 -0.7665357400351241 0.32051913025039835
vn 0.5564983795055767 -0.7665357400351241 -0.32051913025039835
vn 0.41332117670752455 -0.7665195661787267 0.49154181871971375
vn 0.41332117670752455 -0.7665195661787267 -0.49154181871971375
vn 0.2202605976678356 -0.7665324935862746 0.6032521905400889
vn 0.2202605976678356 -0.7665324935862746 -0.6032521905400889
vn 0.0006409049860898047 -0.7665223372857116 0.6422173274545373
vn 0.0006409049860898047 -0.7665223372857116 -0.6422173274545373
vn -0.2190089848494676 -0.7665313948171307 0.6037091065363432
vn -0.2190089848494676 -0.7665313948171307 -0.6037091065363432
vn -0.41228679889015246 -0.7665256499814148 0.49240026744659715
vn -0.41228679889015246 -0.7665256499814148 -0.49240026744659715
vn -0.5558486220426364 -0.766523520819876 0.32167374994426184
vn -0.5558486220426364 -0.766523520819876 -0.32167374994426184
vn -0.6323366511629638 -0.7665315117831577 0.1121597121939745
vn -0.6323366511629638 -0.7665315117831577 -0.1121597121939745
vn 0.6014706211141594 -0.7919098369224787 0.10541300736607638
vn 0.6014706211141594 -0.7919098369224787 -0.10541300736607638
vn 0.5291425356541495 -0.7919131340420063 0.3047650982203583
vn 0.5291425356541495 -0.7919131340420063 -0.3047650982203583
vn 0.39299450302550154 -0.7919097105590436 0.4673695870657728
vn 0.39299450302550154 -0.7919097105590436 -0.4673695870657728
vn 0.2094217721088752 -0.7919084691641655 0.5736056989194286
vn 0.2094217721088752 -0.7919084691641655 -0.5736056989194286
vn 0.0006103864306930143 -0.7919153291033907 0.610630607617628
vn 0.0006103864306930143 -0.7919153291033907 -0.610630607617628
vn -0.20823222636156571 -0.7919111535787537 0.5740348985402135
vn -0.20823222636156571 -0.7919111535787537 -0.5740348985402135
vn -0.3920226611558308 -0.7919193453381719 0.4681687554925704
vn -0.3920226611558308 -0.7919193453381719 -0.4681687554925704
vn -0.5285034842375589 -0.79191588063228 0.30586484785140106
vn -0.5285034842375589 -0.79191588063228 -0.30586484785140106
vn -0.6012564155265463 -0.7919090751991821 0.10663366919198466
vn -0.6012564155265463 -0.7919090751991821 -0.10663366919198466
vn 0 -1 0
vn 0 -1 0
vn 0 -1 0
vn 0 -1 0
vn 0 -1 0
vn 0 -1 0
vn 0 -1 0
vn 0 -1 0
vn 0 -1 0
vn 0 -1 0
vn 0 -1 0
vn 0 -1 0
vn 0 -1 0
vn 0 -1 0
vn 0 -1 0
vn 0 -1 0
vn 0 -1 0
vn 0 -1 0
vn 0 -1 0
vn 0 -1 0
vn 0 -1 0
vn 0 -1 0
vn 0 -1 0
vn 0 -1 0
vn 0 -1 0
vn 0 -1 0
vn 0 -1 0
vn 0 -1 0
vn 0 -1 0
vn 0 -1 0
vn 0 -1 0
vn 0 -1 0
vn 0 -1 0
vn 0 -1 0
vn 0 -1 0
vn 0 -1 0
vn 0 -1 0
vn 0.9541805156780226 -0.24815101394108396 0.1672142870105152
vn 0.9541805156780226 -0.24815101394108396 -0.1672142870105152
vn 0.8394386367114485 -0.24815398526296373 0.4834897876833941
vn 0.8394386367114485 -0.24815398526296373 -0.4834897876833941
vn 0.6234499521163541 -0.24815310331186985 0.741437923580123
vn 0.6234499521163541 -0.24815310331186985 -0.741437923580123
vn 0.3322615814316239 -0.24815090853413627 0.9099578935853236
vn 0.3322615814316239 -0.24815090853413627 -0.9099578935853236
vn 0.000976624603346457 -0.24815420501250365 0.9687200507571817
vn 0.000976624603346457 -0.24815420501250365 -0.9687200507571817
vn -0.3303745945741342 -0.24815481444731513 0.9106436269620488
vn -0.3303745945741342 -0.24815481444731513 -0.9106436269620488
vn -0.6219233673694934 -0.2481528628931656 0.7427189789938832
vn -0.6219233673694934 -0.2481528628931656 -0.7427189789938832
vn -0.8384334362064546 -0.24815456880466205 0.4852305462688939
vn -0.8384334362064546 -0.24815456880466205 -0.4852305462688939
vn -0.9538292587628567 -0.248154921918144 0.1692007087919511
vn -0.9538292587628567 -0.248154921918144 -0.1692007087919511
vn 0.9541805156780226 -0.24815101394108396 0.1672142870105152
vn 0.9541805156780226 -0.24815101394108396 -0.1672142870105152
vn 0.8394386367114485 -0.24815398526296373 0.4834897876833941
vn 0.8394386367114485 -0.24815398526296373 -0.4834897876833941
vn 0.6234499521163541 -0.24815310331186985 0.741437923580123
vn 0.6234499521163541 -0.24815310331186985 -0.741437923580123
vn 0.3322615814316239 -0.24815090853413627 0.9099578935853236
vn 0.3322615814316239 -0.24815090853413627 -0.9099578935853236
vn 0.000976624603346457 -0.24815420501250365 0.9687200507571817
vn 0.000976624603346457 -0.24815420501250365 -0.9687200507571817
vn -0.3303745945741342 -0.24815481444731513 0.9106436269620488
vn -0.3303745945741342 -0.24815481444731513 -0.9106436269620488
vn -0.6219233673694934 -0.2481528628931656 0.7427189789938832
vn -0.6219233673694934 -0.2481528628931656 -0.7427189789938832
vn -0.8384334362064546 -0.24815456880466205 0.4852305462688939
vn -0.8384334362064546 -0.24815456880466205 -0.4852305462688939
vn -0.9538292587628567 -0.248154921918144 0.1692007087919511
vn -0.9538292587628567 -0.248154921918144 -0.1692007087919511
vn 0.9195828996542017 0.3416352265630863 0.1940429401827313
vn 0.9223226888604363 0.3327210339636123 -0.19651353940998395
vn 0.610964407518897 0.6718197358572018 0.4187848316950397
vn 0.6174696671907014 0.6621806797080771 -0.42455618888523283
vn 0.30247387520470104 0.8523958087341583 0.42653363298934743
vn 0.30552921086299806 0.8485904812882726 -0.43190982435732034
vn 0.1268389935067871 0.9108540829500709 0.39275527914895153
vn 0.12784523192248037 0.9088333740962409 -0.39708625612520176
vn 0.005890257904875557 0.9215659577856651 0.3881771378023234
vn 0.005920693251426242 0.9197827541008367 -0.39238327009456253
vn -0.13437511167302213 0.9080925622234801 0.39662479473333195
vn -0.1353834893387293 0.9059951344489976 -0.40105377092007627
vn -0.300802791484927 0.8530884511423051 0.4263305937444534
vn -0.3038529922566085 0.8492990441400995 -0.43169953986472903
vn -0.6091086978835729 0.6732912682490594 0.4191246380996365
vn -0.6156040251695792 0.6637024045598506 -0.42488916481417177
vn -0.9190587668383302 0.34163325003329953 0.19651388136539563
vn -0.9218455978171809 0.3325724837259188 -0.19898803193523487
vn 0.9294698855482503 0.26033092921776363 0.2613685886856684
vn 0.9314109842769233 0.2511107636544067 -0.26347099032947335
vn 0.6321993461623879 0.46800755676705497 0.6174892011369761
vn 0.6370989954942193 0.45639177664202724 -0.6211371959187364
vn 0.33656437291214625 0.5784890609111533 0.7430173815546885
vn 0.33903599657959516 0.5725371590982845 -0.7464956761260888
vn 0.18613646886161825 0.602509600429244 0.7761026970384273
vn 0.18680607275294386 0.5985972899992024 -0.7789639116083831
vn 0.012940086101882933 0.989916597970121 0.1410591480016014
vn 0.012939917015021412 0.9892627306616742 -0.14557406455633579
vn -0.19535554744631387 0.5971147347725979 0.7780039868788597
vn -0.19599414557785566 0.5930791773858816 -0.7809246981947057
vn -0.3345552516170933 0.5786200159697417 0.7438223314304292
vn -0.3370202217967961 0.5726566486285464 -0.7473163539502934
vn -0.6305358876533816 0.4686596803557419 0.618694268916414
vn -0.6354218758834111 0.45706427916384956 -0.6223594494833654
vn -0.9285734431552455 0.2603582665652571 0.2645088537231728
vn -0.930549537104226 0.25095631756192405 -0.2666429929153758
vn -0.12692804279393566 -0.6777939114818708 0.7242131492251482
vn -0.12692804279393566 -0.6777939114818708 -0.7242131492251482
vn -0.14457144020402138 0.4984769454739843 0.8547630276914541
vn -0.14457144020402138 0.4984769454739843 -0.8547630276914541
vn -0.11185234810433978 -0.7616641432806328 0.6382450822874589
vn -0.11185234810433978 -0.7616641432806328 -0.6382450822874589
vn -0.1064199322861192 -0.7873609940604862 0.6072375672208534
vn -0.1064199322861192 -0.7873609940604862 -0.6072375672208534
vn 0 -1 0
vn 0 -1 0
vn 0 -1 0
vn 0 -1 0
vn -0.1673672015219171 -0.2446112500814717 0.9550673045331945
vn -0.1673672015219171 -0.2446112500814717 -0.9550673045331945
vn -0.1673672015219171 -0.2446112500814717 0.9550673045331945
vn -0.1673672015219171 -0.2446112500814717 -0.9550673045331945
vn -0.05514870412013799 0.9171104489826324 0.39480000607996923
vn -0.055636444134744036 0.9151783168281348 -0.39919072445594694
vn 0.08633854913534876 0.9198763284475833 0.38258750018132676
vn 0.08578837409278771 0.9181278974706816 -0.3868869586282036
vn 0.12842448772970216 -0.6777992975451214 0.7239442403933495
vn 0.12842448772970216 -0.6777992975451214 -0.7239442403933495
vn 0.14627916939715213 0.49841121632642826 0.8545107746778209
vn 0.14627916939715213 0.49841121632642826 -0.8545107746778209
vn 0.11316559422654772 -0.7616703485700524 0.6380061350743638
vn 0.11316559422654772 -0.7616703485700524 -0.6380061350743638
vn 0.10767075543592418 -0.7873576520666539 0.6070213638381626
vn 0.10767075543592418 -0.7873576520666539 -0.6070213638381626
vn 0 -1 0
vn 0 -1 0
vn 0 -1 0
vn 0 -1 0
vn 0.16934867462514158 -0.24460796718230648 0.9547187904266091
vn 0.16934867462514158 -0.24460796718230648 -0.9547187904266091
vn 0.16934867462514158 -0.24460796718230648 0.9547187904266091
vn 0.16934867462514158 -0.24460796718230648 -0.9547187904266091
vn 0.05328690984528317 0.9200689633863111 0.3881154568583677
vn 0.053775082860442934 0.9182659613688587 -0.39229563425391084
vn -0.08771118977503503 0.9221882580468188 0.376663727891101
vn -0.08719368408761878 0.9205541024398849 -0.3807589866783531
vn 0.3682771250791062 -0.677804485099548 0.6363592060482861
vn 0.3682771250791062 -0.677804485099548 -0.6363592060482861
vn 0.4320343238392355 0.45831163395516117 0.7767218222801036
vn 0.4320343238392355 0.45831163395516117 -0.7767218222801036
vn 0.32457096608179165 -0.7616659977335347 0.5608195751516808
vn 0.32457096608179165 -0.7616659977335347 -0.5608195751516808
vn 0.3087947148242423 -0.7873685437788159 0.5335696771408975
vn 0.3087947148242423 -0.7873685437788159 -0.5335696771408975
vn 0 -1 0
vn 0 -1 0
vn 0 -1 0
vn 0 -1 0
vn 0.4856807415521068 -0.2446104834113611 0.8392138754159492
vn 0.4856807415521068 -0.2446104834113611 -0.8392138754159492
vn 0.4856807415521068 -0.2446104834113611 0.8392138754159492
vn 0.4856807415521068 -0.2446104834113611 -0.8392138754159492
vn 0.18793858220883655 0.8962942957920366 0.40166606111045744
vn 0.1896179637529527 0.8938871414521206 -0.4062152214882411
vn 0.23777695645573255 0.621223194446197 0.7466885975162011
vn 0.23908550806083873 0.6169712249628876 -0.7497897221241997
vn 0.5637154610356901 -0.6777952541734599 0.4720365159701677
vn 0.5637154610356901 -0.6777952541734599 -0.4720365159701677
vn 0.7074403741756461 0.3363851434472053 0.6215892150401461
vn 0.7074403741756461 0.3363851434472053 -0.6215892150401461
vn 0.4967911754528414 -0.7616671076804585 0.4160069050747465
vn 0.4967911754528414 -0.7616671076804585 -0.4160069050747465
vn 0.4726796420390032 -0.7873619566110576 0.3957715316738773
vn 0.4726796420390032 -0.7873619566110576 -0.3957715316738773
vn 0 -1 0
vn 0 -1 0
vn 0 -1 0
vn 0 -1 0
vn 0.7434133826142145 -0.24461012758004808 0.6224969301413172
vn 0.7434133826142145 -0.24461012758004808 -0.6224969301413172
vn 0.7434133826142145 -0.24461012758004808 0.6224969301413172
vn 0.7434133826142145 -0.24461012758004808 -0.6224969301413172
vn 0.42495387591027195 0.787831022954318 0.44579870190433485
vn 0.4295298414533547 0.7818150904169077 -0.45196159095376504
vn 0.4591926761286797 0.5338122377814901 0.7100609699064576
vn 0.4627039437791693 0.5255432849503247 -0.7139392943765075
vn -0.36696356578629646 -0.6778022002557682 0.6371200190810564
vn -0.36696356578629646 -0.6778022002557682 -0.6371200190810564
vn -0.43068393001529376 0.4573269963854813 0.7780510078417838
vn -0.43068393001529376 0.4573269963854813 -0.7780510078417838
vn -0.32341091460020754 -0.7616652204872106 0.5614904026050901
vn -0.32341091460020754 -0.7616652204872106 -0.5614904026050901
vn -0.3076949366343334 -0.7873657659746051 0.5342087387349789
vn -0.3076949366343334 -0.7873657659746051 -0.5342087387349789
vn 0 -1 0
vn 0 -1 0
vn 0 -1 0
vn 0 -1 0
vn -0.4839400547770116 -0.24460991624114645 0.8402190263609379
vn -0.4839400547770116 -0.24460991624114645 -0.8402190263609379
vn -0.4839400547770116 -0.24460991624114645 0.8402190263609379
vn -0.4839400547770116 -0.24460991624114645 -0.8402190263609379
vn -0.18787425778959968 0.8955156041708295 0.40342913373548145
vn -0.18955220048264643 0.8930713311410154 -0.4080362248455418
vn -0.23427023724251406 0.6194915487803426 0.7492313907812916
vn -0.2356086222257988 0.6151765375117074 -0.7523605550718135
vn -0.562739924494705 -0.6777965784868224 0.47319718466116245
vn -0.562739924494705 -0.6777965784868224 -0.47319718466116245
vn -0.705619981158366 0.3384351409735704 0.6225448558491722
vn -0.705619981158366 0.3384351409735704 -0.6225448558491722
vn -0.49593895683920397 -0.7616706739555313 0.41701598953201874
vn -0.49593895683920397 -0.7616706739555313 -0.41701598953201874
vn -0.4718566442001542 -0.787363662315626 0.39674900200138347
vn -0.4718566442001542 -0.787363662315626 -0.39674900200138347
vn 0 -1 0
vn 0 -1 0
vn 0 -1 0
vn 0 -1 0
vn -0.7421323527763857 -0.2446103881135031 0.6240235003503855
vn -0.7421323527763857 -0.2446103881135031 -0.6240235003503855
vn -0.7421323527763857 -0.2446103881135031 0.6240235003503855
vn -0.7421323527763857 -0.2446103881135031 -0.6240235003503855
vn -0.42205136374277336 0.7901141279747048 0.4445135668769144
vn -0.4265983815138788 0.7841926502965101 -0.45061703042680773
vn -0.4572703754250308 0.5350945503901209 0.7103362766334306
vn -0.46074551160260185 0.526941252408616 -0.7141753916567666
vn -0.6906475655237376 -0.6777989935418682 0.25217942935490384
vn -0.6906475655237376 -0.6777989935418682 -0.25217942935490384
vn -0.922563563879315 0.14914711155460822 0.35585335423066367
vn -0.922563563879315 0.14914711155460822 -0.35585335423066367
vn -0.6086707410906045 -0.7616624139230241 0.22223927681030187
vn -0.6086707410906045 -0.7616624139230241 -0.22223927681030187
vn -0.5790995097236032 -0.7873617324116392 0.21143618463173378
vn -0.5790995097236032 -0.7873617324116392 -0.21143618463173378
vn 0 -1 0
vn 0 -1 0
vn 0 -1 0
vn 0 -1 0
vn -0.9108058918641236 -0.24460894653459955 0.33256441574653184
vn -0.9108058918641236 -0.24460894653459955 -0.33256441574653184
vn -0.9108058918641236 -0.24460894653459955 0.33256441574653184
vn -0.9108058918641236 -0.24460894653459955 -0.33256441574653184
vn -0.7813875113909469 0.5028066497040952 0.3696201158698026
vn -0.7886836205035676 0.4879449657518989 -0.374015851464564
vn -0.7770297295725905 0.3675783834963497 0.5109901479936355
vn -0.7826293946327246 0.3515789428945866 -0.5136958998959793
vn -0.7352560769119011 -0.6777894225820585 0
vn -0.9988543555663879 0.0478536975170783 0
vn -0.6479770320537523 -0.7616598754895849 0
vn -0.6164876568494037 -0.7873645718168503 0
vn 0 -1 0
vn 0 -1 0
vn -0.9696214544792714 -0.24461037388774487 0
vn -0.9696214544792714 -0.24461037388774487 0
vn -0.976228691224031 0.21674303317757515 0
vn -0.9854877669412611 0.16974646155112244 0
vn 0.6911679260752392 -0.6778005149889641 0.2507456078290259
vn 0.6911679260752392 -0.6778005149889641 -0.2507456078290259
vn 0.9233137190520898 0.14923660254008525 0.35386468130132914
vn 0.9233137190520898 0.14923660254008525 -0.35386468130132914
vn 0.6091276360503721 -0.7616613186775184 0.22098768886548656
vn 0.6091276360503721 -0.7616613186775184 -0.22098768886548656
vn 0.5795287952685335 -0.7873644114386884 0.21024666240968015
vn 0.5795287952685335 -0.7873644114386884 -0.21024666240968015
vn 0 -1 0
vn 0 -1 0
vn 0 -1 0
vn 0 -1 0
vn 0.9114916471319241 -0.2446127842815669 0.3306774303981929
vn 0.9114916471319241 -0.2446127842815669 -0.3306774303981929
vn 0.9114916471319241 -0.2446127842815669 0.3306774303981929
vn 0.9114916471319241 -0.2446127842815669 -0.3306774303981929
vn 0.7821207508598967 0.5031429247980985 0.3676062136307903
vn 0.7894062315386656 0.4883661415732868 -0.3719358995482192
vn 0.7784256224567987 0.3678492884815466 0.5086653627546951
vn 0.7840063954013484 0.35197733332028297 -0.511317835400377
vn 0.7352560769119011 -0.6777894225820585 0
vn 0.9988616378272244 0.04770145151999963 0
vn 0.6479770320537523 -0.7616598754895849 0
vn 0.6164876568494037 -0.7873645718168503 0
vn 0 -1 0
vn 0 -1 0
vn 0.9696214544792714 -0.24461037388774487 0
vn 0.9696214544792714 -0.24461037388774487 0
vn 0.9763633867582753 0.2161354598345927 0
vn 0.985560909391468 0.16932127414906475 0
vn 0.2628074596269124 0.625445734889537 0.7346767124885175
vn 0.2628074596269124 0.625445734889537 -0.7346767124885175
vn 0.3645813438296724 0.807779973758039 0.4632191249579534
vn 0.3645813438296724 0.807779973758039 -0.4632191249579534
vn -0.2883180036251944 0.6113672466622252 0.7369550993746039
vn -0.2883180036251944 0.6113672466622252 -0.7369550993746039
vn -0.391685519084391 0.7946326975519366 0.4638332999267341
vn -0.391685519084391 0.7946326975519366 -0.4638332999267341
vn -0.22178110436309525 0.40535250470959094 0.8868497554113363
vn -0.22178110436309525 0.40535250470959094 -0.8868497554113363
vn 0.37663081539111853 0 0.926363443200249
vn 0.37663081539111853 0 -0.926363443200249
vn 0.6834563638115791 0.033205345974238784 0.7292357669260234
vn 0.6834563638115791 0.033205345974238784 -0.7292357669260234
vn 0.5221599906256079 0.008057177081571049 0.8528094899139792
vn 0.5221599906256079 0.008057177081571049 -0.8528094899139792
vn 0.22568645274208768 0.39921630467583963 0.8886461428091952
vn 0.22568645274208768 0.39921630467583963 -0.8886461428091952
vn -0.3744983364982975 0.00030518975671774883 0.9272275356239268
vn -0.3744983364982975 0.00030518975671774883 -0.9272275356239268
vn -0.6811560361277776 0.03308271544422962 0.7313904486562085
vn -0.6811560361277776 0.03308271544422962 -0.7313904486562085
vn -0.5200068070293649 0.007995879282927693 0.854124690286856
vn -0.5200068070293649 0.007995879282927693 -0.854124690286856
vn -0.8079599083836019 0.050569974676453425 0.5870634242617953
vn -0.8079599083836019 0.050569974676453425 -0.5870634242617953
vn -0.9488163146333688 0.062167929991190723 0.30964939781333767
vn -0.9488163146333688 0.062167929991190723 -0.30964939781333767
vn -0.9978107409702313 0.06613414552587851 0
vn 0.809740852164584 0.05063169211475032 0.5845991653170319
vn 0.809740852164584 0.05063169211475032 -0.5845991653170319
vn 0.9499115688870094 0.06222874723945365 0.30626066399658364
vn 0.9499115688870094 0.06222874723945365 -0.30626066399658364
vn 0.9978087266599295 0.06616452978212727 0
vn -0.5281629744587687 0.2628302138048065 0.8074429708172495
vn -0.5281629744587687 0.2628302138048065 -0.8074429708172495
vn 0.40260819598582803 -0.018921853102688405 0.9151768157029533
vn 0.40260819598582803 -0.018921853102688405 -0.9151768157029533
vn 0.5570598703687667 0.015625631941475544 0.8303253220582656
vn 0.5570598703687667 0.015625631941475544 -0.8303253220582656
vn 0.7153123080035431 0.060550373109828075 0.6961766689102019
vn 0.7153123080035431 0.060550373109828075 -0.6961766689102019
vn -0.403162769455122 -0.018342228114098746 0.9149444485831293
vn -0.403162769455122 -0.018342228114098746 -0.9149444485831293
vn 0.5379353291559507 0.24510148867235826 0.8065673201267658
vn 0.5379353291559507 0.24510148867235826 -0.8065673201267658
vn -0.7111555764545797 0.06030570037405442 0.7004434085491483
vn -0.7111555764545797 0.06030570037405442 -0.7004434085491483
vn -0.5525901576118519 0.015412461436648922 0.8333106106026565
vn -0.5525901576118519 0.015412461436648922 -0.8333106106026565
vn -0.81069432749727 0.0910402142829784 0.5783479806717222
vn -0.81069432749727 0.0910402142829784 -0.5783479806717222
vn -0.9460161939485359 0.11148812190046921 0.30434151780891183
vn -0.9460161939485359 0.11148812190046921 -0.30434151780891183
vn -0.9929423947333309 0.11859764222461726 0
vn 0.8124450952679383 0.09119064030218632 0.5758621660574238
vn 0.8124450952679383 0.09119064030218632 -0.5758621660574238
vn 0.9470762216792686 0.11160923197125479 0.3009817430817149
vn 0.9470762216792686 0.11160923197125479 -0.3009817430817149
vn 0.9929352052591676 0.11865781961984126 0
vn -0.5474480166531591 0.029786446683864858 0.8363094144253499
vn -0.5474480166531591 0.029786446683864858 -0.8363094144253499
vn 0.4532955396649094 0.007141396173920832 0.8913316746198273
vn 0.4532955396649094 0.007141396173920832 -0.8913316746198273
vn 0.6110529134869455 0.04257410947804336 0.790444041106812
vn 0.6110529134869455 0.04257410947804336 -0.790444041106812
vn 0.7538901377053533 0.08438613450828013 0.6515586240495584
vn 0.7538901377053533 0.08438613450828013 -0.6515586240495584
vn -0.4581554867348029 0.007110993157289086 0.888843621651814
vn -0.4581554867348029 0.007110993157289086 -0.888843621651814
vn 0.5425370042010411 0.03024437047169322 0.8394872703783722
vn 0.5425370042010411 0.03024437047169322 -0.8394872703783722
vn -0.747504385621792 0.0836528616714989 0.6589684303594189
vn -0.747504385621792 0.0836528616714989 -0.6589684303594189
vn -0.604251521907502 0.041750397054060896 0.795699065362211
vn -0.604251521907502 0.041750397054060896 -0.795699065362211
vn -0.8172396644598603 0.10535183751821271 0.5665865522275226
vn -0.8172396644598603 0.10535183751821271 -0.5665865522275226
vn -0.9461318697778209 0.12784576583507665 0.2974725956264996
vn -0.9461318697778209 0.12784576583507665 -0.2974725956264996
vn -0.9907643073980577 0.13559530665199046 0
vn 0.8189161783175002 0.10544312882568634 0.5641436337257649
vn 0.8189161783175002 0.10544312882568634 -0.5641436337257649
vn 0.9471552918416811 0.12790487634916542 0.29417205125981044
vn 0.9471552918416811 0.12790487634916542 -0.29417205125981044
vn 0.9907684068321295 0.13556534964113773 0
vn -0.5187996220273916 -0.22047228825108547 0.8259775555652622
vn -0.5187996220273916 -0.22047228825108547 -0.8259775555652622
vn 0.4537331457182574 0.0893000051548848 0.8866519844651295
vn 0.4537331457182574 0.0893000051548848 -0.8866519844651295
vn 0.7632039801537506 0.13205835928270737 0.6325189913520642
vn 0.7632039801537506 0.13205835928270737 -0.6325189913520642
vn 0.6340329254993402 0.11310353294415994 0.7649900915817783
vn 0.6340329254993402 0.11310353294415994 -0.7649900915817783
vn 0.5159568266349799 -0.22098920852474221 0.8276184644897486
vn 0.5159568266349799 -0.22098920852474221 -0.8276184644897486
vn -0.4569696407866256 0.08911716709665901 0.8850067106683478
vn -0.4569696407866256 0.08911716709665901 -0.8850067106683478
vn -0.6278131409704418 0.11148712037825255 0.7703384204455813
vn -0.6278131409704418 0.11148712037825255 -0.7703384204455813
vn -0.7569094730858269 0.13080577090029327 0.6402951661945572
vn -0.7569094730858269 0.13080577090029327 -0.6402951661945572
vn -0.8228573390951162 0.14453870029484187 0.5495583350422253
vn -0.8228573390951162 0.14453870029484187 -0.5495583350422253
vn -0.9419382665196344 0.17350048555451605 0.28748892774911083
vn -0.9419382665196344 0.17350048555451605 -0.28748892774911083
vn -0.9830286875126952 0.18345189976412823 0
vn 0.8244729275944558 0.14459939705759964 0.5471155326203103
vn 0.8244729275944558 0.14459939705759964 -0.5471155326203103
vn 0.9429042856210885 0.17347362856054346 0.28432096009865915
vn 0.9429042856210885 0.17347362856054346 -0.28432096009865915
vn 0.9830462208177548 0.18335792247931376 0
vn 0.39742134260463985 0.149086406764291 0.9054443769555576
vn 0.39742134260463985 0.149086406764291 -0.9054443769555576
vn -0.3947926959912564 -0.4320868063282654 0.8108265652955604
vn -0.3947926959912564 -0.4320868063282654 -0.8108265652955604
vn 0.7437014055196739 0.17539608600606288 0.6450925766444807
vn 0.7437014055196739 0.17539608600606288 -0.6450925766444807
vn 0.605527108088375 0.16654208031056453 0.7782034803674158
vn 0.605527108088375 0.16654208031056453 -0.7782034803674158
vn 0.39650923372633345 -0.43499430041561815 0.8084308171857891
vn 0.39650923372633345 -0.43499430041561815 -0.8084308171857891
vn -0.39506869945935114 0.1468269993178666 0.9068420783018442
vn -0.39506869945935114 0.1468269993178666 -0.9068420783018442
vn -0.7397010450793875 0.17417476899553055 0.6500042413352513
vn -0.7397010450793875 0.17417476899553055 -0.6500042413352513
vn -0.6016291493212504 0.1647437753211237 0.7816021079679427
vn -0.6016291493212504 0.1647437753211237 -0.7816021079679427
vn -0.8274795575043078 0.19114462279072886 0.5279595771369862
vn -0.8274795575043078 0.19114462279072886 -0.5279595771369862
vn -0.9344420355247982 0.22620956407106096 0.27504057040199054
vn -0.9344420355247982 0.22620956407106096 -0.27504057040199054
vn -0.9712312220832746 0.23813843295576848 0
vn 0.8290057777907738 0.19117522188226413 0.5255487179394324
vn 0.8290057777907738 0.19117522188226413 -0.5255487179394324
vn 0.9353506774675803 0.2261468418081862 0.2719866101504301
vn 0.9353506774675803 0.2261468418081862 -0.2719866101504301
vn 0.9712682367443668 0.23798742044799062 0
vn -0.07800779051740447 -0.48181099526578347 0.8727960526145774
vn -0.07800779051740447 -0.48181099526578347 -0.8727960526145774
vn 0.3618362191595633 0.1032771352234491 0.926503310217697
vn 0.3618362191595633 0.1032771352234491 -0.926503310217697
vn 0.7298703603083516 0.16901617823655915 0.6623615241223365
vn 0.7298703603083516 0.16901617823655915 -0.6623615241223365
vn 0.5838539751091502 0.13690705162021505 0.8002318382605778
vn 0.5838539751091502 0.13690705162021505 -0.8002318382605778
vn 0.07309366856735933 -0.4839136905200409 0.8720578282101703
vn 0.07309366856735933 -0.4839136905200409 -0.8720578282101703
vn -0.3574725388898016 0.10117147074024731 0.9284275509957332
vn -0.3574725388898016 0.10117147074024731 -0.9284275509957332
vn -0.7277407252926164 0.16846838602666409 0.6648397097497617
vn -0.7277407252926164 0.16846838602666409 -0.6648397097497617
vn -0.5816613616913169 0.13584000282003414 0.8020084500485367
vn -0.5816613616913169 0.13584000282003414 -0.8020084500485367
vn -0.8362588834678124 0.19694093286772382 0.5117473485836137
vn -0.8362588834678124 0.19694093286772382 -0.5117473485836137
vn -0.9358918299877795 0.23114995824381973 0.2658499188753038
vn -0.9358918299877795 0.23114995824381973 -0.2658499188753038
vn -0.9700508763984923 0.24290182625603485 0
vn 0.8377591318546294 0.19672842910911434 0.5093697695922265
vn 0.8377591318546294 0.19672842910911434 -0.5093697695922265
vn 0.936793155211378 0.23087930049831829 0.2628941478057631
vn 0.936793155211378 0.23087930049831829 -0.2628941478057631
vn 0.9701425001453319 0.24253562503633297 0
vn 0.055910536281022584 0.019715178186430454 0.9982411150027058
vn 0.055910536281022584 0.019715178186430454 -0.9982411150027058
vn 0.37816660054378026 0.3112374444544185 0.8718493421472793
vn 0.37816660054378026 0.3112374444544185 -0.8718493421472793
vn 0.6121338313066358 0.6320022128887738 0.47525295945796303
vn 0.6121338313066358 0.6320022128887738 -0.47525295945796303
vn 0.5670215394086385 0.530703384749212 0.6299527690727199
vn 0.5670215394086385 0.530703384749212 -0.6299527690727199
vn -0.07336758207426358 0.019440578056236883 0.997115470657945
vn -0.07336758207426358 0.019440578056236883 -0.997115470657945
vn -0.37361817191906477 0.30711643210158873 0.8752650791303436
vn -0.37361817191906477 0.30711643210158873 -0.8752650791303436
vn -0.612098629793682 0.6302882797021296 0.4775687928192408
vn -0.612098629793682 0.6302882797021296 -0.4775687928192408
vn -0.5671074096104058 0.5275240470749442 0.6325405644878813
vn -0.5671074096104058 0.5275240470749442 -0.6325405644878813
vn -0.6412139471404291 0.6991399125845337 0.31630374108423315
vn -0.6412139471404291 0.6991399125845337 -0.31630374108423315
vn -0.6537253502150738 0.74003417366685 0.15809044339049022
vn -0.6537253502150738 0.74003417366685 -0.15809044339049022
vn -0.6593080101150518 0.7518729598796133 0
vn 0.6415671952385528 0.6996445788625147 0.3144662100481246
vn 0.6415671952385528 0.6996445788625147 -0.3144662100481246
vn 0.6536892666314112 0.7404551282879924 0.15625794598323853
vn 0.6536892666314112 0.7404551282879924 -0.15625794598323853
vn 0.6588523980641668 0.7522722363380804 0
vn 0.07986942395023 0.08185318787073279 0.993438941633182
vn 0.07986942395023 0.08185318787073279 -0.993438941633182
vn 0.354327030837987 0.5590492934666811 0.7496107274392096
vn 0.354327030837987 0.5590492934666811 -0.7496107274392096
vn 0.4855940866495743 0.8210937795845938 0.30000564684427505
vn 0.4855940866495743 0.8210937795845938 -0.30000564684427505
vn 0.4722234725916398 0.7735394398887677 0.42266029724835097
vn 0.4722234725916398 0.7735394398887677 -0.42266029724835097
vn -0.10968483109998209 0.07971530247281405 0.9907647088881579
vn -0.10968483109998209 0.07971530247281405 -0.9907647088881579
vn -0.34905458932349637 0.5495389454425574 0.7590572054292662
vn -0.34905458932349637 0.5495389454425574 -0.7590572054292662
vn -0.4866312517336607 0.8205130983983364 0.2999137879339536
vn -0.4866312517336607 0.8205130983983364 -0.2999137879339536
vn -0.4735990923311726 0.7709185020161651 0.42589736203954287
vn -0.4735990923311726 0.7709185020161651 -0.42589736203954287
vn -0.4895532549799786 0.8538875750433346 0.17667376637498197
vn -0.4895532549799786 0.8538875750433346 -0.17667376637498197
vn -0.48376382038882415 0.8716355287800486 0.07889278199641887
vn -0.48376382038882415 0.8716355287800486 -0.07889278199641887
vn -0.4799422759086899 0.8773000694150133 0
vn 0.4895536895079445 0.8539188509249113 0.17652133334030298
vn 0.4895536895079445 0.8539188509249113 -0.17652133334030298
vn 0.4836418546489078 0.8717883166739928 0.07794669552002005
vn 0.4836418546489078 0.8717883166739928 -0.07794669552002005
vn 0.47958327078590196 0.8774963739995147 0
vn 0.061221430391288696 0.4123138026978087 0.908982543597905
vn 0.061221430391288696 0.4123138026978087 -0.908982543597905
vn 0.15854921521349602 0.8066019442384454 0.5694343244887373
vn 0.15854921521349602 0.8066019442384454 -0.5694343244887373
vn 0.2270610928428081 0.9483768361606739 0.22141507796647455
vn 0.2270610928428081 0.9483768361606739 -0.22141507796647455
vn 0.21015248712571977 0.9231938782571878 0.32179029709319523
vn 0.21015248712571977 0.9231938782571878 -0.32179029709319523
vn -0.10629979139661004 0.40807768140773076 0.9067375366035795
vn -0.10629979139661004 0.40807768140773076 -0.9067375366035795
vn -0.15564721764546136 0.8015831284050483 0.57726807628311
vn -0.15564721764546136 0.8015831284050483 -0.57726807628311
vn -0.2272159637030351 0.9486305023690806 0.2201660187528646
vn -0.2272159637030351 0.9486305023690806 -0.2201660187528646
vn -0.20865759233953285 0.9228604472977525 0.3237137685864806
vn -0.20865759233953285 0.9228604472977525 -0.3237137685864806
vn -0.23570103801391368 0.9651748174524507 0.11350150851328798
vn -0.23570103801391368 0.9651748174524507 -0.11350150851328798
vn -0.2337775815847479 0.9719165704955807 0.026948512843854737
vn -0.2337775815847479 0.9719165704955807 -0.026948512843854737
vn -0.23127393715622607 0.9728886709137167 0
vn 0.23539111468118534 0.965185965321915 0.11404856629853777
vn 0.23539111468118534 0.965185965321915 -0.11404856629853777
vn 0.23368619674776936 0.9719477965894052 0.026612819365171323
vn 0.23368619674776936 0.9719477965894052 -0.026612819365171323
vn 0.2310579851586364 0.9729399814451204 0
vn 0.36473513743072006 0.12518981878198104 0.9226569182511604
vn 0.36473513743072006 0.12518981878198104 -0.9226569182511604
vn 0.04730453491970679 0.010284921058205535 0.9988275633836186
vn 0.04730453491970679 0.010284921058205535 -0.9988275633836186
vn 0.7115275680030467 0.3039419689758732 0.6335201650040346
vn 0.7115275680030467 0.3039419689758732 -0.6335201650040346
vn 0.5874045252785152 0.22584265149387522 0.7771428571688337
vn 0.5874045252785152 0.22584265149387522 -0.7771428571688337
vn -0.06012324193204755 0.01034608039772018 0.9981373424534242
vn -0.06012324193204755 0.01034608039772018 -0.9981373424534242
vn -0.36033691992496164 0.1235711166264859 0.9246012563665892
vn -0.36033691992496164 0.1235711166264859 -0.9246012563665892
vn -0.5860811320775458 0.22406830529238994 0.7786541601931494
vn -0.5860811320775458 0.22406830529238994 -0.7786541601931494
vn -0.7102429294562433 0.3028725731953893 0.6354708376970712
vn -0.7102429294562433 0.3028725731953893 -0.6354708376970712
vn -0.8061026492198222 0.36424620194003887 0.46639384997343236
vn -0.8061026492198222 0.36424620194003887 -0.46639384997343236
vn -0.8793253013392365 0.41103545107226713 0.24049297783194962
vn -0.8793253013392365 0.41103545107226713 -0.24049297783194962
vn -0.9052601763652989 0.4248576386121211 0
vn 0.8072966642676402 0.36452258367627915 0.4641070801574903
vn 0.8072966642676402 0.36452258367627915 -0.4641070801574903
vn 0.8799690653663517 0.41121987805702515 0.23780802318053634
vn 0.8799690653663517 0.41121987805702515 -0.23780802318053634
vn 0.9052194514183312 0.42494440197971284 0
vn 0.3682771250791062 -0.677804485099548 0.6363592060482861
vn 0.4345913301955605 0.446737900683345 0.7820202195671742
vn 0.32457096608179165 -0.7616659977335347 0.5608195751516808
vn 0.3087947148242423 -0.7873685437788159 0.5335696771408975
vn 0 -1 0
vn 0 -1 0
vn 0.4856807415521068 -0.2446104834113611 0.8392138754159492
vn 0.4856807415521068 -0.2446104834113611 0.8392138754159492
vn 0.19556656081976442 0.8870078432230504 0.4182951187259081
vn 0.21247437326145976 0.6095896480645833 0.7637113994694903
vn -0.36696356578629646 -0.6778022002557682 0.6371200190810564
vn -0.43318641081310105 0.445912824414096 0.7832696129111014
vn -0.32341091460020754 -0.7616652204872106 0.5614904026050901
vn -0.3076949366343334 -0.7873657659746051 0.5342087387349789
vn 0 -1 0
vn 0 -1 0
vn -0.4839400547770116 -0.24460991624114645 0.8402190263609379
vn -0.4839400547770116 -0.24460991624114645 0.8402190263609379
vn -0.19535272775514426 0.8863050590855891 0.4198817142933412
vn -0.21036828889660644 0.6083680868383646 0.7652669167965788
vn 0.23060202933712548 -0.00875897081642836 0.9730087278621072
vn -0.22840257316240578 -0.0058596062709673664 0.9735491408178332
vn 0.2828465204199145 -0.06790391394436612 0.9567585402583992
vn -0.2863005929793571 -0.06470070003075143 0.9559528178080754
vn 0.3647069325262505 -0.008209721201424743 0.9310861688614472
vn -0.3754739837580279 -0.00805698897831453 0.9267979134900334
vn 0.32728282524233493 0.09326522988858112 0.9403124742314255
vn -0.33348095687193835 0.09366277386695777 0.9380926053409245
vn 0.20850447993389984 0.1560426596080259 0.96549291568087
vn -0.20392743162601526 0.15122125518321144 0.9672361317750857
vn 0.12769028527842582 0.0924716896777203 0.987493887400657
vn -0.12030665322253495 0.08807838740924229 0.9888217770972583
vn 0.1340092144675799 0.06064138606025859 0.9891229209428284
vn -0.12457811032570987 0.057863816930221766 0.9905211118991564
vn 0.1898288985994222 0.21793699506928316 0.9573235897212089
vn -0.17637060524088494 0.20789697239363583 0.9621186301473035
vn 0.11157867644087337 0.6335202654949381 0.7656384735440911
vn -0.11731564529836003 0.6257037473381097 0.7711886020522322
vn 0.1122475452509346 0.02557461700907561 0.9933511099052433
vn -0.1046507309605958 0.02490376033359825 0.994197177239334
vn 0.25849454398047816 -0.9660127176866383 0
vn -0.25849454398047816 -0.9660127176866383 0
vn -0.6924149541786677 -0.7214995018915491 0
vn -0.929679925008652 -0.3683683442369973 0
vn -0.9989502110106654 0.04580912487427419 0
vn -0.9110446031762219 0.4123078110143928 0
vn -0.7613101895545944 0.6483878432545969 0
vn -0.5979275899254151 0.8015501214559103 0
vn -0.47152257398556185 0.881853991441911 0
vn -0.260875203138557 0.965372533474729 0
vn 0.014343974732638048 0.9998971199022774 0
vn 0.2665812368359441 0.9638124527972328 0
vn 0.4469205978197216 0.8945736298619932 0
vn 0.5661622184113756 0.8242938447201399 0
vn 0.7681337058021264 0.6402894736060344 0
vn 0.9231455311627201 0.3844506838260267 0
vn 0.9989502110106654 0.04580912487427419 0
vn 0.929679925008652 -0.3683683442369973 0
vn 0.6924149541786677 -0.7214995018915491 0
vn 0.25849454398047816 -0.9660127176866383 0
vn -0.25849454398047816 -0.9660127176866383 0
vn -0.6924149541786677 -0.7214995018915491 0
vn -0.929679925008652 -0.3683683442369973 0
vn -0.9989502110106654 0.04580912487427419 0
vn -0.9110446031762219 0.4123078110143928 0
vn -0.7613101895545944 0.6483878432545969 0
vn -0.5979275899254151 0.8015501214559103 0
vn -0.47152257398556185 0.881853991441911 0
vn -0.260875203138557 0.965372533474729 0
vn 0.014343974732638048 0.9998971199022774 0
vn 0.2665812368359441 0.9638124527972328 0
vn 0.4469205978197216 0.8945736298619932 0
vn 0.5661622184113756 0.8242938447201399 0
vn 0.7681337058021264 0.6402894736060344 0
vn 0.9231455311627201 0.3844506838260267 0
vn 0.9989502110106654 0.04580912487427419 0
vn 0.929679925008652 -0.3683683442369973 0
vn 0.6924149541786677 -0.7214995018915491 0
vn 0.3682771250791062 -0.677804485099548 -0.6363592060482861
vn 0.4345913301955605 0.446737900683345 -0.7820202195671742
vn 0.32457096608179165 -0.7616659977335347 -0.5608195751516808
vn 0.3087947148242423 -0.7873685437788159 -0.5335696771408975
vn 0 -1 0
vn 0 -1 0
vn 0.4856807415521068 -0.2446104834113611 -0.8392138754159492
vn 0.4856807415521068 -0.2446104834113611 -0.8392138754159492
vn 0.1973668817986457 0.8842598148448202 -0.42323857789630126
vn 0.21400053268860122 0.6048597787123087 -0.767038734422905
vn -0.36696356578629646 -0.6778022002557682 -0.6371200190810564
vn -0.43318641081310105 0.445912824414096 -0.7832696129111014
vn -0.32341091460020754 -0.7616652204872106 -0.5614904026050901
vn -0.3076949366343334 -0.7873657659746051 -0.5342087387349789
vn 0 -1 0
vn 0 -1 0
vn -0.4839400547770116 -0.24460991624114645 -0.8402190263609379
vn -0.4839400547770116 -0.24460991624114645 -0.8402190263609379
vn -0.1971860724744487 0.8835071049080918 -0.42489157252059456
vn -0.21192975982130774 0.603590848720999 -0.7686116472200684
vn 0.23060202933712548 -0.00875897081642836 -0.9730087278621072
vn -0.22840257316240578 -0.0058596062709673664 -0.9735491408178332
vn 0.2828465204199145 -0.06790391394436612 -0.9567585402583992
vn -0.2863005929793571 -0.06470070003075143 -0.9559528178080754
vn 0.3647069325262505 -0.008209721201424743 -0.9310861688614472
vn -0.3754739837580279 -0.00805698897831453 -0.9267979134900334
vn 0.32728282524233493 0.09326522988858112 -0.9403124742314255
vn -0.33348095687193835 0.09366277386695777 -0.9380926053409245
vn 0.20850447993389984 0.1560426596080259 -0.96549291568087
vn -0.20392743162601526 0.15122125518321144 -0.9672361317750857
vn 0.12769028527842582 0.0924716896777203 -0.987493887400657
vn -0.12030665322253495 0.08807838740924229 -0.9888217770972583
vn 0.1340092144675799 0.06064138606025859 -0.9891229209428284
vn -0.12457811032570987 0.057863816930221766 -0.9905211118991564
vn 0.1898288985994222 0.21793699506928316 -0.9573235897212089
vn -0.17637060524088494 0.20789697239363583 -0.9621186301473035
vn 0.11157867644087337 0.6335202654949381 -0.7656384735440911
vn -0.11731564529836003 0.6257037473381097 -0.7711886020522322
vn 0.1122475452509346 0.02557461700907561 -0.9933511099052433
vn -0.1046507309605958 0.02490376033359825 -0.994197177239334
f 372//372 543//543 545//545
f 372//372 545//545 390//390
f 546//546 544//544 373//373
f 546//546 373//373 391//391
f 543//543 370//370 388//388
f 543//543 388//388 545//545
f 389//389 371//371 544//544
f 389//389 544//544 546//546
f 370//370 543//543 547//547
f 370//370 547//547 406//406
f 548//548 544//544 371//371
f 548//548 371//371 407//407
f 543//543 372//372 408//408
f 543//543 408//408 547//547
f 409//409 373//373 544//544
f 409//409 544//544 548//548
f 424//424 549//549 551//551
f 424//424 551//551 442//442
f 552//552 550//550 425//425
f 552//552 425//425 443//443
f 549//549 426//426 444//444
f 549//549 444//444 551//551
f 445//445 427//427 550//550
f 445//445 550//550 552//552
f 442//442 551//551 553//553
f 442//442 553//553 460//460
f 554//554 552//552 443//443
f 554//554 443//443 461//461
f 551//551 444//444 462//462
f 551//551 462//462 553//553
f 463//463 445//445 552//552
f 463//463 552//552 554//554
f 460//460 553//553 470//470
f 470//470 554//554 461//461
f 553//553 462//462 470//470
f 470//470 463//463 554//554
f 426//426 549//549 555//555
f 426//426 555//555 481//481
f 556//556 550//550 427//427
f 556//556 427//427 482//482
f 549//549 424//424 479//479
f 549//549 479//479 555//555
f 480//480 425//425 550//550
f 480//480 550//550 556//556
f 499//499 557//557 547//547
f 499//499 547//547 408//408
f 548//548 558//558 500//500
f 548//548 500//500 409//409
f 557//557 497//497 406//406
f 557//557 406//406 547//547
f 407//407 498//498 558//558
f 407//407 558//558 548//548
f 481//481 555//555 557//557
f 481//481 557//557 499//499
f 558//558 556//556 482//482
f 558//558 482//482 500//500
f 555//555 479//479 497//497
f 555//555 497//497 557//557
f 498//498 480//480 556//556
f 498//498 556//556 558//558
f 390//390 545//545 559//559
f 390//390 559//559 517//517
f 560//560 546//546 391//391
f 560//560 391//391 518//518
f 545//545 388//388 515//515
f 545//545 515//515 559//559
f 516//516 389//389 546//546
f 516//516 546//546 560//560
f 517//517 559//559 561//561
f 517//517 561//561 535//535
f 562//562 560//560 518//518
f 562//562 518//518 536//536
f 559//559 515//515 533//533
f 559//559 533//533 561//561
f 534//534 516//516 560//560
f 534//534 560//560 562//562
f 368//368 386//386 565//565
f 368//368 565//565 563//563
f 566//566 387//387 369//369
f 566//566 369//369 564//564
f 563//563 565//565 388//388
f 563//563 388//388 370//370
f 389//389 566//566 564//564
f 389//389 564//564 371//371
f 370//370 406//406 567//567
f 370//370 567//567 563//563
f 568//568 407//407 371//371
f 568//568 371//371 564//564
f 563//563 567//567 404//404
f 563//563 404//404 368//368
f 405//405 568//568 564//564
f 405//405 564//564 369//369
f 424//424 442//442 571//571
f 424//424 571//571 569//569
f 572//572 443//443 425//425
f 572//572 425//425 570//570
f 569//569 571//571 440//440
f 569//569 440//440 422//422
f 441//441 572//572 570//570
f 441//441 570//570 423//423
f 442//442 460//460 573//573
f 442//442 573//573 571//571
f 574//574 461//461 443//443
f 574//574 443//443 572//572
f 571//571 573//573 458//458
f 571//571 458//458 440//440
f 459//459 574//574 572//572
f 459//459 572//572 441//441
f 460//460 470//470 573//573
f 574//574 470//470 461//461
f 573//573 470//470 458//458
f 459//459 470//470 574//574
f 422//422 477//477 575//575
f 422//422 575//575 569//569
f 576//576 478//478 423//423
f 576//576 423//423 570//570
f 569//569 575//575 479//479
f 569//569 479//479 424//424
f 480//480 576//576 570//570
f 480//480 570//570 425//425
f 495//495 404//404 567//567
f 495//495 567//567 577//577
f 568//568 405//405 496//496
f 568//568 496//496 578//578
f 577//577 567//567 406//406
f 577//577 406//406 497//497
f 407//407 568//568 578//578
f 407//407 578//578 498//498
f 477//477 495//495 577//577
f 477//477 577//577 575//575
f 578//578 496//496 478//478
f 578//578 478//478 576//576
f 575//575 577//577 497//497
f 575//575 497//497 479//479
f 498//498 578//578 576//576
f 498//498 576//576 480//480
f 386//386 513//513 579//579
f 386//386 579//579 565//565
f 580//580 514//514 387//387
f 580//580 387//387 566//566
f 565//565 579//579 515//515
f 565//565 515//515 388//388
f 516//516 580//580 566//566
f 516//516 566//566 389//389
f 513//513 531//531 581//581
f 513//513 581//581 579//579
f 582//582 532//532 514//514
f 582//582 514//514 580//580
f 579//579 581//581 533//533
f 579//579 533//533 515//515
f 534//534 582//582 580//580
f 534//534 580//580 516//516
f 368//368 583//583 585//585
f 368//368 585//585 386//386
f 586//586 584//584 369//369
f 586//586 369//369 387//387
f 583//583 368//368 404//404
f 583//583 404//404 587//587
f 405//405 369//369 584//584
f 405//405 584//584 588//588
f 589//589 422//422 440//440
f 589//589 440//440 591//591
f 441//441 423//423 590//590
f 441//441 590//590 592//592
f 591//591 440//440 458//458
f 591//591 458//458 593//593
f 459//459 441//441 592//592
f 459//459 592//592 594//594
f 593//593 458//458 470//470
f 470//470 459//459 594//594
f 422//422 589//589 595//595
f 422//422 595//595 477//477
f 596//596 590//590 423//423
f 596//596 423//423 478//478
f 495//495 597//597 587//587
f 495//495 587//587 404//404
f 588//588 598//598 496//496
f 588//588 496//496 405//405
f 477//477 595//595 597//597
f 477//477 597//597 495//495
f 598//598 596//596 478//478
f 598//598 478//478 496//496
f 386//386 585//585 599//599
f 386//386 599//599 513//513
f 600//600 586//586 387//387
f 600//600 387//387 514//514
f 513//513 599//599 601//601
f 513//513 601//601 531//531
f 602//602 600//600 514//514
f 602//602 514//514 532//532
f 364//364 382//382 605//605
f 364//364 605//605 603//603
f 606//606 383//383 365//365
f 606//606 365//365 604//604
f 603//603 605//605 384//384
f 603//603 384//384 366//366
f 385//385 606//606 604//604
f 385//385 604//604 367//367
f 366//366 402//402 607//607
f 366//366 607//607 603//603
f 608//608 403//403 367//367
f 608//608 367//367 604//604
f 603//603 607//607 400//400
f 603//603 400//400 364//364
f 401//401 608//608 604//604
f 401//401 604//604 365//365
f 420//420 438//438 611//611
f 420//420 611//611 609//609
f 612//612 439//439 421//421
f 612//612 421//421 610//610
f 609//609 611//611 436//436
f 609//609 436//436 418//418
f 437//437 612//612 610//610
f 437//437 610//610 419//419
f 438//438 456//456 613//613
f 438//438 613//613 611//611
f 614//614 457//457 439//439
f 614//614 439//439 612//612
f 611//611 613//613 454//454
f 611//611 454//454 436//436
f 455//455 614//614 612//612
f 455//455 612//612 437//437
f 456//456 470//470 613//613
f 614//614 470//470 457//457
f 613//613 470//470 454//454
f 455//455 470//470 614//614
f 418//418 473//473 615//615
f 418//418 615//615 609//609
f 616//616 474//474 419//419
f 616//616 419//419 610//610
f 609//609 615//615 475//475
f 609//609 475//475 420//420
f 476//476 616//616 610//610
f 476//476 610//610 421//421
f 491//491 400//400 607//607
f 491//491 607//607 617//617
f 608//608 401//401 492//492
f 608//608 492//492 618//618
f 617//617 607//607 402//402
f 617//617 402//402 493//493
f 403//403 608//608 618//618
f 403//403 618//618 494//494
f 473//473 491//491 617//617
f 473//473 617//617 615//615
f 618//618 492//492 474//474
f 618//618 474//474 616//616
f 615//615 617//617 493//493
f 615//615 493//493 475//475
f 494//494 618//618 616//616
f 494//494 616//616 476//476
f 382//382 509//509 619//619
f 382//382 619//619 605//605
f 620//620 510//510 383//383
f 620//620 383//383 606//606
f 605//605 619//619 511//511
f 605//605 511//511 384//384
f 512//512 620//620 606//606
f 512//512 606//606 385//385
f 509//509 527//527 621//621
f 509//509 621//621 619//619
f 622//622 528//528 510//510
f 622//622 510//510 620//620
f 619//619 621//621 529//529
f 619//619 529//529 511//511
f 530//530 622//622 620//620
f 530//530 620//620 512//512
f 372//372 390//390 625//625
f 372//372 625//625 623//623
f 626//626 391//391 373//373
f 626//626 373//373 624//624
f 623//623 627//627 408//408
f 623//623 408//408 372//372
f 409//409 628//628 624//624
f 409//409 624//624 373//373
f 629//629 631//631 444//444
f 629//629 444//444 426//426
f 445//445 632//632 630//630
f 445//445 630//630 427//427
f 631//631 633//633 462//462
f 631//631 462//462 444//444
f 463//463 634//634 632//632
f 463//463 632//632 445//445
f 633//633 470//470 462//462
f 463//463 470//470 634//634
f 426//426 481//481 635//635
f 426//426 635//635 629//629
f 636//636 482//482 427//427
f 636//636 427//427 630//630
f 499//499 408//408 627//627
f 499//499 627//627 637//637
f 628//628 409//409 500//500
f 628//628 500//500 638//638
f 481//481 499//499 637//637
f 481//481 637//637 635//635
f 638//638 500//500 482//482
f 638//638 482//482 636//636
f 390//390 517//517 639//639
f 390//390 639//639 625//625
f 640//640 518//518 391//391
f 640//640 391//391 626//626
f 517//517 535//535 641//641
f 517//517 641//641 639//639
f 642//642 536//536 518//518
f 642//642 518//518 640//640
f 376//376 643//643 645//645
f 376//376 645//645 394//394
f 646//646 644//644 377//377
f 646//646 377//377 395//395
f 643//643 374//374 392//392
f 643//643 392//392 645//645
f 393//393 375//375 644//644
f 393//393 644//644 646//646
f 374//374 643//643 647//647
f 374//374 647//647 410//410
f 648//648 644//644 375//375
f 648//648 375//375 411//411
f 643//643 376//376 412//412
f 643//643 412//412 647//647
f 413//413 377//377 644//644
f 413//413 644//644 648//648
f 428//428 649//649 651//651
f 428//428 651//651 446//446
f 652//652 650//650 429//429
f 652//652 429//429 447//447
f 649//649 430//430 448//448
f 649//649 448//448 651//651
f 449//449 431//431 650//650
f 449//449 650//650 652//652
f 446//446 651//651 653//653
f 446//446 653//653 464//464
f 654//654 652//652 447//447
f 654//654 447//447 465//465
f 651//651 448//448 466//466
f 651//651 466//466 653//653
f 467//467 449//449 652//652
f 467//467 652//652 654//654
f 464//464 653//653 470//470
f 470//470 654//654 465//465
f 653//653 466//466 470//470
f 470//470 467//467 654//654
f 430//430 649//649 655//655
f 430//430 655//655 485//485
f 656//656 650//650 431//431
f 656//656 431//431 486//486
f 649//649 428//428 483//483
f 649//649 483//483 655//655
f 484//484 429//429 650//650
f 484//484 650//650 656//656
f 503//503 657//657 647//647
f 503//503 647//647 412//412
f 648//648 658//658 504//504
f 648//648 504//504 413//413
f 657//657 501//501 410//410
f 657//657 410//410 647//647
f 411//411 502//502 658//658
f 411//411 658//658 648//648
f 485//485 655//655 657//657
f 485//485 657//657 503//503
f 658//658 656//656 486//486
f 658//658 486//486 504//504
f 655//655 483//483 501//501
f 655//655 501//501 657//657
f 502//502 484//484 656//656
f 502//502 656//656 658//658
f 394//394 645//645 659//659
f 394//394 659//659 521//521
f 660//660 646//646 395//395
f 660//660 395//395 522//522
f 645//645 392//392 519//519
f 645//645 519//519 659//659
f 520//520 393//393 646//646
f 520//520 646//646 660//660
f 521//521 659//659 661//661
f 521//521 661//661 539//539
f 662//662 660//660 522//522
f 662//662 522//522 540//540
f 659//659 519//519 537//537
f 659//659 537//537 661//661
f 538//538 520//520 660//660
f 538//538 660//660 662//662
f 376//376 394//394 665//665
f 376//376 665//665 663//663
f 666//666 395//395 377//377
f 666//666 377//377 664//664
f 663//663 665//665 396//396
f 663//663 396//396 378//378
f 397//397 666//666 664//664
f 397//397 664//664 379//379
f 378//378 414//414 667//667
f 378//378 667//667 663//663
f 668//668 415//415 379//379
f 668//668 379//379 664//664
f 663//663 667//667 412//412
f 663//663 412//412 376//376
f 413//413 668//668 664//664
f 413//413 664//664 377//377
f 432//432 450//450 671//671
f 432//432 671//671 669//669
f 672//672 451//451 433//433
f 672//672 433//433 670//670
f 669//669 671//671 448//448
f 669//669 448//448 430//430
f 449//449 672//672 670//670
f 449//449 670//670 431//431
f 450//450 468//468 673//673
f 450//450 673//673 671//671
f 674//674 469//469 451//451
f 674//674 451//451 672//672
f 671//671 673//673 466//466
f 671//671 466//466 448//448
f 467//467 674//674 672//672
f 467//467 672//672 449//449
f 468//468 470//470 673//673
f 674//674 470//470 469//469
f 673//673 470//470 466//466
f 467//467 470//470 674//674
f 430//430 485//485 675//675
f 430//430 675//675 669//669
f 676//676 486//486 431//431
f 676//676 431//431 670//670
f 669//669 675//675 487//487
f 669//669 487//487 432//432
f 488//488 676//676 670//670
f 488//488 670//670 433//433
f 503//503 412//412 667//667
f 503//503 667//667 677//677
f 668//668 413//413 504//504
f 668//668 504//504 678//678
f 677//677 667//667 414//414
f 677//677 414//414 505//505
f 415//415 668//668 678//678
f 415//415 678//678 506//506
f 485//485 503//503 677//677
f 485//485 677//677 675//675
f 678//678 504//504 486//486
f 678//678 486//486 676//676
f 675//675 677//677 505//505
f 675//675 505//505 487//487
f 506//506 678//678 676//676
f 506//506 676//676 488//488
f 394//394 521//521 679//679
f 394//394 679//679 665//665
f 680//680 522//522 395//395
f 680//680 395//395 666//666
f 665//665 679//679 523//523
f 665//665 523//523 396//396
f 524//524 680//680 666//666
f 524//524 666//666 397//397
f 521//521 539//539 681//681
f 521//521 681//681 679//679
f 682//682 540//540 522//522
f 682//682 522//522 680//680
f 679//679 681//681 541//541
f 679//679 541//541 523//523
f 542//542 682//682 680//680
f 542//542 680//680 524//524
f 683//683 378//378 396//396
f 683//683 396//396 684//684
f 397//397 379//379 683//683
f 397//397 683//683 684//684
f 378//378 683//683 685//685
f 378//378 685//685 414//414
f 685//685 683//683 379//379
f 685//685 379//379 415//415
f 432//432 686//686 687//687
f 432//432 687//687 450//450
f 687//687 686//686 433//433
f 687//687 433//433 451//451
f 450//450 687//687 688//688
f 450//450 688//688 468//468
f 688//688 687//687 451//451
f 688//688 451//451 469//469
f 468//468 688//688 470//470
f 470//470 688//688 469//469
f 686//686 432//432 487//487
f 686//686 487//487 689//689
f 488//488 433//433 686//686
f 488//488 686//686 689//689
f 690//690 505//505 414//414
f 690//690 414//414 685//685
f 415//415 506//506 690//690
f 415//415 690//690 685//685
f 689//689 487//487 505//505
f 689//689 505//505 690//690
f 506//506 488//488 689//689
f 506//506 689//689 690//690
f 684//684 396//396 523//523
f 684//684 523//523 691//691
f 524//524 397//397 684//684
f 524//524 684//684 691//691
f 691//691 523//523 541//541
f 691//691 541//541 692//692
f 542//542 524//524 691//691
f 542//542 691//691 692//692
f 364//364 693//693 695//695
f 364//364 695//695 382//382
f 696//696 694//694 365//365
f 696//696 365//365 383//383
f 693//693 362//362 380//380
f 693//693 380//380 695//695
f 381//381 363//363 694//694
f 381//381 694//694 696//696
f 362//362 693//693 697//697
f 362//362 697//697 398//398
f 698//698 694//694 363//363
f 698//698 363//363 399//399
f 693//693 364//364 400//400
f 693//693 400//400 697//697
f 401//401 365//365 694//694
f 401//401 694//694 698//698
f 416//416 699//699 701//701
f 416//416 701//701 434//434
f 702//702 700//700 417//417
f 702//702 417//417 435//435
f 699//699 418//418 436//436
f 699//699 436//436 701//701
f 437//437 419//419 700//700
f 437//437 700//700 702//702
f 434//434 701//701 703//703
f 434//434 703//703 452//452
f 704//704 702//702 435//435
f 704//704 435//435 453//453
f 701//701 436//436 454//454
f 701//701 454//454 703//703
f 455//455 437//437 702//702
f 455//455 702//702 704//704
f 452//452 703//703 470//470
f 470//470 704//704 453//453
f 703//703 454//454 470//470
f 470//470 455//455 704//704
f 418//418 699//699 705//705
f 418//418 705//705 473//473
f 706//706 700//700 419//419
f 706//706 419//419 474//474
f 699//699 416//416 471//471
f 699//699 471//471 705//705
f 472//472 417//417 700//700
f 472//472 700//700 706//706
f 491//491 707//707 697//697
f 491//491 697//697 400//400
f 698//698 708//708 492//492
f 698//698 492//492 401//401
f 707//707 489//489 398//398
f 707//707 398//398 697//697
f 399//399 490//490 708//708
f 399//399 708//708 698//698
f 473//473 705//705 707//707
f 473//473 707//707 491//491
f 708//708 706//706 474//474
f 708//708 474//474 492//492
f 705//705 471//471 489//489
f 705//705 489//489 707//707
f 490//490 472//472 706//706
f 490//490 706//706 708//708
f 382//382 695//695 709//709
f 382//382 709//709 509//509
f 710//710 696//696 383//383
f 710//710 383//383 510//510
f 695//695 380//380 507//507
f 695//695 507//507 709//709
f 508//508 381//381 696//696
f 508//508 696//696 710//710
f 509//509 709//709 711//711
f 509//509 711//711 527//527
f 712//712 710//710 510//510
f 712//712 510//510 528//528
f 709//709 507//507 525//525
f 709//709 525//525 711//711
f 526//526 508//508 710//710
f 526//526 710//710 712//712
f 362//362 713//713 714//714
f 362//362 714//714 380//380
f 714//714 713//713 363//363
f 714//714 363//363 381//381
f 713//713 362//362 398//398
f 713//713 398//398 715//715
f 399//399 363//363 713//713
f 399//399 713//713 715//715
f 716//716 416//416 434//434
f 716//716 434//434 717//717
f 435//435 417//417 716//716
f 435//435 716//716 717//717
f 717//717 434//434 452//452
f 717//717 452//452 718//718
f 453//453 435//435 717//717
f 453//453 717//717 718//718
f 718//718 452//452 470//470
f 470//470 453//453 718//718
f 416//416 716//716 719//719
f 416//416 719//719 471//471
f 719//719 716//716 417//417
f 719//719 417//417 472//472
f 489//489 720//720 715//715
f 489//489 715//715 398//398
f 715//715 720//720 490//490
f 715//715 490//490 399//399
f 471//471 719//719 720//720
f 471//471 720//720 489//489
f 720//720 719//719 472//472
f 720//720 472//472 490//490
f 380//380 714//714 721//721
f 380//380 721//721 507//507
f 721//721 714//714 381//381
f 721//721 381//381 508//508
f 507//507 721//721 722//722
f 507//507 722//722 525//525
f 722//722 721//721 508//508
f 722//722 508//508 526//526
f 535//535 561//561 725//725
f 535//535 725//725 723//723
f 726//726 562//562 536//536
f 726//726 536//536 724//724
f 531//531 727//727 729//729
f 531//531 729//729 581//581
f 730//730 728//728 532//532
f 730//730 532//532 582//582
f 531//531 601//601 731//731
f 531//531 731//731 727//727
f 732//732 602//602 532//532
f 732//732 532//532 728//728
f 527//527 735//735 737//737
f 527//527 737//737 621//621
f 738//738 736//736 528//528
f 738//738 528//528 622//622
f 621//621 737//737 733//733
f 621//621 733//733 529//529
f 734//734 738//738 622//622
f 734//734 622//622 530//530
f 535//535 723//723 739//739
f 535//535 739//739 641//641
f 740//740 724//724 536//536
f 740//740 536//536 642//642
f 539//539 661//661 745//745
f 539//539 745//745 743//743
f 746//746 662//662 540//540
f 746//746 540//540 744//744
f 661//661 537//537 741//741
f 661//661 741//741 745//745
f 742//742 538//538 662//662
f 742//742 662//662 746//746
f 539//539 743//743 747//747
f 539//539 747//747 681//681
f 748//748 744//744 540//540
f 748//748 540//540 682//682
f 681//681 747//747 749//749
f 681//681 749//749 541//541
f 750//750 748//748 682//682
f 750//750 682//682 542//542
f 692//692 541//541 749//749
f 692//692 749//749 751//751
f 750//750 542//542 692//692
f 750//750 692//692 751//751
f 527//527 711//711 752//752
f 527//527 752//752 735//735
f 753//753 712//712 528//528
f 753//753 528//528 736//736
f 711//711 525//525 754//754
f 711//711 754//754 752//752
f 755//755 526//526 712//712
f 755//755 712//712 753//753
f 525//525 722//722 756//756
f 525//525 756//756 754//754
f 756//756 722//722 526//526
f 756//756 526//526 755//755
f 735//735 763//763 761//761
f 735//735 761//761 737//737
f 762//762 764//764 736//736
f 762//762 736//736 738//738
f 737//737 761//761 759//759
f 737//737 759//759 733//733
f 760//760 762//762 738//738
f 760//760 738//738 734//734
f 743//743 745//745 771//771
f 743//743 771//771 769//769
f 772//772 746//746 744//744
f 772//772 744//744 770//770
f 745//745 741//741 765//765
f 745//745 765//765 771//771
f 766//766 742//742 746//746
f 766//766 746//746 772//772
f 743//743 769//769 773//773
f 743//743 773//773 747//747
f 774//774 770//770 744//744
f 774//774 744//744 748//748
f 747//747 773//773 775//775
f 747//747 775//775 749//749
f 776//776 774//774 748//748
f 776//776 748//748 750//750
f 751//751 749//749 775//775
f 751//751 775//775 777//777
f 776//776 750//750 751//751
f 776//776 751//751 777//777
f 735//735 752//752 778//778
f 735//735 778//778 763//763
f 779//779 753//753 736//736
f 779//779 736//736 764//764
f 752//752 754//754 780//780
f 752//752 780//780 778//778
f 781//781 755//755 753//753
f 781//781 753//753 779//779
f 754//754 756//756 782//782
f 754//754 782//782 780//780
f 782//782 756//756 755//755
f 782//782 755//755 781//781
f 761//761 763//763 789//789
f 761//761 789//789 787//787
f 790//790 764//764 762//762
f 790//790 762//762 788//788
f 759//759 761//761 787//787
f 759//759 787//787 785//785
f 788//788 762//762 760//760
f 788//788 760//760 786//786
f 769//769 771//771 797//797
f 769//769 797//797 795//795
f 798//798 772//772 770//770
f 798//798 770//770 796//796
f 771//771 765//765 791//791
f 771//771 791//791 797//797
f 792//792 766//766 772//772
f 792//792 772//772 798//798
f 773//773 769//769 795//795
f 773//773 795//795 799//799
f 796//796 770//770 774//774
f 796//796 774//774 800//800
f 775//775 773//773 799//799
f 775//775 799//799 801//801
f 800//800 774//774 776//776
f 800//800 776//776 802//802
f 777//777 775//775 801//801
f 777//777 801//801 803//803
f 802//802 776//776 777//777
f 802//802 777//777 803//803
f 763//763 778//778 804//804
f 763//763 804//804 789//789
f 805//805 779//779 764//764
f 805//805 764//764 790//790
f 778//778 780//780 806//806
f 778//778 806//806 804//804
f 807//807 781//781 779//779
f 807//807 779//779 805//805
f 780//780 782//782 808//808
f 780//780 808//808 806//806
f 808//808 782//782 781//781
f 808//808 781//781 807//807
f 787//787 789//789 813//813
f 787//787 813//813 815//815
f 814//814 790//790 788//788
f 814//814 788//788 816//816
f 785//785 787//787 815//815
f 785//785 815//815 811//811
f 816//816 788//788 786//786
f 816//816 786//786 812//812
f 795//795 797//797 821//821
f 795//795 821//821 823//823
f 822//822 798//798 796//796
f 822//822 796//796 824//824
f 797//797 791//791 819//819
f 797//797 819//819 821//821
f 820//820 792//792 798//798
f 820//820 798//798 822//822
f 799//799 795//795 823//823
f 799//799 823//823 825//825
f 824//824 796//796 800//800
f 824//824 800//800 826//826
f 801//801 799//799 825//825
f 801//801 825//825 827//827
f 826//826 800//800 802//802
f 826//826 802//802 828//828
f 803//803 801//801 827//827
f 803//803 827//827 829//829
f 828//828 802//802 803//803
f 828//828 803//803 829//829
f 789//789 804//804 830//830
f 789//789 830//830 813//813
f 831//831 805//805 790//790
f 831//831 790//790 814//814
f 804//804 806//806 832//832
f 804//804 832//832 830//830
f 833//833 807//807 805//805
f 833//833 805//805 831//831
f 806//806 808//808 834//834
f 806//806 834//834 832//832
f 834//834 808//808 807//807
f 834//834 807//807 833//833
f 815//815 813//813 839//839
f 815//815 839//839 841//841
f 840//840 814//814 816//816
f 840//840 816//816 842//842
f 811//811 815//815 841//841
f 811//811 841//841 835//835
f 842//842 816//816 812//812
f 842//842 812//812 836//836
f 823//823 821//821 849//849
f 823//823 849//849 847//847
f 850//850 822//822 824//824
f 850//850 824//824 848//848
f 821//821 819//819 845//845
f 821//821 845//845 849//849
f 846//846 820//820 822//822
f 846//846 822//822 850//850
f 825//825 823//823 847//847
f 825//825 847//847 851//851
f 848//848 824//824 826//826
f 848//848 826//826 852//852
f 827//827 825//825 851//851
f 827//827 851//851 853//853
f 852//852 826//826 828//828
f 852//852 828//828 854//854
f 829//829 827//827 853//853
f 829//829 853//853 855//855
f 854//854 828//828 829//829
f 854//854 829//829 855//855
f 813//813 830//830 856//856
f 813//813 856//856 839//839
f 857//857 831//831 814//814
f 857//857 814//814 840//840
f 830//830 832//832 858//858
f 830//830 858//858 856//856
f 859//859 833//833 831//831
f 859//859 831//831 857//857
f 832//832 834//834 860//860
f 832//832 860//860 858//858
f 860//860 834//834 833//833
f 860//860 833//833 859//859
f 841//841 839//839 865//865
f 841//841 865//865 867//867
f 866//866 840//840 842//842
f 866//866 842//842 868//868
f 835//835 841//841 867//867
f 835//835 867//867 863//863
f 868//868 842//842 836//836
f 868//868 836//836 864//864
f 847//847 849//849 875//875
f 847//847 875//875 873//873
f 876//876 850//850 848//848
f 876//876 848//848 874//874
f 849//849 845//845 871//871
f 849//849 871//871 875//875
f 872//872 846//846 850//850
f 872//872 850//850 876//876
f 851//851 847//847 873//873
f 851//851 873//873 877//877
f 874//874 848//848 852//852
f 874//874 852//852 878//878
f 853//853 851//851 877//877
f 853//853 877//877 879//879
f 878//878 852//852 854//854
f 878//878 854//854 880//880
f 855//855 853//853 879//879
f 855//855 879//879 881//881
f 880//880 854//854 855//855
f 880//880 855//855 881//881
f 839//839 856//856 882//882
f 839//839 882//882 865//865
f 883//883 857//857 840//840
f 883//883 840//840 866//866
f 856//856 858//858 884//884
f 856//856 884//884 882//882
f 885//885 859//859 857//857
f 885//885 857//857 883//883
f 858//858 860//860 886//886
f 858//858 886//886 884//884
f 886//886 860//860 859//859
f 886//886 859//859 885//885
f 893//893 891//891 917//917
f 893//893 917//917 919//919
f 918//918 892//892 894//894
f 918//918 894//894 920//920
f 889//889 893//893 919//919
f 889//889 919//919 915//915
f 920//920 894//894 890//890
f 920//920 890//890 916//916
f 899//899 901//901 927//927
f 899//899 927//927 925//925
f 928//928 902//902 900//900
f 928//928 900//900 926//926
f 901//901 897//897 923//923
f 901//901 923//923 927//927
f 924//924 898//898 902//902
f 924//924 902//902 928//928
f 903//903 899//899 925//925
f 903//903 925//925 929//929
f 926//926 900//900 904//904
f 926//926 904//904 930//930
f 905//905 903//903 929//929
f 905//905 929//929 931//931
f 930//930 904//904 906//906
f 930//930 906//906 932//932
f 907//907 905//905 931//931
f 907//907 931//931 933//933
f 932//932 906//906 907//907
f 932//932 907//907 933//933
f 891//891 908//908 934//934
f 891//891 934//934 917//917
f 935//935 909//909 892//892
f 935//935 892//892 918//918
f 908//908 910//910 936//936
f 908//908 936//936 934//934
f 937//937 911//911 909//909
f 937//937 909//909 935//935
f 910//910 912//912 938//938
f 910//910 938//938 936//936
f 938//938 912//912 911//911
f 938//938 911//911 937//937
f 895//895 887//887 913//913
f 895//895 913//913 921//921
f 914//914 888//888 896//896
f 914//914 896//896 922//922
f 919//919 917//917 943//943
f 919//919 943//943 945//945
f 944//944 918//918 920//920
f 944//944 920//920 946//946
f 915//915 919//919 945//945
f 915//915 945//945 941//941
f 946//946 920//920 916//916
f 946//946 916//916 942//942
f 925//925 927//927 953//953
f 925//925 953//953 951//951
f 954//954 928//928 926//926
f 954//954 926//926 952//952
f 927//927 923//923 949//949
f 927//927 949//949 953//953
f 950//950 924//924 928//928
f 950//950 928//928 954//954
f 929//929 925//925 951//951
f 929//929 951//951 955//955
f 952//952 926//926 930//930
f 952//952 930//930 956//956
f 931//931 929//929 955//955
f 931//931 955//955 957//957
f 956//956 930//930 932//932
f 956//956 932//932 958//958
f 933//933 931//931 957//957
f 933//933 957//957 959//959
f 958//958 932//932 933//933
f 958//958 933//933 959//959
f 917//917 934//934 960//960
f 917//917 960//960 943//943
f 961//961 935//935 918//918
f 961//961 918//918 944//944
f 934//934 936//936 962//962
f 934//934 962//962 960//960
f 963//963 937//937 935//935
f 963//963 935//935 961//961
f 936//936 938//938 964//964
f 936//936 964//964 962//962
f 964//964 938//938 937//937
f 964//964 937//937 963//963
f 921//921 913//913 939//939
f 921//921 939//939 947//947
f 940//940 914//914 922//922
f 940//940 922//922 948//948
f 958//958 959//959 964//964
f 958//958 964//964 963//963
f 957//957 962//962 964//964
f 957//957 964//964 959//959
f 955//955 960//960 962//962
f 955//955 962//962 957//957
f 943//943 960//960 955//955
f 943//943 955//955 951//951
f 943//943 951//951 953//953
f 943//943 953//953 945//945
f 941//941 945//945 953//953
f 941//941 953//953 949//949
f 956//956 958//958 963//963
f 956//956 963//963 961//961
f 944//944 952//952 956//956
f 944//944 956//956 961//961
f 944//944 946//946 954//954
f 944//944 954//954 952//952
f 942//942 950//950 954//954
f 942//942 954//954 946//946
f 865//865 969//969 971//971
f 865//865 971//971 867//867
f 969//969 891//891 893//893
f 969//969 893//893 971//971
f 892//892 970//970 972//972
f 892//892 972//972 894//894
f 970//970 866//866 868//868
f 970//970 868//868 972//972
f 867//867 971//971 965//965
f 867//867 965//965 863//863
f 971//971 893//893 889//889
f 971//971 889//889 965//965
f 894//894 972//972 966//966
f 894//894 966//966 890//890
f 972//972 868//868 864//864
f 972//972 864//864 966//966
f 875//875 977//977 979//979
f 875//875 979//979 873//873
f 977//977 901//901 899//899
f 977//977 899//899 979//979
f 902//902 978//978 980//980
f 902//902 980//980 900//900
f 978//978 876//876 874//874
f 978//978 874//874 980//980
f 871//871 975//975 977//977
f 871//871 977//977 875//875
f 975//975 897//897 901//901
f 975//975 901//901 977//977
f 898//898 976//976 978//978
f 898//898 978//978 902//902
f 976//976 872//872 876//876
f 976//976 876//876 978//978
f 873//873 979//979 981//981
f 873//873 981//981 877//877
f 979//979 899//899 903//903
f 979//979 903//903 981//981
f 900//900 980//980 982//982
f 900//900 982//982 904//904
f 980//980 874//874 878//878
f 980//980 878//878 982//982
f 877//877 981//981 983//983
f 877//877 983//983 879//879
f 981//981 903//903 905//905
f 981//981 905//905 983//983
f 904//904 982//982 984//984
f 904//904 984//984 906//906
f 982//982 878//878 880//880
f 982//982 880//880 984//984
f 879//879 983//983 985//985
f 879//879 985//985 881//881
f 983//983 905//905 907//907
f 983//983 907//907 985//985
f 906//906 984//984 985//985
f 906//906 985//985 907//907
f 984//984 880//880 881//881
f 984//984 881//881 985//985
f 882//882 986//986 969//969
f 882//882 969//969 865//865
f 986//986 908//908 891//891
f 986//986 891//891 969//969
f 909//909 987//987 970//970
f 909//909 970//970 892//892
f 987//987 883//883 866//866
f 987//987 866//866 970//970
f 884//884 988//988 986//986
f 884//884 986//986 882//882
f 988//988 910//910 908//908
f 988//988 908//908 986//986
f 911//911 989//989 987//987
f 911//911 987//987 909//909
f 989//989 885//885 883//883
f 989//989 883//883 987//987
f 886//886 990//990 988//988
f 886//886 988//988 884//884
f 990//990 912//912 910//910
f 990//990 910//910 988//988
f 912//912 990//990 989//989
f 912//912 989//989 911//911
f 990//990 886//886 885//885
f 990//990 885//885 989//989
f 861//861 967//967 973//973
f 861//861 973//973 869//869
f 967//967 887//887 895//895
f 967//967 895//895 973//973
f 888//888 968//968 974//974
f 888//888 974//974 896//896
f 968//968 862//862 870//870
f 968//968 870//870 974//974
f 583//583 991//991 992//992
f 583//583 992//992 585//585
f 991//991 366//366 384//384
f 991//991 384//384 992//992
f 366//366 991//991 993//993
f 366//366 993//993 402//402
f 991//991 583//583 587//587
f 991//991 587//587 993//993
f 420//420 994//994 995//995
f 420//420 995//995 438//438
f 994//994 589//589 591//591
f 994//994 591//591 995//995
f 438//438 995//995 996//996
f 438//438 996//996 456//456
f 995//995 591//591 593//593
f 995//995 593//593 996//996
f 456//456 996//996 470//470
f 996//996 593//593 470//470
f 589//589 994//994 997//997
f 589//589 997//997 595//595
f 994//994 420//420 475//475
f 994//994 475//475 997//997
f 597//597 998//998 993//993
f 597//597 993//993 587//587
f 998//998 493//493 402//402
f 998//998 402//402 993//993
f 595//595 997//997 998//998
f 595//595 998//998 597//597
f 997//997 475//475 493//493
f 997//997 493//493 998//998
f 585//585 992//992 999//999
f 585//585 999//999 599//599
f 992//992 384//384 511//511
f 992//992 511//511 999//999
f 599//599 999//999 1000//1000
f 599//599 1000//1000 601//601
f 999//999 511//511 529//529
f 999//999 529//529 1000//1000
f 625//625 1002//1002 1001//1001
f 625//625 1001//1001 623//623
f 1002//1002 392//392 374//374
f 1002//1002 374//374 1001//1001
f 410//410 1003//1003 1001//1001
f 410//410 1001//1001 374//374
f 1003//1003 627//627 623//623
f 1003//1003 623//623 1001//1001
f 446//446 1005//1005 1004//1004
f 446//446 1004//1004 428//428
f 1005//1005 631//631 629//629
f 1005//1005 629//629 1004//1004
f 464//464 1006//1006 1005//1005
f 464//464 1005//1005 446//446
f 1006//1006 633//633 631//631
f 1006//1006 631//631 1005//1005
f 633//633 1006//1006 470//470
f 1006//1006 464//464 470//470
f 635//635 1007//1007 1004//1004
f 635//635 1004//1004 629//629
f 1007//1007 483//483 428//428
f 1007//1007 428//428 1004//1004
f 627//627 1003//1003 1008//1008
f 627//627 1008//1008 637//637
f 1003//1003 410//410 501//501
f 1003//1003 501//501 1008//1008
f 637//637 1008//1008 1007//1007
f 637//637 1007//1007 635//635
f 1008//1008 501//501 483//483
f 1008//1008 483//483 1007//1007
f 639//639 1009//1009 1002//1002
f 639//639 1002//1002 625//625
f 1009//1009 519//519 392//392
f 1009//1009 392//392 1002//1002
f 641//641 1010//1010 1009//1009
f 641//641 1009//1009 639//639
f 1010//1010 537//537 519//519
f 1010//1010 519//519 1009//1009
f 601//601 1000//1000 1011//1011
f 601//601 1011//1011 731//731
f 1000//1000 529//529 733//733
f 1000//1000 733//733 1011//1011
f 739//739 1012//1012 1010//1010
f 739//739 1010//1010 641//641
f 1012//1012 741//741 537//537
f 1012//1012 537//537 1010//1010
f 731//731 1011//1011 1013//1013
f 731//731 1013//1013 757//757
f 1011//1011 733//733 759//759
f 1011//1011 759//759 1013//1013
f 767//767 1014//1014 1012//1012
f 767//767 1012//1012 739//739
f 1014//1014 765//765 741//741
f 1014//1014 741//741 1012//1012
f 757//757 1013//1013 1015//1015
f 757//757 1015//1015 783//783
f 1013//1013 759//759 785//785
f 1013//1013 785//785 1015//1015
f 765//765 1014//1014 1016//1016
f 765//765 1016//1016 791//791
f 1014//1014 767//767 793//793
f 1014//1014 793//793 1016//1016
f 783//783 1015//1015 1017//1017
f 783//783 1017//1017 809//809
f 1015//1015 785//785 811//811
f 1015//1015 811//811 1017//1017
f 791//791 1016//1016 1018//1018
f 791//791 1018//1018 819//819
f 1016//1016 793//793 817//817
f 1016//1016 817//817 1018//1018
f 809//809 1017//1017 1019//1019
f 809//809 1019//1019 837//837
f 1017//1017 811//811 835//835
f 1017//1017 835//835 1019//1019
f 819//819 1018//1018 1020//1020
f 819//819 1020//1020 845//845
f 1018//1018 817//817 843//843
f 1018//1018 843//843 1020//1020
f 837//837 1019//1019 1021//1021
f 837//837 1021//1021 861//861
f 1019//1019 835//835 863//863
f 1019//1019 863//863 1021//1021
f 845//845 1020//1020 1022//1022
f 845//845 1022//1022 871//871
f 1020//1020 843//843 869//869
f 1020//1020 869//869 1022//1022
f 887//887 1023//1023 1025//1025
f 887//887 1025//1025 913//913
f 1023//1023 889//889 915//915
f 1023//1023 915//915 1025//1025
f 897//897 1024//1024 1026//1026
f 897//897 1026//1026 923//923
f 1024//1024 895//895 921//921
f 1024//1024 921//921 1026//1026
f 913//913 1025//1025 1027//1027
f 913//913 1027//1027 939//939
f 1025//1025 915//915 941//941
f 1025//1025 941//941 1027//1027
f 923//923 1026//1026 1028//1028
f 923//923 1028//1028 949//949
f 1026//1026 921//921 947//947
f 1026//1026 947//947 1028//1028
f 939//939 1027//1027 1028//1028
f 939//939 1028//1028 947//947
f 1027//1027 941//941 949//949
f 1027//1027 949//949 1028//1028
f 965//965 1029//1029 1021//1021
f 965//965 1021//1021 863//863
f 1029//1029 967//967 861//861
f 1029//1029 861//861 1021//1021
f 889//889 1023//1023 1029//1029
f 889//889 1029//1029 965//965
f 1023//1023 887//887 967//967
f 1023//1023 967//967 1029//1029
f 973//973 1030//1030 1022//1022
f 973//973 1022//1022 869//869
f 1030//1030 975//975 871//871
f 1030//1030 871//871 1022//1022
f 895//895 1024//1024 1030//1030
f 895//895 1030//1030 973//973
f 1024//1024 897//897 975//975
f 1024//1024 975//975 1030//1030
f 1031//1031 870//870 862//862
f 1031//1031 862//862 1032//1032
f 1032//1032 862//862 838//838
f 1032//1032 838//838 1033//1033
f 1033//1033 838//838 810//810
f 1033//1033 810//810 1034//1034
f 1034//1034 810//810 784//784
f 1034//1034 784//784 1035//1035
f 1035//1035 784//784 758//758
f 1035//1035 758//758 1036//1036
f 1036//1036 758//758 732//732
f 1036//1036 732//732 1037//1037
f 1037//1037 732//732 728//728
f 1037//1037 728//728 1038//1038
f 1038//1038 728//728 730//730
f 1038//1038 730//730 1039//1039
f 1039//1039 730//730 582//582
f 1039//1039 582//582 1040//1040
f 1040//1040 582//582 534//534
f 1040//1040 534//534 1041//1041
f 1041//1041 534//534 562//562
f 1041//1041 562//562 1042//1042
f 1042//1042 562//562 726//726
f 1042//1042 726//726 1043//1043
f 1043//1043 726//726 724//724
f 1043//1043 724//724 1044//1044
f 1044//1044 724//724 740//740
f 1044//1044 740//740 1045//1045
f 1045//1045 740//740 768//768
f 1045//1045 768//768 1046//1046
f 1046//1046 768//768 794//794
f 1046//1046 794//794 1047//1047
f 1047//1047 794//794 818//818
f 1047//1047 818//818 1048//1048
f 1048//1048 818//818 844//844
f 1048//1048 844//844 1049//1049
f 1049//1049 844//844 870//870
f 1049//1049 870//870 1031//1031
f 869//869 1050//1050 1051//1051
f 869//869 1051//1051 861//861
f 1050//1050 1031//1031 1032//1032
f 1050//1050 1032//1032 1051//1051
f 861//861 1051//1051 1052//1052
f 861//861 1052//1052 837//837
f 1051//1051 1032//1032 1033//1033
f 1051//1051 1033//1033 1052//1052
f 837//837 1052//1052 1053//1053
f 837//837 1053//1053 809//809
f 1052//1052 1033//1033 1034//1034
f 1052//1052 1034//1034 1053//1053
f 809//809 1053//1053 1054//1054
f 809//809 1054//1054 783//783
f 1053//1053 1034//1034 1035//1035
f 1053//1053 1035//1035 1054//1054
f 783//783 1054//1054 1055//1055
f 783//783 1055//1055 757//757
f 1054//1054 1035//1035 1036//1036
f 1054//1054 1036//1036 1055//1055
f 757//757 1055//1055 1056//1056
f 757//757 1056//1056 731//731
f 1055//1055 1036//1036 1037//1037
f 1055//1055 1037//1037 1056//1056
f 731//731 1056//1056 1057//1057
f 731//731 1057//1057 727//727
f 1056//1056 1037//1037 1038//1038
f 1056//1056 1038//1038 1057//1057
f 727//727 1057//1057 1058//1058
f 727//727 1058//1058 729//729
f 1057//1057 1038//1038 1039//1039
f 1057//1057 1039//1039 1058//1058
f 729//729 1058//1058 1059//1059
f 729//729 1059//1059 581//581
f 1058//1058 1039//1039 1040//1040
f 1058//1058 1040//1040 1059//1059
f 581//581 1059//1059 1060//1060
f 581//581 1060//1060 533//533
f 1059//1059 1040//1040 1041//1041
f 1059//1059 1041//1041 1060//1060
f 533//533 1060//1060 1061//1061
f 533//533 1061//1061 561//561
f 1060//1060 1041//1041 1042//1042
f 1060//1060 1042//1042 1061//1061
f 561//561 1061//1061 1062//1062
f 561//561 1062//1062 725//725
f 1061//1061 1042//1042 1043//1043
f 1061//1061 1043//1043 1062//1062
f 725//725 1062//1062 1063//1063
f 725//725 1063//1063 723//723
f 1062//1062 1043//1043 1044//1044
f 1062//1062 1044//1044 1063//1063
f 723//723 1063//1063 1064//1064
f 723//723 1064//1064 739//739
f 1063//1063 1044//1044 1045//1045
f 1063//1063 1045//1045 1064//1064
f 739//739 1064//1064 1065//1065
f 739//739 1065//1065 767//767
f 1064//1064 1045//1045 1046//1046
f 1064//1064 1046//1046 1065//1065
f 767//767 1065//1065 1066//1066
f 767//767 1066//1066 793//793
f 1065//1065 1046//1046 1047//1047
f 1065//1065 1047//1047 1066//1066
f 793//793 1066//1066 1067//1067
f 793//793 1067//1067 817//817
f 1066//1066 1047//1047 1048//1048
f 1066//1066 1048//1048 1067//1067
f 817//817 1067//1067 1068//1068
f 817//817 1068//1068 843//843
f 1067//1067 1048//1048 1049//1049
f 1067//1067 1049//1049 1068//1068
f 843//843 1068//1068 1050//1050
f 843//843 1050//1050 869//869
f 1068//1068 1049//1049 1031//1031
f 1068//1068 1031//1031 1050//1050
f 367//367 1069//1069 1070//1070
f 367//367 1070//1070 385//385
f 1069//1069 584//584 586//586
f 1069//1069 586//586 1070//1070
f 584//584 1069//1069 1071//1071
f 584//584 1071//1071 588//588
f 1069//1069 367//367 403//403
f 1069//1069 403//403 1071//1071
f 590//590 1072//1072 1073//1073
f 590//590 1073//1073 592//592
f 1072//1072 421//421 439//439
f 1072//1072 439//439 1073//1073
f 592//592 1073//1073 1074//1074
f 592//592 1074//1074 594//594
f 1073//1073 439//439 457//457
f 1073//1073 457//457 1074//1074
f 594//594 1074//1074 470//470
f 1074//1074 457//457 470//470
f 421//421 1072//1072 1075//1075
f 421//421 1075//1075 476//476
f 1072//1072 590//590 596//596
f 1072//1072 596//596 1075//1075
f 494//494 1076//1076 1071//1071
f 494//494 1071//1071 403//403
f 1076//1076 598//598 588//588
f 1076//1076 588//588 1071//1071
f 476//476 1075//1075 1076//1076
f 476//476 1076//1076 494//494
f 1075//1075 596//596 598//598
f 1075//1075 598//598 1076//1076
f 385//385 1070//1070 1077//1077
f 385//385 1077//1077 512//512
f 1070//1070 586//586 600//600
f 1070//1070 600//600 1077//1077
f 512//512 1077//1077 1078//1078
f 512//512 1078//1078 530//530
f 1077//1077 600//600 602//602
f 1077//1077 602//602 1078//1078
f 393//393 1080//1080 1079//1079
f 393//393 1079//1079 375//375
f 1080//1080 626//626 624//624
f 1080//1080 624//624 1079//1079
f 628//628 1081//1081 1079//1079
f 628//628 1079//1079 624//624
f 1081//1081 411//411 375//375
f 1081//1081 375//375 1079//1079
f 632//632 1083//1083 1082//1082
f 632//632 1082//1082 630//630
f 1083//1083 447//447 429//429
f 1083//1083 429//429 1082//1082
f 634//634 1084//1084 1083//1083
f 634//634 1083//1083 632//632
f 1084//1084 465//465 447//447
f 1084//1084 447//447 1083//1083
f 465//465 1084//1084 470//470
f 1084//1084 634//634 470//470
f 484//484 1085//1085 1082//1082
f 484//484 1082//1082 429//429
f 1085//1085 636//636 630//630
f 1085//1085 630//630 1082//1082
f 411//411 1081//1081 1086//1086
f 411//411 1086//1086 502//502
f 1081//1081 628//628 638//638
f 1081//1081 638//638 1086//1086
f 502//502 1086//1086 1085//1085
f 502//502 1085//1085 484//484
f 1086//1086 638//638 636//636
f 1086//1086 636//636 1085//1085
f 520//520 1087//1087 1080//1080
f 520//520 1080//1080 393//393
f 1087//1087 640//640 626//626
f 1087//1087 626//626 1080//1080
f 538//538 1088//1088 1087//1087
f 538//538 1087//1087 520//520
f 1088//1088 642//642 640//640
f 1088//1088 640//640 1087//1087
f 530//530 1078//1078 1089//1089
f 530//530 1089//1089 734//734
f 1078//1078 602//602 732//732
f 1078//1078 732//732 1089//1089
f 742//742 1090//1090 1088//1088
f 742//742 1088//1088 538//538
f 1090//1090 740//740 642//642
f 1090//1090 642//642 1088//1088
f 734//734 1089//1089 1091//1091
f 734//734 1091//1091 760//760
f 1089//1089 732//732 758//758
f 1089//1089 758//758 1091//1091
f 766//766 1092//1092 1090//1090
f 766//766 1090//1090 742//742
f 1092//1092 768//768 740//740
f 1092//1092 740//740 1090//1090
f 760//760 1091//1091 1093//1093
f 760//760 1093//1093 786//786
f 1091//1091 758//758 784//784
f 1091//1091 784//784 1093//1093
f 768//768 1092//1092 1094//1094
f 768//768 1094//1094 794//794
f 1092//1092 766//766 792//792
f 1092//1092 792//792 1094//1094
f 786//786 1093//1093 1095//1095
f 786//786 1095//1095 812//812
f 1093//1093 784//784 810//810
f 1093//1093 810//810 1095//1095
f 794//794 1094//1094 1096//1096
f 794//794 1096//1096 818//818
f 1094//1094 792//792 820//820
f 1094//1094 820//820 1096//1096
f 812//812 1095//1095 1097//1097
f 812//812 1097//1097 836//836
f 1095//1095 810//810 838//838
f 1095//1095 838//838 1097//1097
f 818//818 1096//1096 1098//1098
f 818//818 1098//1098 844//844
f 1096//1096 820//820 846//846
f 1096//1096 846//846 1098//1098
f 836//836 1097//1097 1099//1099
f 836//836 1099//1099 864//864
f 1097//1097 838//838 862//862
f 1097//1097 862//862 1099//1099
f 844//844 1098//1098 1100//1100
f 844//844 1100//1100 870//870
f 1098//1098 846//846 872//872
f 1098//1098 872//872 1100//1100
f 890//890 1101//1101 1103//1103
f 890//890 1103//1103 916//916
f 1101//1101 888//888 914//914
f 1101//1101 914//914 1103//1103
f 896//896 1102//1102 1104//1104
f 896//896 1104//1104 922//922
f 1102//1102 898//898 924//924
f 1102//1102 924//924 1104//1104
f 916//916 1103//1103 1105//1105
f 916//916 1105//1105 942//942
f 1103//1103 914//914 940//940
f 1103//1103 940//940 1105//1105
f 922//922 1104//1104 1106//1106
f 922//922 1106//1106 948//948
f 1104//1104 924//924 950//950
f 1104//1104 950//950 1106//1106
f 948//948 1106//1106 1105//1105
f 948//948 1105//1105 940//940
f 1106//1106 950//950 942//942
f 1106//1106 942//942 1105//1105
f 966//966 1107//1107 1101//1101
f 966//966 1101//1101 890//890
f 1107//1107 968//968 888//888
f 1107//1107 888//888 1101//1101
f 864//864 1099//1099 1107//1107
f 864//864 1107//1107 966//966
f 1099//1099 862//862 968//968
f 1099//1099 968//968 1107//1107
f 974//974 1108//1108 1102//1102
f 974//974 1102//1102 896//896
f 1108//1108 976//976 898//898
f 1108//1108 898//898 1102//1102
f 870//870 1100//1100 1108//1108
f 870//870 1108//1108 974//974
f 1100//1100 872//872 976//976
f 1100//1100 976//976 1108//1108
o Curve
usemtl borraccia_gancio azz
v 1.1536527713485916 0.7674544191690628 0.22240434111027124
v 1.151708025240998 0.7702623718491973 0.2429607630240037
v 1.1433725866093325 0.7683986076497246 0.26219638952715263
v 1.1291796507160408 0.7617093417075139 0.27752757475921486
v 1.1122109596025838 0.7516182856301432 0.2854835330896012
v 1.0635730757720352 0.7095098010287655 0.24295796045005424
v 1.0738532592450754 0.708565611920121 0.20316591324633992
v 1.0880461957714762 0.7152548781763229 0.18783472740769416
v 1.0797366364833914 0.7276551927593753 0.2776624467802534
v 1.0683809287411323 0.7167454570105122 0.262389715910284
v 1.1488449183794944 0.7602187631873162 0.20297258565004161
v 1.0950545198660795 0.7397908022176786 0.2854760359620575
v 1.0655178218796288 0.7067018483486309 0.22240153853632189
v 1.1050149306833892 0.7253459245358909 0.1798788083308509
v 1.1221713272545473 0.7371734179801497 0.17988626559826804
v 1.1374892106372352 0.7493090274384531 0.1876998547800722
v 1.1863784958751382 0.7127897822798691 0.22826461728463046
v 1.1867260607835997 0.7114285060227947 0.2490554368364005
v 1.1797701118623438 0.7070557794000016 0.268432128080241
v 1.1657896819109452 0.6999799986414421 0.28378503050198634
v 1.1286298818786797 0.6835808381891172 0.2914231595584677
v 1.1105540646622343 0.6764612570856279 0.28332752476900164
v 1.0878880445894188 0.6708714546699454 0.22720279707671237
v 1.1459842234943387 0.6987191225036229 0.18483507435464527
v 1.1478029311572289 0.6917405410464014 0.29163686288086477
v 1.0882356094978805 0.669510178412871 0.24799361662848257
v 1.0948439960431124 0.6752441825487042 0.20782610340653812
v 1.1268111792806659 0.69055942215827 0.18462136617958047
v 1.1640600407107842 0.7058387036071123 0.19293070914411126
v 1.0959912782777375 0.6713844669199699 0.2677268307231869
v 1.1088244266276206 0.682319963621255 0.1924732003782094
v 1.178622827095281 0.7109154937727703 0.20853140318992605
v 1.2071919064941459 0.6492654517643146 0.2171055313680852
v 1.202433465703776 0.6380568958264274 0.25637005011692415
v 1.1498713733884087 0.6187897458358229 0.2800551431990354
v 1.1097449615552428 0.6292162863985828 0.19955282293582113
v 1.123618336064765 0.6366088877990956 0.18425217946330352
v 1.1979510559808748 0.6517862291214483 0.19809722978611102
v 1.2086943843959557 0.6444864540135417 0.23733262733926125
v 1.1885601353092645 0.6306642848651075 0.27167073253969315
v 1.1700604619434127 0.6239427264340829 0.279772937032934
v 1.1304060469150512 0.6157820906500104 0.2726377242585091
v 1.1142274144434903 0.6154869430717678 0.2578256831267607
v 1.1049866070955652 0.6180077103971073 0.2388174214049132
v 1.1034840834959714 0.6227867169237085 0.2185902879999444
v 1.142118009747171 0.6433304463871162 0.17614997466677093
v 1.1623070970359564 0.6484834263573931 0.17586776971383644
v 1.1817724235093139 0.6514910815432057 0.18328518865436266
v 1.1110866889468909 0.5860305548745908 0.207498946565263
v 1.1356107458144613 0.5637060973976888 0.15903174533391512
v 1.1951537237824659 0.5704034710094799 0.155277546341466
v 1.1448055955142187 0.5286941026792946 0.2425867930966422
v 1.1179104061720317 0.5396164033465563 0.21172800675051523
v 1.1543544878417005 0.5689891814773429 0.15043966326550334
v 1.218170937379596 0.5430843881996963 0.2236341611156748
v 1.204348576014661 0.5353914775470514 0.23883259167785928
v 1.1278580516550787 0.5329304729427107 0.22931793044290383
v 1.115858251206308 0.547634395596855 0.19260384416915333
v 1.1217883831833073 0.556013186117061 0.17423017710926655
v 1.1750271510822152 0.5712926480208276 0.1491871410381972
v 1.2121012676416059 0.5661671007460638 0.16854640899520443
v 1.2220489131246524 0.5594811703422182 0.18613633268759303
v 1.2241010680903763 0.5514631780919195 0.20526049526895496
v 1.185604790822076 0.5301084034991914 0.24742463388614458
v 1.164932168214469 0.5278049256679469 0.24867719839991104
v 1.123467084140196 0.5210757579762715 0.15789728833617908
v 1.1372834807664676 0.5288907777387148 0.14275583566383265
v 1.1560559126422811 0.533588889305767 0.1338908954479215
v 1.1969894263674286 0.5322599240074006 0.13744891469063833
v 1.214027246925673 0.5261807093459188 0.14985807892279146
v 1.1669649525351358 0.4856366968324186 0.22897096207606787
v 1.1467607825209 0.4881104985570206 0.22361982439827127
v 1.129722989581948 0.49418949237468524 0.21121057467577217
v 1.1175757568568083 0.5119044392715184 0.17590121616292048
v 1.176785299518539 0.5347337157002086 0.1320978168729683
v 1.2261744520315205 0.5084659832929028 0.18516752292598912
v 1.2202831385577788 0.4992945541662408 0.20317140800755756
v 1.1876943238653395 0.486781312414837 0.22717775815064223
v 1.1196923897423734 0.5025692573145104 0.194410852876779
v 1.2240578191459552 0.5178011652499108 0.16665788621213062
v 1.2064666993992703 0.4914795447495832 0.21831282021319393
v 1.2113353490559797 0.4740236766095114 0.12004993440071238
v 1.2033674389113989 0.43251880637219964 0.18455764867500168
v 1.1173054941053397 0.4555061936803668 0.16755789266943943
v 1.1744490542060366 0.48851669158151445 0.10573565379449737
v 1.2171965204521333 0.4405454114630869 0.16953895693555543
v 1.1846557341354325 0.42883442661133553 0.19401072258705004
v 1.1271602971006276 0.4441909567400615 0.18265462006795022
v 1.1212991282369118 0.4776692231424513 0.13316559510677328
v 1.1351282104107558 0.48569582854732984 0.11814690276074352
v 1.1538399145536127 0.4893802079942027 0.10869382945527861
v 1.223170103042579 0.4510905198108117 0.1523320046637482
v 1.1640465919505705 0.4296979417680582 0.19696890067416511
v 1.1440068648311685 0.4349181564126301 0.19321104824820204
v 1.115325499948682 0.467124123570555 0.15037250994478776
v 1.1944887813254383 0.48329647693694233 0.10949350622046045
v 1.2211901382416213 0.46270855009111456 0.13514670454439615
v 1.2008166724112643 0.4336010578899978 0.08814693787267336
v 1.2043794244598498 0.3914478272400177 0.13074653623082513
v 1.1904765459785733 0.3831426812494845 0.14554401872853043
v 1.1085629721889811 0.4217871261553743 0.14097874401915794
v 1.2096479726916358 0.4184229163015962 0.10017581331980653
v 1.1721183003753357 0.38079254091349957 0.15605666198564458
v 1.1073789724182261 0.4364092085273712 0.12617922634225193
v 1.1660015351728752 0.4559112982482598 0.08004088437188756
v 1.1850836854728963 0.4470768128352809 0.08092840208170143
v 1.1331272594077206 0.3931332296216894 0.16022615525726305
v 1.1173942293040067 0.40660899459876676 0.1530075796061646
v 1.1138315204207674 0.4487622152169526 0.11040802110813941
v 1.1277343995351534 0.4570673615214773 0.09561053800385061
v 1.1460926470377195 0.4594175027994365 0.0850978929269861
v 1.210831972462391 0.4038008339295991 0.1149753309967126
v 1.152209409707742 0.3842987442087107 0.161113672967077
v 1.0920877726532017 0.4114967429286309 0.09732365627258407
v 1.0993774256880884 0.42523498155086537 0.08314320620065661
v 1.1498349360779405 0.4295501287995209 0.0495217446747497
v 1.18103058410332 0.4012505601593177 0.050749727624667576
v 1.098923431638562 0.37643479481066766 0.11810969242143227
v 1.131149727489138 0.4350814143994519 0.056904191795530475
v 1.1665447771606532 0.34393193036743064 0.10026870264961539
v 1.1488042933176201 0.3426039430824648 0.11195522339790166
v 1.1127103793273823 0.3597388483575503 0.12163019627020086
v 1.1672435932491534 0.4179465166442289 0.0472291839157724
v 1.1880732022176042 0.38311242084699026 0.05937949600189823
v 1.1878662430886806 0.3661886120413542 0.07153576377351582
v 1.1805765938524506 0.3524503753030688 0.08571621020594249
v 1.1301190364985954 0.3481352362022583 0.11933763551122356
v 1.0918808566896243 0.39457292409120104 0.1094799639043281
v 1.113409285545232 0.433753416454709 0.0685907536171102
v 1.0743887306487756 0.3954058839087804 0.0705213414247868
v 1.0824900241899185 0.4098843794771807 0.05757122261496309
v 1.1470730258497084 0.3996015568178508 0.016680492163515838
v 1.1589730512712089 0.38118455533301576 0.01734067819080811
v 1.162725581036535 0.34331066621177797 0.033453193705040477
v 1.1233258828922947 0.3194179948598568 0.0733606866986578
v 1.1642812435182983 0.36146456938474136 0.023341353586459855
v 1.154624243063827 0.32883218004718895 0.046403273867904514
v 1.1058272382452548 0.3260314709079777 0.08254177364569937
v 1.0900412401378183 0.3391150020785356 0.08729400553251873
v 1.0781412147163176 0.35753200356337067 0.08663381950522642
v 1.131287070907618 0.41268507795661513 0.021432763910461748
v 1.0728330224692282 0.3772519895116453 0.08063314410957466
v 1.0966468982088082 0.4185167804562855 0.043208249415804645
v 1.1137883424623238 0.41929857532428993 0.030613768710916364
v 1.1404673703111563 0.32019977969606717 0.0607662458538961
v 1.0470739972840808 0.38271137229852403 0.03544099589285163
v 1.08701187261362 0.4068511120464873 -0.00377691872530532
v 1.0548051403731125 0.3227834336691182 0.042063178219620787
v 1.0459125167023324 0.34258131477275455 0.04525671733940993
v 1.0836124462999075 0.3010306902605906 0.022392566247435682
v 1.102619454846508 0.3993694600801154 -0.015381180971861176
v 1.0433686604723422 0.36357045335857174 0.04279823775818861
v 1.05646889560734 0.39778381151778497 0.0241484957975698
v 1.0708250792530385 0.4065078776415756 0.010040988269757812
v 1.1158192217057614 0.3850983586061656 -0.023447490837363832
v 1.1247118022111953 0.3653004875343233 -0.026641069817279567
v 1.1272557016065314 0.34431133891671206 -0.024182550375931658
v 1.1235504079601393 0.3251704099449657 -0.016825268650468198
v 1.1141554233061877 0.3100979907892929 -0.0055328482754394386
v 1.0997993128146448 0.30137401533781416 0.008574781111215173
v 1.0680049072323656 0.3085123321951684 0.03399686835411813
v 1.0222235162801199 0.38003055516672446 0.008116083845950438
v 1.0931651412783883 0.3618897855680372 -0.06133277012729885
v 1.0330255769310508 0.30472746169384335 -0.0044713142885390925
v 1.0328654565168156 0.3952388101383557 -0.0018045358887300092
v 1.062680253672742 0.4042268197833181 -0.03053100495230865
v 1.0764648801537215 0.3965464585247087 -0.044140792408764076
v 1.087171624711454 0.38200358328912576 -0.054949820107631484
v 1.0620767266589664 0.2972900756617829 -0.03291141772074342
v 1.0163252432853378 0.3393840442921945 0.012720540964569538
v 1.016446034832552 0.36066371544624043 0.013193620211716404
v 1.0474137029694344 0.4039837451086288 -0.015700773401609608
v 1.0223188030176185 0.31927023653931186 0.006337630805028825
v 1.0930443928965203 0.3406101043821974 -0.06180580951431912
v 1.0872669546142983 0.3212432546299191 -0.05672823328842656
v 1.0766249724784758 0.3060350103180649 -0.04680765462703956
v 1.0468101765887683 0.2970470013010851 -0.018081186776627782
v 0.9877776084516731 0.36490400633638087 -0.014533530868924387
v 0.9955273060624219 0.3839868228736143 -0.01769962713475008
v 1.0220872386883566 0.4077428302704771 -0.040188913557834105
v 1.0568614464744845 0.3864803688735663 -0.08426810974864611
v 1.0574388129428796 0.34584947399423727 -0.09625633235060893
v 0.9883550042757684 0.3242732118471665 -0.026521670865587668
v 1.060095740354694 0.3667639168007588 -0.09332526221941864
v 1.048527478947982 0.40068140008997544 -0.07115948907376013
v 1.0231292158605534 0.30301075233420405 -0.07060087069590046
v 1.008738533510851 0.30264152964144264 -0.054921767309604075
v 1.049689101522485 0.32676676787891235 -0.09309019333961023
v 0.9851207103955589 0.343989663919974 -0.0174645183948152
v 1.0073561568326381 0.399024197641052 -0.026469891044997043
v 1.0364778929485774 0.40811195320110705 -0.05586810076259695
v 1.0378602545509255 0.3117293949954234 -0.08431993306886407
v 0.996688971802271 0.31007218063075737 -0.03963029154047371
v 0.9597073173490083 0.37470878401454377 -0.038756010248168674
v 0.9692306078891334 0.39317120584815934 -0.04039210032447702
v 0.955522674859713 0.33574328097263484 -0.054852407659260596
v 0.9547696802431302 0.3545919875388901 -0.043654627267549845
v 0.9970222319585025 0.41649644115877327 -0.06181881840712321
v 1.0211145246526447 0.4102562171455759 -0.09481492279930127
v 1.0273147530535223 0.3968013073051211 -0.10976436407602236
v 0.9858151565880434 0.3160481590347257 -0.1027979968277871
v 0.9722121460715348 0.3154034614096315 -0.0864393738892328
v 0.9821267370267321 0.40783542399759276 -0.048241574049437075
v 1.0106252437412302 0.4171411394118498 -0.07817744255884443
v 1.0280677045047586 0.3779526107706601 -0.12096218432785974
v 1.0231300673988808 0.3578358142950062 -0.12586080134724087
v 1.0136067768587553 0.33937339246139064 -0.12422471127093251
v 1.0007106502535947 0.3247091755679232 -0.11637523997230634
v 0.9617228600952441 0.32228838116397407 -0.06980188879610831
v 0.9591925383272049 0.42020306472817426 -0.06577671841248418
v 0.9981059771192664 0.3941243136461188 -0.14386303661438696
v 0.9654549292534765 0.34374642668751454 -0.14331826886587218
v 0.9959232792890318 0.42384560943759864 -0.11407339557001728
v 0.9908108678126645 0.3752835901216287 -0.15056167317627772
v 0.9794543225488864 0.3578134129838908 -0.15032538166296214
v 0.9376006577175855 0.3340920035111421 -0.11289050174344456
v 0.9265414904614149 0.3698251777695698 -0.06523195066396942
v 0.9742579943498275 0.4287721553624302 -0.07922415402121036
v 0.9503894954466363 0.33517733135135286 -0.12987081393366626
v 0.9870468111293148 0.4298574885325297 -0.09620448674807879
v 0.9451931424993568 0.406136077175832 -0.05876960318906041
v 0.9287241882916495 0.34010388197809016 -0.0950215917083391
v 0.9247295872691897 0.352364861897988 -0.07838810118239083
v 0.9338365997680169 0.38866590129405987 -0.05853331410207871
v 0.9999178803114914 0.4115846295177006 -0.13070688609596554
v 0.9216975152578493 0.423564573780159 -0.07427101965998963
v 0.9519400154729828 0.44533236027184175 -0.09394588159658854
v 0.9596549044994345 0.39835996206714364 -0.17113485191742425
v 0.9466026173018653 0.3821400846020613 -0.1720212647541186
v 0.9043243440220547 0.35873178261315375 -0.13486749049900007
v 0.9713604511419014 0.44206097397998634 -0.13028135670451235
v 0.9733149087793576 0.4313041235748787 -0.14826561577291666
v 0.9691305968826067 0.4155930517334605 -0.16299244929373802
v 0.9315827293017229 0.3688255294039988 -0.16568978810646334
v 0.9163601208853889 0.36037229999432685 -0.15234640645702047
v 0.8969396676081673 0.3636437948241422 -0.11601088496442291
v 0.8949852237803572 0.37440053480734115 -0.0980266686411915
v 0.8991695080578159 0.3901118274925768 -0.08329974963002429
v 0.9086452142506342 0.4073448067369849 -0.07515738975151096
v 0.9367173919807839 0.43687924065609596 -0.08060245598880576
v 0.963975765983244 0.4469730991248151 -0.11142471327742975
v 0.8826073193175465 0.431496476417754 -0.08983206937622702
v 0.9127822378997406 0.4590889616932068 -0.09408767602301431
v 0.9281265799287775 0.4674297388534647 -0.10736221318126729
v 0.9395793195967654 0.4696087690280437 -0.12517091017454463
v 0.9146344094220087 0.41176882472207454 -0.19005045023724143
v 0.86579763057369 0.39250940683434954 -0.13357279032094832
v 0.8969723544152991 0.44650392868556876 -0.08820310648836983
v 0.9461841721834716 0.45646519681972286 -0.1635584317905205
v 0.9401632574865522 0.4424502473109835 -0.17932420364416315
v 0.9289994445197612 0.4267762769898895 -0.18842148734938424
v 0.8834801877071874 0.3908430164381276 -0.1708913471838447
v 0.8714434709584366 0.4158226215344656 -0.0989293302663384
v 0.9458091116809447 0.4657633515891908 -0.14468078633472625
v 0.8988244943439052 0.39918390903619105 -0.184165861526988
v 0.8720274493054183 0.38866398689153114 -0.1530826514037343
v 0.8654225700711631 0.4018075616038175 -0.11469514486515414
v 0.8992716625205099 0.4597800102766356 -0.20236525495899932
v 0.8668617915742609 0.4346960504607682 -0.1991438257863467
v 0.835552722746716 0.42609347819328836 -0.14775589201060427
v 0.9122297093470025 0.47343995453497856 -0.1924378084064497
v 0.8835113566427029 0.4463385594549252 -0.20463988028549196
v 0.8368562661886102 0.43350761815999284 -0.12810147121115945
v 0.8448292419125896 0.4453315226500494 -0.11143244520819978
v 0.857787288739082 0.4589914669083923 -0.10150499865565012
v 0.8901971584191122 0.48407542609627696 -0.1047264266151359
v 0.9202026850709818 0.4852638590250351 -0.17576878240349003
v 0.840555043465895 0.4236258260963093 -0.167833734547741
v 0.8735475946168891 0.47243291773010276 -0.09923037332915748
v 0.9165039293763702 0.4951456460728212 -0.13603649913684523
v 0.9215062500955491 0.49267799397584255 -0.15611434167398192
v 0.8513881360308385 0.42650036549939996 -0.18592915234649057
v 0.9056708361783171 0.4922711063557399 -0.11794108073151219
v 0.8582959600081663 0.49391217899975737 -0.10403046185449302
v 0.8915797108473338 0.5121045877185966 -0.12238182881917711
v 0.9052029608719726 0.5156484379472337 -0.16124017917538672
v 0.8764714040992666 0.4919633746535794 -0.20950319470981726
v 0.8413849269896387 0.47067495969116613 -0.2071107014961721
v 0.8154470306967525 0.46371845546545276 -0.13480862148856823
v 0.8408646423267032 0.48284025747516823 -0.10682261128077639
v 0.8759511194363312 0.5041286724375811 -0.10921510449442154
v 0.901670678366076 0.5160314930279375 -0.1407070797502244
v 0.9018890157292174 0.5110851766632949 -0.1815171845020255
v 0.891578247820968 0.5025763487462032 -0.19891022103568662
v 0.8590400864178036 0.48089145312899007 -0.2122953441361007
v 0.8257563362117457 0.4626990447241426 -0.1939439777780001
v 0.8156653464772208 0.4587721441167072 -0.17561874617043255
v 0.8121330639713242 0.459155199197411 -0.15508564674527023
v 0.825757798605002 0.47222728338254427 -0.11741558495490706
v 0.8845028519783096 0.5546915313307992 -0.1626352755452308
v 0.8796896589795216 0.5528944481633951 -0.18304520301239993
v 0.8322486898725903 0.5311732047927091 -0.21423051914452734
v 0.7861259665611517 0.5079898909125629 -0.1569512801074171
v 0.838380114857225 0.5315083278725616 -0.10535599376294758
v 0.8509261471665408 0.5399458204445915 -0.21132794717102538
v 0.8138436207732439 0.5223402420647005 -0.20911240719745458
v 0.7980995317897565 0.5145773971995358 -0.19595593827883626
v 0.7909391595599397 0.509786974079967 -0.13654135264024791
v 0.8197026851825664 0.5227354913768618 -0.10825865122679548
v 0.8567851990324363 0.5403411808066443 -0.1104741496683602
v 0.8676354696459103 0.5476022313686026 -0.20059285692499412
v 0.8029933488935509 0.5150791908747596 -0.11899369872765375
v 0.8725292892821428 0.548104026299792 -0.12363061980014542
v 0.8820668523539208 0.5530519810545 -0.14200493823698673
v 0.7885619687179783 0.5096294424448276 -0.177581619841995
v 0.7867618559429088 0.598469184191762 -0.1034372733032534
v 0.8404218330846697 0.6219550125191269 -0.11891398240982273
v 0.8335971724555025 0.6258149885804889 -0.1956336554856362
v 0.8162554044549135 0.6195872858092606 -0.20628929277896088
v 0.7532762832978012 0.5906600636721282 -0.17246572668107604
v 0.7566778432075245 0.588503575216546 -0.13155413079381534
v 0.7694200879423199 0.5922414814205337 -0.11409291059657806
v 0.8059310967557191 0.6061308601061881 -0.10059647805226168
v 0.824632150266732 0.6142951814685156 -0.10575177858745952
v 0.8497409796324592 0.6273964075848601 -0.137260841827472
v 0.8517443006442659 0.6300134022670613 -0.1578368066838447
v 0.8463394171902978 0.6295528947844766 -0.17817243528839893
v 0.7970861636421032 0.6119256098948345 -0.2091300880299526
v 0.7783851101310904 0.603761288532507 -0.20397478749475476
v 0.7625954285793717 0.5961014581098787 -0.19081258488555838
v 0.7512729459439105 0.5880431781558701 -0.15188971665319656
v 0.5390272481799868 1.2420861415087034 -0.028843975274259623
v 0.5931973382710026 1.2642720186444176 -0.04446117702664708
v 0.5983542425985872 1.2738085119746831 -0.103510083153661
v 0.5081349694899593 1.2341804962797496 -0.056738131939667535
v 0.5212983854927148 1.236845020971976 -0.039392946993627366
v 0.577379744779991 1.2566832960118317 -0.03129129447711281
v 0.5479916794748215 1.2590083287342415 -0.13416213696447934
v 0.5132918782493103 1.2437169918079554 -0.11578704231276563
v 0.5851908265958317 1.271143987282457 -0.12085526809970118
v 0.5023679132613013 1.2346430183517652 -0.07697398058095138
v 0.6023827988242564 1.2700540871153807 -0.06277122691081807
v 0.5674619639085596 1.2659028667457293 -0.1314042398190689
v 0.529109481898549 1.2513057116186015 -0.12895691429068482
v 0.5041064291205026 1.237934921143035 -0.09747698307014645
v 0.5584975326137249 1.2489806795201912 -0.026086078128849166
v 0.6041212988272452 1.2733459899026678 -0.08327423451237713
v 0.531109150649722 1.2627903763216621 -0.026391007774827904
v 0.5688734538779993 1.278870708185295 -0.028684482736768158
v 0.5780921516821576 1.2897819722001045 -0.11861662799659925
v 0.5012028196780218 1.252398530646341 -0.05454306173607612
v 0.5940055460467828 1.2919161399085268 -0.06019815297524664
v 0.5960671056422048 1.2943934152243868 -0.080785670992972
v 0.5072876485095132 1.2595952010028286 -0.11383466359146882
v 0.590741825864037 1.2937419580874314 -0.10113706359633719
v 0.5417324290934242 1.275529606851416 -0.13214306041017587
v 0.4979390994952761 1.2542243488252456 -0.09548197235716664
v 0.5138524938599013 1.256358516533668 -0.03706349733581405
v 0.5502122272399711 1.270610879374408 -0.023537054957205802
v 0.5846570078238822 1.2865452852229953 -0.04184545177591283
v 0.5608354948923369 1.2833501124121103 -0.12928911755758543
v 0.5230711916640596 1.2672697805484776 -0.12699564259564514
v 0.49587753989985406 1.2517470735093856 -0.07489445433944131
v 0.5121772679550346 1.2601792081912675 -0.036834241169154965
v 0.5938642563083235 1.2994114516074848 -0.08048731296583396
v 0.5889221742161288 1.2978904059302399 -0.10088888946737186
v 0.5410864458915645 1.2770146404549383 -0.13204858659761987
v 0.5226168906512951 1.268319798105085 -0.12692628425195046
v 0.4973728779125788 1.2555283640628487 -0.09539794828859322
v 0.49503110667262384 1.2536869576517844 -0.07477374777170992
v 0.4999731853124071 1.2552080309345066 -0.05437216058387874
v 0.5290243339502779 1.2675405574458847 -0.026108107922825294
v 0.5478089244283079 1.2760837939018594 -0.023212453488599086
v 0.5767180915735013 1.2929192286734787 -0.11842680888209567
v 0.5217299032243244 1.2699795516764707 -0.12699290762867455
v 0.5662784723296522 1.2847786111541841 -0.02833477648559342
v 0.5820325021469721 1.2925201959227675 -0.041491874916546
v 0.5915224958597052 1.2975700426884718 -0.05986310248391903
v 0.5028056850534891 1.2765814876779902 -0.03812519284401213
v 0.5170789298416121 1.288475488901268 -0.027739161616628275
v 0.5338619927340251 1.300543573726448 -0.025107967777672976
v 0.551127036467368 1.3113595884021496 -0.03038944879042256
v 0.5666955251414594 1.3194279236123767 -0.0435710611132749
v 0.5770743990619974 1.32291237933368 -0.06182484328506335
v 0.5811769682171766 1.3216528898469058 -0.08221638272909648
v 0.5786429113996627 1.315891118703036 -0.10229978509443005
v 0.5692390684271204 1.3059885334128136 -0.11946769449802974
v 0.5549658236389974 1.2940945321895359 -0.12985372572541362
v 0.5381827607465842 1.282026447364356 -0.1324849195643689
v 0.5209177062219048 1.2712104351966027 -0.12720344851665097
v 0.5053492289722595 1.2631420977924184 -0.11402182683535045
v 0.4949703677423865 1.259657640505141 -0.09576803651828072
v 0.4908677960547693 1.2609171287359495 -0.07537649464791378
v 0.49340183128961007 1.2666789048957163 -0.05529311221264349
v 0.5370977373981354 1.3298147139618741 -0.03547914876116929
v 0.5525609207993187 1.3380232593353114 -0.04869809595301319
v 0.5048690246704157 1.3045079705735365 -0.03218395508700683
v 0.5634442365320621 1.3408360323333317 -0.06677306917537669
v 0.5595638232869653 1.3186459337762575 -0.12301408419921914
v 0.5467512090975597 1.3048069960446154 -0.13288238664435043
v 0.5311039965029435 1.2912264725171607 -0.13511095686747462
v 0.5145224868447223 1.2795002557922093 -0.1295872041483865
v 0.5205162372650318 1.3180884941009914 -0.029955384863882606
v 0.5673785441212926 1.3306645413199774 -0.10640944766083288
v 0.4881759889770147 1.2684789380487347 -0.09829328494734604
v 0.4830741566265029 1.27106902168501 -0.07825592747483735
v 0.48424167885534625 1.2786504278061233 -0.05865690403555604
v 0.4920564104810101 1.2906690328418946 -0.042052257532138114
v 0.5685460663501359 1.3382459474410906 -0.08681042422155155
v 0.49905930344353905 1.271291710418772 -0.11636825695654263
v 0.472757340409472 1.3133979470438664 -0.050429907408597124
v 0.5007512767022052 1.3413772870430956 -0.038529477784586624
v 0.5326544224817878 1.3614821500062717 -0.05733186255202216
v 0.548909378733499 1.3613805858741417 -0.09533041977978915
v 0.5279069291866042 1.326989407391583 -0.14106823818483058
v 0.4960046819621686 1.3012903586284374 -0.1376353881352717
v 0.48056039360426306 1.2930590895594547 -0.12440848515270014
v 0.4853078735756722 1.3275518334261263 -0.04067211705858955
v 0.5172101328576633 1.3532508803093062 -0.04410495835628368
v 0.5436282587120584 1.3641861308799237 -0.07536866758144214
v 0.5479870680884737 1.3535045301785125 -0.11482603638839292
v 0.5404574623528045 1.3411432937738428 -0.13131044783482299
v 0.5124635260600712 1.3131639537746136 -0.1432108774588335
v 0.4695865465826559 1.2903551111937512 -0.1063716900883118
v 0.4643054240287774 1.2931606549435677 -0.08640993546363093
v 0.4652277346738027 1.3010367106391967 -0.06691431885502722
v 0.5232018599202819 1.389824733586009 -0.08341677545264484
v 0.4390255810304393 1.324969175577194 -0.09632992648001844
v 0.441084269739564 1.331400644480852 -0.07639601831503234
v 0.4499353131200923 1.3420819980769476 -0.05940195577362978
v 0.4637004625755602 1.3546918190822645 -0.04917570256961243
v 0.49711566010020325 1.378467547198464 -0.05202503697236133
v 0.5126475077725599 1.38658749757268 -0.06521817529512494
v 0.5276520525944912 1.3880755207129183 -0.10369899264107409
v 0.525593360432955 1.3816440794147375 -0.12363289011976691
v 0.4865892442011192 1.345728170114218 -0.15336013022491052
v 0.4695619773233843 1.3345771509755968 -0.14800388578823193
v 0.4540301261986161 1.326457228206858 -0.13481073677917504
v 0.5167423205048383 1.3709626982131646 -0.14062696334746275
v 0.5029771710493703 1.3583528772078477 -0.1508532165514801
v 0.4434757787695246 1.3232199652160348 -0.11661214852111534
v 0.4800883859713998 1.3673165537813714 -0.04666877820988878
v 0.43248879962613007 1.3680802454289718 -0.06415369531596075
v 0.46520103424410125 1.389480147459316 -0.05073441061393018
v 0.48290201362771246 1.3996216660489367 -0.05591004379735072
v 0.5120601270767329 1.4112948564635401 -0.10795352216438481
v 0.49823722277007915 1.3985471245095715 -0.1456625221779249
v 0.44769358391955544 1.3785329041234262 -0.0535414836535463
v 0.49853765795633154 1.407586092056683 -0.0690753540779143
v 0.5085948200516128 1.4115683217480148 -0.08740724924823141
v 0.5086545389169191 1.4068816019709098 -0.1282485286709539
v 0.4830324419290653 1.3880944382096398 -0.1562747445266326
v 0.4655249898783137 1.3771472086764889 -0.15908181222310208
v 0.44782401049470255 1.367005690086868 -0.1539061790396816
v 0.4321883678922892 1.3590412502763831 -0.1407408741022646
v 0.42213120579700786 1.3550590205850512 -0.12240897893194749
v 0.41866589877188787 1.355332485869526 -0.10186270601579411
v 0.4220714834792901 1.3597457679676337 -0.08156768882293172
v 0.4163341150566975 1.3981927947372104 -0.0654273896028994
v 0.4518424440820083 1.414363358924118 -0.05179664732026536
v 0.47027950393419005 1.4231282059891002 -0.056916633184121004
v 0.49793171272599474 1.4376177969808892 -0.1090739873374558
v 0.49305454886304423 1.4359567462542702 -0.1294802731141563
v 0.4809259821601375 1.4308227592729716 -0.1470236509685673
v 0.4112315689140774 1.3981349921998776 -0.1423776637129376
v 0.39932838449084024 1.3913977570292928 -0.10337705323401086
v 0.4641482810277373 1.4233118213577216 -0.1577548132577962
v 0.43311181446289193 1.4057037464551991 -0.054696221970523845
v 0.48602853020208603 1.4308805627522787 -0.07007337867827942
v 0.49554248391119154 1.4358787399802162 -0.08844634537048643
v 0.44541765140862094 1.4146522088888025 -0.1606543879080547
v 0.4269805928226582 1.4058873624518033 -0.15553440325736598
v 0.4017176158380814 1.3931368152859316 -0.12400469762731409
v 0.404205546627585 1.3930588215586506 -0.08297076211416377
v 0.40693015861035287 1.420543067992855 -0.06367321526483866
v 0.424628965401026 1.4258645587438266 -0.05311400529363226
v 0.44407589621231824 1.4328215441837124 -0.05034814634859698
v 0.4629440280532273 1.4405617534748083 -0.055548596388510924
v 0.47875945969708666 1.4481562709931035 -0.06871773208800526
v 0.4879552928603433 1.453910613509803 -0.08703130852358743
v 0.48971436776558613 1.4571475208028664 -0.10754131502552186
v 0.4839754105199041 1.457534909967963 -0.12778672765288962
v 0.4708446902108422 1.4547829822143599 -0.14514303609268517
v 0.4531458816939633 1.4494615052661268 -0.1557022407207449
v 0.433698953415109 1.4425045210822067 -0.15846810209211404
v 0.41483082330040566 1.4347642979883721 -0.1532676573953467
v 0.3990153922896558 1.4271697807840684 -0.14009852230243583
v 0.389819558033303 1.421415452384099 -0.12178494113029051
v 0.38806048358804685 1.418178530660314 -0.10127493875833578
v 0.3937994365750851 1.4177911540419903 -0.08102951836148758
v 0.3990273346449996 1.444370668854771 -0.05958751786609699
v 0.4174562931130606 1.4474927494003644 -0.049404727639240906
v 0.43747102370093854 1.4527393686821675 -0.04693159733480111
v 0.4725489278902641 1.46688627028874 -0.06550446846633996
v 0.4827521663943555 1.4781417709617257 -0.1039405321766687
v 0.47633009675289417 1.4805868810278522 -0.12383377840908946
v 0.3888834148081168 1.4577122384930867 -0.13486360042878578
v 0.3851022415137202 1.4440116255560345 -0.07653428623995212
v 0.4566808707492952 1.459450300007188 -0.05230818502130126
v 0.48149260307973085 1.4734001849028098 -0.08368804830558607
v 0.4624050036216148 1.4802278377291156 -0.1407805467829446
v 0.44397604342734803 1.4771057709862607 -0.15096333166665404
v 0.4239613145656758 1.4718591379017192 -0.1534364673142405
v 0.40475147131597616 1.465148208460647 -0.14805988326724104
v 0.3799397402517595 1.4511983241930082 -0.11668002119612317
v 0.3786801718722589 1.446456735622161 -0.0964275324723729
v 0.3943401469817258 1.4628391614357805 -0.05491966003853327
v 0.41318015035281086 1.4643428922535413 -0.04514556549602998
v 0.43351449727728075 1.4683310810261536 -0.042990249307799655
v 0.45291667632560156 1.4742845894895522 -0.04855815895032593
v 0.4688143910763847 1.4816038952664055 -0.061783878697146605
v 0.4776161268524546 1.4886767023869008 -0.07982630385063025
v 0.47859447330290783 1.4945254960645167 -0.09979917096432857
v 0.4717878782281674 1.4984846682407493 -0.11931003142761451
v 0.45741558547260214 1.4998864750379697 -0.13581208182371146
v 0.43857558210151715 1.498382744220209 -0.14558617636621474
v 0.4182412351770472 1.4943945554475966 -0.14774149255444505
v 0.39883905549561693 1.4884410466702065 -0.14217358230533533
v 0.3829413420110528 1.4811217415213362 -0.12894786377168158
v 0.37413960560187337 1.4740489340868494 -0.11090543801161448
v 0.37316125661898214 1.4682001391532677 -0.09093256847158232
v 0.37996785422616053 1.4642409682330007 -0.07142171043463022
v 0.3906659024292617 1.481382323747722 -0.04915589942450868
v 0.4098235183632267 1.4812828484221923 -0.03988016837195846
v 0.4304048791369305 1.4840242513321358 -0.038112410265634486
v 0.4499557416436091 1.4892275622508624 -0.043913467638749884
v 0.46587633711611187 1.4964312833320457 -0.05717514012371368
v 0.47456838482519914 1.5040577938422075 -0.07504543855124272
v 0.47532946860938696 1.5110033054548893 -0.09467738214843756
v 0.46822568824638755 1.5164624580323525 -0.11372198081777174
v 0.45350785558771756 1.5196083388539563 -0.1296818975838597
v 0.4343502379275468 1.5197078279822247 -0.1389576232932633
v 0.4137688788800487 1.5169664112695425 -0.14072538674273388
v 0.3942180163733702 1.511763100350816 -0.13492432936961848
v 0.37829742216708634 1.5045593798976156 -0.12166265809782162
v 0.36960537572421803 1.4969328700154365 -0.10379236088345947
v 0.368844291133798 1.4899873433440505 -0.08416042020307744
v 0.37594806804438596 1.4845282183720645 -0.06511581084745002
v 0.4310248585180079 1.547510216155512 -0.1280367338583238
v 0.3746312619704043 1.5352262256864904 -0.10961465103371976
v 0.3727902850579832 1.5109233620839162 -0.05474849817467002
v 0.40720584706207974 1.5031391392011555 -0.031298716352999925
v 0.42798834507323086 1.5041901065655678 -0.030196095399093743
v 0.4476602180959705 1.508376117036323 -0.03639746227541515
v 0.4722021177419599 1.5238004021088396 -0.06729573919603853
v 0.4727862261445052 1.532233086804322 -0.08634254095784549
v 0.3654444777093767 1.5184162823550842 -0.0729929039103316
v 0.4504411392005855 1.5452369216304744 -0.11961633228442342
v 0.410242361313089 1.546459263849804 -0.12913935189541717
v 0.3905704891534522 1.5422732464776796 -0.12293798769066908
v 0.36602858864435994 1.5268489683065323 -0.0920397080984724
v 0.3877895663795021 1.505412433726193 -0.039719117926900284
v 0.4635994444159156 1.5154231447288815 -0.04972079626079115
v 0.4654404187958987 1.53972600707549 -0.10458694669350709
v 0.4504978615190933 1.5802572092579867 -0.10142926988403148
v 0.431097780586377 1.586012772051754 -0.10803022158006798
v 0.41032785873087624 1.5876697687671562 -0.10771798498018087
v 0.39066354022853 1.585113391326579 -0.10066518115007002
v 0.3747254605800178 1.5783174168594576 -0.08721069605108044
v 0.3661171960469447 1.5687375270699986 -0.07026411074760713
v 0.36552200590152495 1.5579225498555593 -0.05246202352100621
v 0.3728526442207656 1.5471716917409142 -0.035919869627404975
v 0.3878343179558351 1.5378722061274703 -0.02286995015268113
v 0.4072343988885514 1.532116643333703 -0.016268998456644604
v 0.42800432074405215 1.5304596466183011 -0.01658123505653171
v 0.4476686379801794 1.5330160234308954 -0.023634037673475675
v 0.4636067182618011 1.5398119982120082 -0.03708852337904871
v 0.47221498342798374 1.5493918883154585 -0.05403510928910546
v 0.47281017357340344 1.5602068655298977 -0.07183719651570639
v 0.4654795352541628 1.570957723644543 -0.08837935040930761
v 0.3978094113284592 1.6221444337847932 -0.07403810118969838
v 0.38192193647063855 1.615607371061367 -0.060396779024214683
v 0.37307121485831085 1.604787081884192 -0.04434533653829176
v 0.37199579848869924 1.5915149533773532 -0.02831639399210925
v 0.39288761070651956 1.5641966952996094 -0.003969091556524931
v 0.45114552962369975 1.5512749578836758 -0.010553557444728377
v 0.4670330057477394 1.5578120212350848 -0.024194880823379
v 0.4758837286262861 1.5686323110402427 -0.040246324522468825
v 0.4769591424634597 1.5819044382911158 -0.05627526464231751
v 0.4560673302456394 1.6092226963688598 -0.08062256707790183
v 0.43736922953445895 1.6185699408190026 -0.08463165096924283
v 0.4171451956344433 1.6230199765039492 -0.08230386789596383
v 0.41158571141770006 1.5548494508494664 0.000039992334816066344
v 0.43180974531771565 1.5503994151645197 -0.002287790738462917
v 0.37866968137890034 1.577403787975244 -0.014199136955839894
v 0.4702852595732586 1.596015603693225 -0.07039252167858687
v 0.44909115835421426 1.643659601525408 -0.05940972522613476
v 0.45717596855800413 1.5641738001464125 0.0024175344369529415
v 0.4729603765992837 1.5704901050964395 -0.01144563958354973
v 0.41131219074713343 1.6510485709550273 -0.04498292350393435
v 0.4663595780779025 1.6312500737746878 -0.05847800648915541
v 0.42997890847386844 1.6504910134914945 -0.0546888456229921
v 0.39552778270585387 1.6447322660050003 -0.031119749483431686
v 0.3861833259770985 1.63285438028438 -0.01613108464841221
v 0.3841298162024561 1.617487260548537 -0.002207454679814161
v 0.3894660904039594 1.6005110737659691 0.009030646364951232
v 0.4021285786947971 1.5839722960707863 0.015912619848507822
v 0.4193969984184854 1.5715627683200661 0.016844338585487173
v 0.43850924829883114 1.5647313563539795 0.012123458982344515
v 0.48230483332803914 1.5823679908170598 -0.0264343044185692
v 0.4843583405702435 1.597735109296937 -0.04035793196083343
v 0.47902206636874023 1.614711296079505 -0.051596033005598826
v 0.41364694968414034 1.6652236414645858 -0.0016011030535739157
v 0.40364343257163493 1.652598553418819 0.01231289924619659
v 0.4038354055665215 1.616750870485003 0.03243468628839719
v 0.41442178656249795 1.597858187869494 0.035931290129883525
v 0.4297819519479918 1.5832850559518001 0.033751351018122114
v 0.44741025189218536 1.5747711448691757 0.02661070034010553
v 0.46518395132360624 1.5732010630934663 0.01544858708294586
v 0.49419327397233387 1.6088337561314567 -0.024347807429015086
v 0.48005594264667617 1.6467268489992002 -0.03617130391754807
v 0.4470674798494267 1.6698138932554842 -0.02685071655410389
v 0.46469578151982605 1.661299968370121 -0.033991372575267104
v 0.4292937821442116 1.671383961228455 -0.015688608640090848
v 0.4002844577692782 1.6357512819932032 0.024107791215016727
v 0.48083078504989646 1.5793613834853184 0.001361080283262022
v 0.4908343017024151 1.5919864859618067 -0.012552917886528778
v 0.49064232617509057 1.6278341676396566 -0.032674702502395556
v 0.45001632862843277 1.684046972219497 0.012495019015492763
v 0.42051796572758804 1.6269340557619225 0.05511798994410612
v 0.45797702182204253 1.5812004111345528 0.04096758707729074
v 0.4237827822434711 1.6649035770882334 0.039702514158063834
v 0.4189637360539067 1.6471600892713565 0.04950956578614796
v 0.4420083729252177 1.590733029520867 0.050367788672448816
v 0.4747519610026992 1.5790172751736775 0.028445698037207395
v 0.5058045523110063 1.615904157493835 -0.0085688475202809
v 0.4959858861647882 1.6564480878513892 -0.014512644913490289
v 0.48275991543969526 1.6723312172443248 -0.009427070406581754
v 0.434523361368866 1.6779810770469856 0.026791994098752513
v 0.42878240220012476 1.6066161589138026 0.055453363179357354
v 0.5009855069276741 1.5981606847356624 0.001238207024616033
v 0.5042503243635307 1.6361301772005306 -0.01417727702138568
v 0.46679126654287045 1.6818638356306388 -0.000026868811423677585
v 0.4902449288953755 1.5850831706601802 0.014148722347364182
v 0.5132637824836112 1.6612950653974783 0.006029798324295878
v 0.5021706916568579 1.6777834167040413 0.013654810729717411
v 0.4720838877916161 1.6902530254752357 0.03874009206802701
v 0.4567446567904784 1.6842307913280885 0.053220129855814924
v 0.45558508571113027 1.5945297552351072 0.06650354882520318
v 0.4698951004556185 1.5845264894623383 0.05512856074210453
v 0.4856719008276954 1.5820601295252428 0.04141827332194552
v 0.5124882911949367 1.6013689238754238 0.01490471862601687
v 0.5187664807031188 1.619526441156874 0.006834939787903432
v 0.5192077412409567 1.6403187054125425 0.003602372396896019
v 0.4878606661210331 1.6877866849847585 0.025029788847784427
v 0.44526748617305156 1.6709442480637244 0.06525364092890373
v 0.43898929666486936 1.6527867307822743 0.07332341976701717
v 0.4385480361270314 1.6319944665266057 0.07655598715802457
v 0.4444919948843771 1.61101810654167 0.07412856123062472
v 0.5010111205775098 1.58808238061106 0.026938229699105674
v 0.4827993833784047 1.5850883459253429 0.06888799009273702
v 0.49761353468293124 1.5825780788012151 0.054150232930562286
v 0.5326774985259317 1.6201342335352868 0.021668907036516884
v 0.5350432608779279 1.6410142800413425 0.020490439936290898
v 0.49477664604965776 1.6912614462774265 0.062947201271438
v 0.47958570880750473 1.6852459710577468 0.07758551714191975
v 0.4673981282459846 1.6719270173776641 0.08886077568074599
v 0.46105291603219134 1.6117467751429533 0.09179088300670622
v 0.5223011969553206 1.678674941174368 0.035127110320860494
v 0.5095907990803901 1.68875116535056 0.04820943876611665
v 0.5249920524866044 1.6019125077009773 0.028236658521254294
v 0.5313372647003977 1.6620927499356883 0.02530655119529407
v 0.45971268048045144 1.6537053053460933 0.09542853250863004
v 0.4573469215808668 1.6328252312345606 0.09660698892256278
v 0.4700889820510626 1.5951645977070121 0.08197032922428643
v 0.5128044719250843 1.5885935540208949 0.03951191706008053
v 0.5430019277414526 1.6755919546826603 0.05513721419404294
v 0.5029909139285745 1.6817608072933017 0.10021017777209229
v 0.49009451545414773 1.668547270568212 0.11080018885991183
v 0.5318875514022389 1.685430872668531 0.0697625138600224
v 0.5180338859157617 1.6877983142037145 0.08542882984360889
v 0.481004970909371 1.6505343721119203 0.11601053466363709
v 0.4767190200580702 1.6299398715000617 0.11533265844492847
v 0.4781920693443828 1.609193462359684 0.10835784067335597
v 0.4851757336043177 1.5929165032492003 0.09655312609785185
v 0.4962901082173257 1.5830775990660684 0.08192783177501901
v 0.5101437737038028 1.5807101575308848 0.06626151579143255
v 0.5251867474171958 1.586747650638559 0.05148016251980251
v 0.5380831476178283 1.59996117356091 0.04089014608883635
v 0.5471726904363994 1.6179740858199405 0.0356798056282577
v 0.5514586412877002 1.638568586431799 0.036357681846966326
v 0.5499855920013875 1.6593149955721769 0.04333249961853883
v 0.5692475603877485 1.6530329541074082 0.060184967121163835
v 0.5548614428864 1.677939840856186 0.0898634125820507
v 0.5419849675288134 1.679988994000666 0.10638489717159391
v 0.49671738154626877 1.6234179662097643 0.13282955875992594
v 0.49591864986508954 1.6034114868900264 0.12386663122920663
v 0.5231812427240247 1.5764554469967689 0.07766670117877655
v 0.5380736805403731 1.5825419696071539 0.06275361006530425
v 0.5516912227068007 1.5955206204958934 0.052794692322373965
v 0.5643520086954473 1.6686298208012371 0.07381707110276994
v 0.5270925279862593 1.6739024851930195 0.12129799362821284
v 0.5134749875460374 1.6609238205015413 0.1312569060279965
v 0.5029569231356922 1.643376181662401 0.1352170962402759
v 0.5008141998311849 1.5878146339989363 0.11023453259074714
v 0.510304767366438 1.5785046001412486 0.09418818576831976
v 0.5622092871171459 1.6130682593350338 0.04883450211009456
v 0.5684488287065692 1.6330264747876706 0.05122203959044453
v 0.5891105080896739 1.6431902796770959 0.07582157139798959
v 0.578276287960007 1.6663417037098538 0.10829854310054578
v 0.5663348858549152 1.6679287238532314 0.12555676943712712
v 0.5515864797228064 1.661771029127002 0.14058334929223212
v 0.5372788813157827 1.6491334169029017 0.14999856804809372
v 0.5172849499933976 1.6132270492834229 0.14902133302171017
v 0.5251465820331982 1.5711435229281445 0.10586865385142216
v 0.5370879828720709 1.5695565021567839 0.08861042872800773
v 0.5253938763113877 1.632261360628747 0.1528817548175382
v 0.5143123601773254 1.594294960763641 0.13834563089712495
v 0.5172098130474402 1.5796856149155203 0.12313923605046066
v 0.5518363902703988 1.575714197510996 0.07358384765973583
v 0.5661439886774224 1.5883518097350964 0.06416862890387423
v 0.5861379199998076 1.6242581773545754 0.06514586393025776
v 0.586213056945765 1.657799611722478 0.09102796090150726
v 0.5780289936818174 1.605223866009251 0.061285442134429706
v 0.6090715115378695 1.6300501432748662 0.08985362927450291
v 0.6016084197171654 1.650981967687791 0.12470019186451646
v 0.560980275705157 1.6335305830053721 0.16665978751845342
v 0.5379147192877451 1.59964659870304 0.16352347812062806
v 0.5338799698834573 1.568712221414104 0.13485812904047348
v 0.5941525397796985 1.59461037065751 0.07262012410671562
v 0.6040357140033705 1.6124764936645954 0.0777276762035361
v 0.6080704634076582 1.6434108709535316 0.10639302528369066
v 0.5905545054159604 1.6519846760082935 0.14258224758797344
v 0.5759428168378729 1.6457369644044726 0.15770492741673228
v 0.5477978827200806 1.6175127242180738 0.16863102025241689
v 0.5328789200270403 1.582072962895508 0.15139753039280787
v 0.5403420045088194 1.5611411133850543 0.11655094715146942
v 0.5513959316738121 1.5601384182432907 0.09866890309669
v 0.5660076208850092 1.5663861301611028 0.08354622266134767
v 0.5809701609246288 1.5785925256769333 0.0745913672961897
v 0.6280665355811197 1.6142278871134292 0.10148907178880957
v 0.5995695953436971 1.6260413955782596 0.1721697219365728
v 0.5693673390024778 1.5995376079893087 0.18183910492240604
v 0.5543151114548343 1.5495184432996478 0.1251187508117281
v 0.5644338125196369 1.5492978276653597 0.10666541521040238
v 0.5789014354330663 1.5556660263943163 0.09145472998044749
v 0.6208565334953684 1.5984724284758203 0.08803500275070605
v 0.6290638944925959 1.6259174585720324 0.11924921527180965
v 0.6241559155232721 1.6321889767889795 0.13850570474479285
v 0.6140372169909074 1.632409593679233 0.15695903791978483
v 0.5839168875773761 1.614412172427902 0.1807029968938876
v 0.5576144934827381 1.5832349916128068 0.17558945280581492
v 0.5504044913969868 1.5674795329751978 0.16213538376771142
v 0.5494071307593047 1.5557899753193332 0.14437524562785795
v 0.5945541427394004 1.5672952639753954 0.08292145915311233
v 0.6091036862494228 1.5821698259020571 0.08178535597726157
v 0.6496274426625244 1.590604956036136 0.11176469682143853
v 0.6420073942671907 1.6017233052228241 0.17026794510418458
v 0.5946049939974383 1.57186268286023 0.19385478591768754
v 0.5801818920567794 1.558502843938387 0.18634139220146237
v 0.6248891407690013 1.5649117350415376 0.08932764069535223
v 0.627745518880034 1.5951283537016772 0.18557599480637055
v 0.5774867538230235 1.5350511114269607 0.112914489047553
v 0.59174862921018 1.5416460629481077 0.09760643934536703
v 0.6393122535009966 1.578271571455432 0.09684104437660905
v 0.5698667136865883 1.5461694568497346 0.17141774972166451
v 0.5660152250065311 1.537625286069144 0.15230684764532015
v 0.608387034316138 1.55218900119727 0.08953966563021964
v 0.6534789205512449 1.5991491293246751 0.13087558893275125
v 0.6507904258567466 1.602974672701434 0.151182482875849
v 0.611107113774076 1.5845854154525147 0.19364276852151796
v 0.5687037222334674 1.5337997439483508 0.13199995127588854
v 0.6620364932100036 1.572576917971136 0.115384377392725
v 0.6677192768630731 1.5784674772163088 0.13503304955244536
v 0.6585288766579682 1.5777362495402787 0.17509527496108132
v 0.609373205268785 1.5504161694647955 0.19816725103186547
v 0.5932367555090243 1.5395390115333347 0.19015071759805185
v 0.5752463864878355 1.5242021005440043 0.1549933161556739
v 0.6335924688734601 1.552253405787569 0.09185912464128544
v 0.6664548974884135 1.5802294565650326 0.15575815391199785
v 0.6443990142242288 1.5709500006711843 0.19044208540752885
v 0.5809291809322417 1.5300926572812283 0.17464199828042593
v 0.5765107874451683 1.5224401161793835 0.13426823172618474
v 0.5985666510260083 1.5317195780311028 0.09958427848084007
v 0.6271281597385392 1.5613234974688626 0.19832313321734418
v 0.5844367987504959 1.5249333263400686 0.11493109949890272
v 0.6158375061448074 1.5413460815474163 0.09170323006444127
v 0.6497289078418844 1.563130566226978 0.09987564811006741
v 0.6713681873033315 1.5558408842707108 0.11646092589875842
v 0.6564329391785255 1.5493963407775238 0.19184522352359204
v 0.6387594444906887 1.5404876983606128 0.1996776143778602
v 0.5894035907479604 1.5148850571543657 0.17561493908549083
v 0.5829126286844772 1.5109275581994903 0.1349906804502206
v 0.5902930236879098 1.5143935161790354 0.1155876116248348
v 0.604338829347649 1.5213296037834843 0.1002306302824587
v 0.6405649092503334 1.5397235324142908 0.09265052824627387
v 0.6782168839399487 1.559652826411445 0.1362505171039191
v 0.6778591360430403 1.5597983844775691 0.15708517699533084
v 0.6704787435720456 1.5563324277539896 0.1764882433943828
v 0.6202068688009587 1.5310024090107857 0.1994253367379754
v 0.6029796235953275 1.5220699644069726 0.19127697284898826
v 0.5825548941113432 1.5110731150136314 0.15582534788033015
v 0.6220123360930413 1.5302382443204294 0.09239824818005529
v 0.6577921544559645 1.5486559770181039 0.100798892135261
v 0.6803959447891433 1.5364606421515794 0.11585148897208233
v 0.688175526116096 1.5382786733375806 0.13558054603541964
v 0.6815969424561495 1.532474594736908 0.1757428921340119
v 0.6496232459902365 1.5171747394432291 0.19894879483386557
v 0.5965458282365941 1.500956998717884 0.11515858351126171
v 0.6105245273398713 1.5080368278792982 0.09980596730352892
v 0.6477089525046501 1.524378065350258 0.09216355989161054
v 0.6885416984054961 1.5368736720616232 0.1563681528857961
v 0.6304338181880936 1.5090535281045339 0.19873791575366306
v 0.5977468259036004 1.4969709513032126 0.17504998667319127
v 0.5899672445766477 1.4951529201172113 0.15532092960985394
v 0.5896010722872476 1.4965579213931688 0.1345333227594775
v 0.6285195247025073 1.5162568540115628 0.09195268081140805
v 0.6658071270636772 1.5314450491969018 0.10025530330912263
v 0.667618254144209 1.525394763067545 0.19109551830677632
v 0.6123356436290666 1.50198654425789 0.19064617233615097
v 0.6957352285140972 1.518541426232213 0.13325407296489578
v 0.6967155049404818 1.515527801750552 0.15384995230518259
v 0.6901403069877945 1.510160682221404 0.17310930658442134
v 0.6762185369384376 1.5029317193650276 0.18844413747320948
v 0.657950803045813 1.4954261138783576 0.19638256921985708
v 0.6382211328110114 1.4887200642992746 0.19634036037956348
v 0.5953668983846893 1.481073959879242 0.15366888292373826
v 0.5943866327496411 1.4840875818529544 0.1330730135484831
v 0.6009618319685476 1.4894547020100855 0.11381365805607743
v 0.6148836026510138 1.4966836651804531 0.0984788265607058
v 0.652880994087775 1.5108953218121803 0.09058259550907054
v 0.6193841490005739 1.4835884415082499 0.18847931832061918
v 0.633151337176748 1.5041892709811147 0.09054039420747476
v 0.6871659622653655 1.5187919961093537 0.1137715927665564
v 0.6039361754247574 1.480823387494153 0.17315137308710923
v 0.671717988689549 1.5160269420952566 0.0984436475330465
v 0.6914863776764284 1.504788271495276 0.11103204579990048
v 0.7005406030577501 1.5029708800538268 0.13020966127198452
v 0.7018979807943696 1.4987388151042487 0.15056843143781434
v 0.6955497478403575 1.4926384403020163 0.16968512422239676
v 0.6816629281411317 1.4852965386985744 0.18499798018055727
v 0.6632277106449977 1.4783320396786888 0.19304170433592727
v 0.6431662703704449 1.4726978917451872 0.1932080783355648
v 0.62387555476068 1.4690321678059792 0.18563225807365552
v 0.6078999605710419 1.4679717642671406 0.17063600758682462
v 0.5988457351897203 1.46978915570859 0.1514583921147406
v 0.5974883441293263 1.474021221910151 0.1310996144102129
v 0.6038365912702158 1.480121588559031 0.11198292649275503
v 0.6177234113725576 1.4874634976918253 0.09667007199300093
v 0.6361586288686916 1.494427996711711 0.08862634783763093
v 0.6562200678770255 1.5000621440172297 0.0884599750511603
v 0.6755107834867904 1.5037278679564374 0.09603579531306962
v 0.7001674471175469 1.4742463791607079 0.1649842974610197
v 0.6474411299011357 1.455670051266634 0.18885558213523201
v 0.627815375530095 1.4533374403643682 0.18162014918825725
v 0.6114501998367453 1.4538272952784088 0.16701975538534664
v 0.6020378655857314 1.4570696081130838 0.14820597187049472
v 0.6065826674529049 1.4691769370520993 0.10918371336256602
v 0.6204436655084928 1.4766215705639216 0.09389708965060178
v 0.6390025593376167 1.4830939531749054 0.08572771501168033
v 0.6593089804106724 1.4877532774929458 0.08531243645783415
v 0.678934735644816 1.4900858814938425 0.09254786673323559
v 0.6952999104750628 1.4895960334811713 0.10714826320771953
v 0.7063481062819035 1.4810135887293778 0.14603788271782026
v 0.6863064473357532 1.466801759451624 0.18027092651613055
v 0.6004020065623425 1.462409741286168 0.1281301334489121
v 0.7047122455891796 1.4863537137451268 0.12596204405099815
v 0.6677475535066293 1.4603293768406402 0.18844030115505203
v 0.6983478348098113 1.473873944993217 0.10219109188587872
v 0.7099360612816241 1.4624901135589368 0.14019430712225078
v 0.7038975653014413 1.4549854070142128 0.1589073587698379
v 0.6900584846850643 1.4474271511913048 0.1741580515832361
v 0.671394645830225 1.441499004788656 0.18249960996829467
v 0.6508803898804578 1.4379177733471464 0.18325602248500494
v 0.6142746833375309 1.4392639093012243 0.16242918492874606
v 0.6045585503123083 1.4440821255822114 0.14411403838493958
v 0.6225640353616064 1.4657107040451107 0.09046222341163832
v 0.681652111413676 1.4760783321939213 0.08813318184214411
v 0.6026864335568394 1.4506477595541403 0.12442595510545733
v 0.6412278515406764 1.4716388695803868 0.08212064983307961
v 0.7080639678350339 1.4690557287122297 0.12050623842968518
v 0.6309704050074605 1.4370595359032585 0.17648710031562728
v 0.6087249325294468 1.4581524529241083 0.10571289690155666
v 0.6617421265406787 1.4752200947500334 0.0813642596727664
v 0.6160456156678515 1.4255178892670552 0.15716208625661104
v 0.6061259880354041 1.4318987311323856 0.13944349126767286
v 0.6040956207884244 1.4396795258491983 0.12021930358388801
v 0.6632507691250314 1.4634871334602753 0.07686555394854298
v 0.6833511203057587 1.4628834249197813 0.08307634359592289
v 0.7101878427535302 1.4525981352536605 0.11420381959898121
v 0.7122181992091733 1.4448173430447966 0.13342799731773447
v 0.7062749694240567 1.4365813507578131 0.1518619031954732
v 0.6737165085893685 1.4235219500311527 0.17561722123473747
v 0.610038850573541 1.4479155181361816 0.10178539770614926
v 0.6238632510471356 1.4555864324451595 0.08657770782175268
v 0.6425973122144614 1.4609749339215465 0.0780300825836978
v 0.700268206055952 1.4589789658242012 0.09648520930186477
v 0.6924505684904753 1.428910450879557 0.16706959720984949
v 0.653063052598772 1.421009721630981 0.17678174160993287
v 0.6329627195483063 1.4216134527610549 0.17057098257890946
v 0.6113628056257348 1.43117931212846 0.09450391614256826
v 0.7115904640133425 1.4350237629467144 0.10657058653838884
v 0.7016510784775796 1.4416151402680333 0.08894034533211584
v 0.7136362006994725 1.4270792305601412 0.12572607015913728
v 0.693879196578221 1.4110586429469434 0.15931992742548104
v 0.6074745270049158 1.4149002721166033 0.13205193767040577
v 0.6054287920449917 1.422844790700438 0.11289644870651074
v 0.6645936635298266 1.4465493528469262 0.06949948415548944
v 0.6847124962436119 1.4457486443822536 0.07562760007666747
v 0.7077021841263046 1.418744722306875 0.1441186092793933
v 0.6751383050491164 1.4057428507303196 0.1678980614927919
v 0.6544713166970951 1.4033746847243402 0.1691230300882735
v 0.6174139125406788 1.4083088947952844 0.14968217887667876
v 0.6251857927138317 1.438865405919113 0.0793026021264602
v 0.6439266859691419 1.4441811843329984 0.0707244627160027
v 0.6343524965008522 1.4041753768783256 0.16299491878898054
v 0.7105138321521486 1.413405691135296 0.08358837310156869
v 0.6419204065076439 1.3800166132400926 0.15838826729681355
v 0.6289763174597871 1.371653656631969 0.1427760077598847
v 0.6235179244364173 1.3657713153309856 0.10223309291980653
v 0.7167816617312475 1.4183004410832298 0.10333219965329449
v 0.7159722143841818 1.4192880349442278 0.12413127797661525
v 0.6938165886676332 1.4096046453579207 0.15850203332768836
v 0.6767593926547242 1.4001881890141834 0.16671479143513412
v 0.6586041959286256 1.3899621136110558 0.16649380741298533
v 0.6227084878806883 1.3667589066840349 0.12303218120815893
v 0.6311701519301642 1.3687305224001942 0.08285142255593327
v 0.6452578338664499 1.3755885570951047 0.06749774406747033
v 0.6627307396331822 1.3848711512222058 0.05964956172677555
v 0.6808859338268428 1.3950972253693676 0.05987054817525816
v 0.6975697448304975 1.4050427207244338 0.06797610822149325
v 0.735620525936503 1.376076873448715 0.09047012612901935
v 0.7403512607005411 1.3834238511731005 0.10987900405453573
v 0.7383465221542833 1.3863184095963266 0.1304176405807963
v 0.715776471902766 1.3778255535799975 0.1649720875770588
v 0.6664850471922423 1.3435525720905421 0.16515190542096217
v 0.6552132687799102 1.3325216665926491 0.14990405190840533
v 0.6504825357420778 1.325174675065525 0.1304951686397423
v 0.6524872850796721 1.3222801141343505 0.1099565420785134
v 0.729974955575523 1.384506800998808 0.14964254703216628
v 0.6988344042789084 1.3676960532330087 0.172935931239526
v 0.6817307702161903 1.3557923453246044 0.17294409219697665
v 0.66085883914089 1.3240917390425562 0.09073163100525838
v 0.6750573348712026 1.3307729845814011 0.0754020992122306
v 0.6919993946961485 1.3409024742615825 0.06743823902841822
v 0.7091030262264286 1.3528061809140213 0.06743008049730144
v 0.7243487475241708 1.365045967950822 0.07522227261646253
v 0.6313252652488214 1.407576082314226 0.06951397495776823
v 0.6496703716558857 1.4148448787140446 0.061533696823640904
v 0.6695533383593093 1.4210817961821556 0.06149303887418835
v 0.6885999799872011 1.425571842775439 0.06924077921328518
v 0.6755186166676839 1.4028722872311477 0.1668090877850162
v 0.6556356499642603 1.396635369763037 0.16684974573446879
v 0.6208972538506895 1.3901263589029764 0.14390585261718886
v 0.6365890191277049 1.392145320661805 0.15910201536040358
v 0.6121038758168422 1.3910626986944599 0.12454446449949924
v 0.7130851125067272 1.4266544672507324 0.10379832010915789
v 0.7042917452642166 1.4275908045342676 0.08443694195649994
v 0.7142396348466181 1.423107550650186 0.1242999950675839
v 0.6938637325998657 1.410141080495035 0.15882882082908747
v 0.7077693276539502 1.4174194770803517 0.14350269001417956
v 0.6109493534769515 1.3946096152950065 0.10404278954107324
v 0.6174196611296061 1.4002976744341193 0.08484009046449786
v 0.7078213054353062 1.4170038628189823 0.14334180252620662
v 1.1983833141374416 0.5832255884914332 0.2573673283378428
v 1.1171325090867161 0.5934950644375399 0.18877274898653654
v 1.2067087592922592 0.60947294198508 0.1853348840509843
v 1.2164094102102125 0.6047407812803651 0.20367838288051207
v 1.1797249611949647 0.5772678085147167 0.26569927589319253
v 1.159221349655113 0.5736276743961024 0.2664363337010567
v 1.1309727537175776 0.6010470181139569 0.17352001171146395
v 1.1496311829797579 0.6070048903329426 0.1651881829820395
v 1.1393259966353724 0.5726888610380847 0.2596410025788871
v 1.2182693776419091 0.5982420511028168 0.22338839469721047
v 1.1701347005916034 0.6106450407472479 0.16445105273292374
v 1.1129467263671962 0.5795319137993973 0.2272090832737214
v 1.1226472209658485 0.574799684055916 0.2455523774912361
v 1.1900300699534276 0.6115837449393227 0.17124633868358652
v 1.2122235298827921 0.590777762383685 0.24211467776628298
v 0.7306879846322987 1.373404999583052 0.09411607008604247
v 0.7348383091585273 1.379850588642194 0.11114369383821658
v 0.6775552239012501 1.3336594046769827 0.08089672141127696
v 0.6924186692234202 1.3425461239740746 0.07390993313370481
v 0.7074238842861728 1.3529893638906567 0.07390277888345076
v 0.720799129318342 1.3637274553814405 0.08073895754346967
v 0.6650987318978503 1.3277978868786948 0.09434549840462768
v 0.6559954872840914 1.3287479375964315 0.12923047885606148
v 0.6577542749088742 1.3262085321977108 0.11121172444221933
v 0.6601458083579087 1.3351935542610507 0.14625811329452884
v 0.6700346653980711 1.3448710846599237 0.159635220493955
v 0.6984151280254309 1.3660524173232553 0.16646424247738606
v 0.6834099121564461 1.355609162347969 0.16647139381082732
v 0.7330795206137712 1.3823900229023576 0.12916245651201813
v 0.7257350718836937 1.3808006644574593 0.14602869494097528
v 0.7132785828727186 1.3749391334844157 0.15947746537801247
v 0.6954168898895288 1.3542991647656129 0.12018702605187837
v 1.105315077738482 0.7264417987555457 0.18428382444766903
v 1.1210401882956698 0.7372825834107773 0.18429064943046214
v 1.0821456665921003 0.7285584309732966 0.27390990190700193
v 1.071737283748949 0.7185588525900182 0.25991128156237864
v 1.1481128155941587 0.7676110853623407 0.24210317983261945
v 1.140472745971803 0.7659028105412851 0.25973406030309326
v 1.1350802236938728 0.7484057791927374 0.1914524395134502
v 1.145488563371678 0.7584053676078101 0.20545101999794682
v 1.12746388314038 0.7597715981303523 0.27378626635815173
v 1.1119108138137102 0.7505224120384714 0.2810785157596161
v 1.1498953132077583 0.765037418004919 0.22326168683349895
v 1.076753099882605 0.7110614090285604 0.20562824247039926
v 1.0897619633471374 0.7171926217534845 0.1915760358087573
v 1.0961856156596108 0.7396816468188452 0.28107161226973687
v 1.0673305339128687 0.7119268021929093 0.24210061472682654
v 1.0691130340589061 0.7093531360914533 0.2232591193013722
v 1.1086129316376891 0.7384822156558677 0.23268121316380194
v 1.1000966876265554 0.7991575947532438 0.18121008414625667
v 1.0736293945816744 0.7892340307260284 0.2224388587438814
v 1.0703315835702918 0.7771936036562748 0.174041510153769
v 1.0860566522283523 0.7880343989712834 0.1740482940632687
vn 0.20242058490115647 0.9472687403817279 -0.24841062840363473
vn 0.19069668222745567 0.9812538181663039 0.027851745393978798
vn 0.08523524838174211 0.953446268749481 0.28926659855744663
vn -0.10053663292630768 0.8649790475450456 0.49163363671326116
vn -0.3312000501467335 0.7325938879857892 0.5946534470333679
vn -0.9742818036365777 0.2251761857607828 0.008405502298048692
vn -0.8411526114611815 0.2255058205901852 -0.49153780028801636
vn -0.6694936142542676 0.306837174394154 -0.6764829996996006
vn -0.7711199411732209 0.4316534869999146 0.46802703285795677
vn -0.915107683437427 0.30614462779350937 0.2623993037089838
vn 0.1216699343684533 0.8567671764798218 -0.5011451210752931
vn -0.5655583962811009 0.5810736595454128 0.5852325200964579
vn -0.9471606205508148 0.19755166673851332 -0.2527055556307194
vn -0.45938420005421426 0.42918497095306773 -0.7776672922584337
vn -0.2404362211619656 0.5739114543562287 -0.7828256933136987
vn -0.03669200982463764 0.7239939251033262 -0.6888297996083704
vn 0.8911491992094305 0.4147613700185186 -0.18391876111140054
vn 0.8946034951722807 0.3993813433510439 0.20044732227858483
vn 0.7629210768628215 0.3233685081054555 0.5598073226067383
vn 0.5093790632364468 0.1959954418515102 0.8379252691677171
vn -0.17155246899357543 -0.11850928344403625 0.9780211143527473
vn -0.4989058104467247 -0.2612881384187392 0.8263301404548707
vn -0.890329230031709 -0.4091872038138246 -0.19969900947718197
vn 0.17503801761549068 0.11300021487638552 -0.9780555423017293
vn 0.1793175427582844 0.04022190388874365 0.9829686756487693
vn -0.8891237816501545 -0.41885961998341836 0.1844329679083299
vn -0.7566584173541645 -0.3379113543671846 -0.5597177467588696
vn -0.17304647473171578 -0.05125584140187803 -0.98357905442578
vn 0.49982923654096717 0.2598497076910124 -0.8262256735975767
vn -0.7531855292226299 -0.3674992964350902 0.5455784322069014
vn -0.502117375845702 -0.21098226750096744 -0.838668363343924
vn 0.7536380303063821 0.366699395087582 -0.5454917716320918
vn 0.934091393651258 0.2970315610107927 -0.19810482091595433
vn 0.8426693846546346 0.09948530005379756 0.5291606402964848
vn -0.11772485783860298 -0.26002934454516174 0.9583974112143115
vn -0.8434194818560529 -0.09653456711244056 -0.528511735894371
vn -0.5932987564059466 0.036252471003008206 -0.8041656197533771
vn 0.7653004074408268 0.33563825438159095 -0.5492378797630246
vn 0.9604942508679803 0.21482317892926575 0.17692313541276
vn 0.5924466011474604 -0.03315879722493762 0.8049270270996106
vn 0.25366640767550636 -0.1594799939606865 0.9540542359548032
vn -0.47552395983384105 -0.32243984432641687 0.8184800000089797
vn -0.765363260133877 -0.3354572431019436 0.5492608834494651
vn -0.9343408468660264 -0.2961574524894873 0.1982370934326215
vn -0.9610147706531885 -0.2127953450078392 -0.17654674091977504
vn -0.25440893973941503 0.16182892562608117 -0.9534607963683537
vn 0.11729123105361948 0.26125140409101977 -0.9581181925933758
vn 0.47541547819228247 0.32276400988935516 -0.8184152473013607
vn -0.9827647561504278 -0.112425244289144 -0.14674467116429268
vn -0.6323667123998413 0.2574259757106836 -0.7306464316466745
vn 0.4651444042148596 0.3815274001422293 -0.7987975501767107
vn -0.46515184593813763 -0.38147116566343464 0.798820073600885
vn -0.954248277577593 -0.183539142344427 0.2360584842103093
vn -0.28822039803881244 0.35500537547354183 -0.889325691487229
vn 0.8816558025780787 -0.11839444690001266 0.4567995191806183
vn 0.6323335884762645 -0.2570330095538208 0.730813426863817
vn -0.7705778103150126 -0.3057079008316196 0.5592428073916063
vn -0.9924571996377545 -0.03587541674548092 -0.1172248325250422
vn -0.8816750438418259 0.1187692660799914 -0.4566650616166453
vn 0.09348326128213336 0.39795766231995433 -0.9126283903434594
vn 0.7705744302294466 0.3057362321428678 -0.5592319767606699
vn 0.9542370617907212 0.1836527818861279 -0.23601543511070944
vn 0.9924319659678964 0.03615253691023844 0.11735325730481493
vn 0.2882001934378066 -0.3546953422494666 0.8894559363391445
vn -0.09347753313744343 -0.39781589901817016 0.9126907807614271
vn -0.8857886758538418 0.21328515415393884 -0.4121745561611346
vn -0.6366840256083726 0.35441169314238824 -0.6848545855136422
vn -0.29215669307345954 0.4396766332121318 -0.8493108529270215
vn 0.46390973145872866 0.407353007893308 -0.7866710163837008
vn 0.7711901769699446 0.2925240586386781 -0.5654161176183615
vn -0.09063945909791109 -0.4584181075588236 0.8841025546375404
vn -0.4639189987960468 -0.4074620976570953 0.7866090525343281
vn -0.7711810586602817 -0.292609430644327 0.5653843788623895
vn -0.995850139112116 0.041912870733219254 -0.08078249623080397
vn 0.09061425482560342 0.45795145657223474 -0.8843469456303725
vn 0.9958527646074478 -0.0426681558962968 0.08035359168147246
vn 0.885802701013753 -0.2144261079872248 0.41155196402178745
vn 0.2921208513368674 -0.4405902513950538 0.8488495971548004
vn -0.9564759401224846 -0.13400435455757537 0.25922308717862447
vn 0.9564631230383827 0.13368945739437965 -0.25943288775569656
vn 0.6366836297628385 -0.35561890708274474 0.6842288714438254
vn 0.7697243786492202 0.27344014708411807 -0.5768490850089717
vn 0.626156170138934 -0.4986766257488429 0.5993747354774731
vn -0.9511809783725732 -0.06193842959748145 0.30235472101687516
vn 0.09732161376083039 0.5455626986273219 -0.8324000512743027
vn 0.8757356727010454 -0.35360101014276896 0.3287147048503622
vn 0.2826942982169707 -0.5653311894411908 0.7749094011564338
vn -0.7697308601700159 -0.27357708632992983 0.576775502892723
vn -0.8760479473890719 0.3515042947227386 -0.3301283457488379
vn -0.6264841457207465 0.49647612946569425 -0.6008569447308652
vn -0.2829382915096732 0.5636632834394959 -0.7760345521301186
vn 0.9875636898948278 -0.15674783994169442 0.012168528050883877
vn -0.09744771331023931 -0.5464371666403214 0.8318114967254917
vn -0.4668633154767448 -0.44517910634606767 0.7641035322094631
vn -0.987773684395865 0.15534195256228603 -0.01311587546275413
vn 0.46682902847354096 0.4449402802029352 -0.7642635705222273
vn 0.951086989303088 0.06130092579317993 -0.3027800113536013
vn 0.7632491234902006 0.24977992332364699 -0.5958697553961552
vn 0.8290302775280134 -0.5256794105628405 0.19070908801661732
vn 0.578079365901213 -0.6754755486354715 0.4577739943627867
vn -0.9266486567202448 0.028212969187141394 0.37486837072259266
vn 0.9266543550448331 -0.028284848645259122 -0.37484886769678155
vn 0.24060373661713785 -0.7195166128581695 0.6514642628317978
vn -0.9492480254855633 0.29777635257684226 0.10127897095543342
vn 0.12736747388596345 0.6552361131356996 -0.7446094027332244
vn 0.4796815024727139 0.4918472349476707 -0.7266305482567126
vn -0.47967592514142354 -0.49187340984964745 0.7266165120079506
vn -0.763229635969796 -0.2497859150006878 0.5958922045510262
vn -0.8291025242458151 0.5255679081286088 -0.1907023288650036
vn -0.578088254812179 0.6754066759410996 -0.45786438138645796
vn -0.24050551010702317 0.7194590986452872 -0.6515640451902418
vn 0.9492127896194233 -0.29789717024481305 -0.101253918358972
vn -0.1272743285504085 -0.6552803935766778 0.744586362409383
vn -0.8828287465539493 0.4105015799326065 0.2282583122929299
vn -0.7480351789632462 0.6627053710671291 -0.035566306980103976
vn 0.1778914149324708 0.7419070787876682 -0.6464739213132052
vn 0.7522476893660014 0.23094658882811828 -0.6170794818758505
vn -0.7522304591357929 -0.23089451229855848 0.6171199725651124
vn -0.16857641028381187 0.8420918534177564 -0.5123117257132338
vn 0.4956409626059585 -0.8153962986756313 0.2991135441485715
vn 0.1689621847126334 -0.8415727747380982 0.5130370795144853
vn -0.5013017368156114 -0.5289783812018501 0.6847469904181557
vn 0.50135094017988 0.529072910518141 -0.6846379263060247
vn 0.8848540386460224 -0.09961796353014271 -0.45509294834564373
vn 0.8832015437244647 -0.4100248280428699 -0.22767229421064283
vn 0.7485679466754493 -0.6620546778627635 0.036464129362072
vn -0.17769344841551107 -0.7416357108252462 0.6468396329995064
vn -0.8846982874176211 0.09983007577542416 0.45534920249298905
vn -0.49508650339419175 0.8160720189944612 -0.2981875483168554
vn -0.8041623379700372 0.48224821848608374 0.34750480566110503
vn -0.6522998606550845 0.7500031378898658 0.10954535565103753
vn 0.5274361591280798 0.5528494970049473 -0.6451112552929112
vn 0.7389772918565525 0.21882403193053104 -0.6372037391368804
vn 0.8040363522819615 -0.482311350665047 -0.34770864991940525
vn 0.08257997549029947 -0.9204454496886516 0.3820480621538046
vn 0.8346026980107085 -0.14549814006802864 -0.5312895893107545
vn 0.6521195307647806 -0.7501235464943771 -0.10979427393912915
vn -0.23871598421074983 -0.7972936217883418 0.5543803383399535
vn -0.5274534820538436 -0.5528713264884856 0.6450783833117788
vn -0.7389977643064658 -0.21881841318189593 0.6371819256716265
vn 0.23861019205067707 0.797275019969693 -0.5544526298809168
vn -0.8346553029474599 0.14548350891019363 0.5312109504677607
vn -0.3967859499146965 0.9057060574121464 -0.1491893009476137
vn -0.08276079944207387 0.9203451746657428 -0.3822504539502759
vn 0.39660662450893713 -0.9058257312156396 0.14893935028486807
vn -0.7061126034661551 0.5267847420396553 0.47318371356214534
vn 0.024470293979696918 0.9691242278691501 -0.24535573290545018
vn -0.5599563379987764 -0.5675398158618764 0.6036120086168494
vn -0.7225283969606658 -0.21139951807997895 0.6582271335496608
vn -0.024677064627051114 -0.9691819581424025 0.2451068634140031
vn 0.3143883281618557 0.8315924506916558 -0.4578361880282503
vn -0.7723753561270429 0.17365779108638812 0.610965858982824
vn -0.5327964745196638 0.8044537141324684 0.26264450985675303
vn -0.2739352675709182 0.9617153978098398 0.007934909974990181
vn 0.559932636004661 0.5675433297060353 -0.6036306917669597
vn 0.7225283969606658 0.21139951807997895 -0.6582271335496608
vn 0.7723138689338896 -0.1736858924898602 -0.6110355952007768
vn 0.705947461678961 -0.5268292497461596 -0.4733805265966591
vn 0.5325265875255351 -0.8045412889656689 -0.26292346401161787
vn 0.27366549768779797 -0.961789504730447 -0.008254935835698283
vn -0.31446711085378204 -0.8316216945383361 0.4577289518530173
vn -0.5980211267464226 0.5396555315074892 0.5925728978600934
vn 0.7044925114237801 0.20922146343442558 -0.6781715716440585
vn -0.3973305532433291 -0.84151545814436 0.36603301102965846
vn -0.4010114981343806 0.8200833310742801 0.40823168477977323
vn 0.14237930363875523 0.9831138669048486 -0.11495763826183537
vn 0.3975293868254541 0.8415048065151965 -0.3658415602716566
vn 0.595575384760764 0.5717972862540954 -0.564214342692137
vn 0.1391162937271939 -0.9777520318223752 -0.15699560849535218
vn -0.70444922983339 -0.20923200993585583 0.6782132766360045
vn -0.7038269283806352 0.18185636685971504 0.6866992913341797
vn -0.13859979833882463 0.9777463319958805 0.15748716191816595
vn -0.5955296436844665 -0.5718060842734656 0.5642537066611957
vn 0.7039562019009226 -0.18185896830903406 -0.6865660794496048
vn 0.598339108207917 -0.5396701997133856 -0.5922384546196483
vn 0.40147075156841944 -0.8201096831780698 -0.4077270449610306
vn -0.14198504831142006 -0.9831256242907441 0.11534406321496617
vn -0.6407204406601306 0.1732038734916579 0.7479824430611816
vn -0.4986166818768668 0.5259432868103535 0.6890319757552807
vn -0.01434840598764653 0.9603919032163404 0.2782831570219605
vn 0.628376626862101 0.5672952027757165 -0.5322771531082907
vn 0.6408316319542522 -0.173229740637107 -0.7478811913971699
vn -0.628354594382136 -0.56730040194263 0.532297621330954
vn 0.6878530006827708 0.21149090627291228 -0.6943557056837442
vn 0.4739976581976283 0.8309264768462672 -0.2913544406715203
vn 0.014724240568762193 -0.9604861059090481 -0.2779381893431448
vn -0.2503856064169673 -0.9680961743187659 0.009841004449600507
vn 0.49887309718138095 -0.5259816439139978 -0.6888170607455835
vn -0.6878308606160288 -0.21149603113011572 0.6943760767771469
vn -0.2799373028137041 0.8032543884214312 0.5257542144149688
vn 0.2506548335795393 0.9680293585394539 -0.009555909632617121
vn 0.28028805333310025 -0.8033464516299917 -0.5254265750913656
vn -0.4738530932565233 -0.8309541373513192 0.2915106646933342
vn -0.582064926382514 0.15277718116289313 0.7986611010880893
vn -0.40629324827586394 0.49382079786393784 0.768808699223982
vn -0.6589831664042834 -0.5566451895373963 0.5058530610371561
vn -0.67232803077245 -0.21691215632058625 0.7077599419845639
vn 0.10109689879443748 0.9202657079844404 0.3780085233986713
vn 0.5452096623053739 0.8061595029093674 -0.2298984123428909
vn 0.6589619750245648 0.5566510945878699 -0.5058741685101653
vn -0.10136763465840272 -0.9201611455773684 -0.37819051920097857
vn -0.3515959560947527 -0.9329320967334587 -0.07757568267394903
vn -0.16753690271321045 0.764164354259169 0.6228837980786878
vn 0.3514066303461136 0.9330152708386146 0.07743309712736793
vn 0.6723054588202816 0.21691714093222653 -0.7077798556120676
vn 0.5819992550610276 -0.15273459725351135 -0.7987171025527228
vn 0.40613892010937147 -0.49373737367283954 -0.7689438103080358
vn 0.1672857280067761 -0.7640589685556611 -0.6230805548040333
vn -0.5453045854305213 -0.8061150976068177 0.22982897667352115
vn -0.05546343982104576 0.7034903679162012 0.7085373025411893
vn 0.656953949511606 0.22523784778739916 -0.7194994233112371
vn 0.0556528228132605 -0.7036394544694697 -0.7083743935425832
vn 0.6160681610557752 0.7678006365248274 -0.1759039609713925
vn 0.523805201023209 -0.12118922529616541 -0.8431733410474688
vn 0.31456133574706613 -0.4440795268792001 -0.8389544325288276
vn -0.45165831043692606 -0.8788204736069449 -0.15388094678200628
vn -0.6569299599558074 -0.22527181677929525 0.7195106922606619
vn 0.21627263162966878 0.8580031776025183 0.46589343849421105
vn -0.2160142190866263 -0.8581474366066348 -0.46574760782837804
vn 0.45183017466902414 0.8787124581718383 0.15399321125349888
vn -0.31442113527058274 0.4439914336841906 0.8390536076498418
vn -0.6159843365131327 -0.7678595586580201 0.17594031757384757
vn -0.6893081156658386 -0.54021203636803 0.4827269180813487
vn -0.5237638730956246 0.12112471524170947 0.8432082830460607
vn 0.6893371590652638 0.5401813017777621 -0.4827198383550374
vn -0.2301078811637457 0.3822523861644673 0.8949488679795636
vn 0.3216824429580026 0.7805769303430052 0.5359291573602454
vn 0.4704536243539376 -0.08219579209275359 -0.8785882079190962
vn 0.23056287003288375 -0.38263218889360434 -0.8946694199449811
vn -0.5431748539939427 -0.8116851398198256 -0.21477502597911458
vn 0.6809075797040727 0.7202411320329325 -0.13273123079916757
vn 0.7171493040768173 0.5198219233705097 -0.46420043477523865
vn 0.6428729474777174 0.2355320551316714 -0.7288614576219294
vn -0.046617380403847455 -0.6287127272348305 -0.7762390910391106
vn -0.3209899509276596 -0.7811536173302879 -0.535503947263944
vn -0.6806242848072958 -0.7204756936685802 0.13291108969282941
vn -0.7170737447319735 -0.5198922859074611 0.46423836083415065
vn -0.6428251031846676 -0.23557055791131198 0.7288912120206792
vn -0.470264333336483 0.0820142625301618 0.8787065024985459
vn 0.047284927266938954 0.6281624332055861 0.7766441225957987
vn 0.5436934754151203 0.8112514565443307 0.21510109029414495
vn -0.4261627696733902 0.04160359079483665 0.9036893464998251
vn 0.13138795765732544 0.5507866919855607 0.8242397858112891
vn 0.40794291006055955 0.7010597912209965 0.584891230285166
vn 0.6189677967184585 0.7418446206015735 0.25796400041479556
vn 0.16044703429861323 -0.3182298308864407 -0.9343374786011568
vn -0.7344977884591216 -0.670870967575722 0.10220148537410914
vn -0.16087223884524549 0.31872559091747127 0.9340953487001351
vn 0.7400892284611513 0.4987517602501386 -0.45112594201970496
vn 0.6311362794713752 0.2462998652056248 -0.735529314939059
vn 0.42599269406471313 -0.04139859436860966 -0.9037789447579485
vn -0.40865532954043815 -0.7003643731445651 -0.5852269358701941
vn -0.6311612905453802 -0.24626621604238505 0.7355191201819673
vn 0.734205455044383 0.6711746464124868 -0.10230808275079652
vn -0.1320303365301128 -0.5500970715941685 -0.824597600080952
vn -0.6195167914165833 -0.7413037885081406 -0.2582007712931537
vn -0.7401621010437598 -0.49867947477476643 0.45108629508870063
vn 0.3797661291212345 0.011125153919452551 -0.9250156312855163
vn -0.22101279022970186 -0.4494262137641851 -0.8655457382117199
vn -0.7908235080501177 -0.6072303410145536 0.07661261036314158
vn 0.6189385596532684 0.2601763302161138 -0.7410960373457769
vn 0.08753235207576736 -0.23553725142633036 -0.9679154356298971
vn -0.7642718436340735 -0.471353969250711 0.4401295090081714
vn -0.619016875356315 -0.26004694739870715 0.7410760373758676
vn -0.3801986484590465 -0.01058551341073013 0.9248442758733739
vn 0.219543418503897 0.45125778794514126 0.8649665289538554
vn 0.764116540628173 0.47155347986702606 -0.44018544724210484
vn -0.6993632210796594 -0.6512158823134394 -0.2946336023331557
vn -0.08856753361090472 0.2367771214763603 0.9675186751352401
vn 0.6981736547830069 0.6527056681309821 0.2941578803238616
vn 0.7902080805921551 0.6080009955041918 -0.0768503665103392
vn -0.5001911594905072 -0.5970294682532791 -0.6271878650011884
vn 0.4986476434504667 0.598961584518138 0.6265744552348249
vn -0.006753908711230527 0.11980218127479904 0.9927748093494921
vn 0.6017567552061228 0.45244719510625053 0.658164374001119
vn 0.8533377030770337 0.5181447195371154 -0.0577997761502291
vn 0.3286154293247002 0.08436506907241105 -0.940688277130182
vn -0.31918193844690107 -0.30945959964476916 -0.8957441857790525
vn -0.790998120544043 -0.43321087310193934 0.43203045346601104
vn -0.3284911116001871 -0.08468393204845637 0.940703046265125
vn 0.3196661097709773 0.3085079572790912 0.8958997815377409
vn 0.7879837891679746 0.5251458707341753 0.3214084044628049
vn 0.7910442040570862 0.43309805141267244 -0.43205919165114054
vn 0.605409144277883 0.2795180809651747 -0.7452176933207287
vn 0.007049860749606748 -0.12046806347251272 -0.9926921703864666
vn -0.601128086567152 -0.4533915229194769 -0.6580890141043778
vn -0.7874927409688872 -0.5258821370101195 -0.3214080908984385
vn -0.853091505686486 -0.5185555525580249 0.057749647936639545
vn -0.6053808931287733 -0.2795801792459618 0.7452173492394044
vn 0.8993618639484138 0.4340178335023196 -0.052694951154618794
vn 0.8108862242878833 0.39712408664804366 -0.42983251513129833
vn -0.05281864038984771 -0.012272594991187723 -0.9985287049652355
vn -0.8989032550108379 -0.43496444819463975 0.05271495933464075
vn 0.05363833301284484 0.010712977414823686 0.9985029601090388
vn 0.29046898047862896 0.1530545390055378 -0.9445644919588646
vn -0.391743464430021 -0.17749100866563527 -0.9027923348806304
vn -0.6753660470646125 -0.3177207553626364 -0.6655330375602069
vn -0.8107525084683495 -0.397378412752693 0.42984970290838753
vn -0.29011172223601317 -0.15370109923284278 0.9445692990542675
vn 0.3928903142763946 0.1751802935946645 0.902745293914005
vn 0.5953339179328344 0.297657861072312 -0.7463091342738593
vn -0.5952757014513571 -0.29778127575368385 0.7463063386251677
vn 0.6765271766118289 0.31526487403920966 0.665521628876679
vn 0.853051216626329 0.405630908550515 0.3282791309858482
vn -0.8521716733632975 -0.40749560040394156 -0.3282541313808995
vn -0.27141412786954183 -0.195983699530493 0.942297596681196
vn 0.7133177437277013 0.23269279536042442 0.6610838520721656
vn 0.590318299438875 0.30895333769896793 -0.7457024476775319
vn 0.271448011283201 0.1958637847557369 -0.9423127691969125
vn -0.885075648062792 -0.3338102388652253 -0.32436371812360587
vn -0.8206629435881698 -0.3751227455063704 0.43103974158418784
vn -0.5903156572601488 -0.3089820739525043 0.7456926329054938
vn 0.0829761703914956 -0.055562965614008045 0.9950013628128044
vn 0.4286485840298431 0.09468160549962061 0.8984964023240297
vn 0.8852244950272766 0.33345720595646355 0.3243206518237956
vn 0.9221460109427987 0.3828383122679784 -0.05551181101432253
vn 0.8206909299351036 0.3750605309515536 -0.4310405962836836
vn -0.08285664694295528 0.05528846875459687 -0.9950266133526994
vn -0.42847288023262303 -0.09512862114424842 -0.8985329912386937
vn -0.7131313187246487 -0.2331473851742299 -0.6611248135113845
vn -0.9220739712809086 -0.3830154459425161 0.05548657185040139
vn -0.26489257039411235 -0.21185814080119525 0.9407167768921001
vn 0.7254980017084363 0.20189146219459125 0.6579456565781067
vn 0.8240524185677733 0.3667167722104168 -0.43180599860606017
vn -0.8241796202071018 -0.36638522096910653 0.4318446751908564
vn -0.5885802083786242 -0.313195847328922 0.7453064467189949
vn 0.44066003676738247 0.06472210001450583 0.8953378031591659
vn -0.09383176139419132 0.08227173001007082 -0.9921829281915778
vn -0.7266569029805223 -0.19880798493453497 -0.6576056040492853
vn 0.5885151809972997 0.313375940534564 -0.7452820953369222
vn -0.9302772863938524 -0.36234036922464624 0.0573901319900637
vn 0.8958728031269915 0.30643412400501663 0.3217297752193053
vn 0.2645709275344215 0.21273085786931065 -0.9406103371820678
vn -0.44176994294973726 -0.06182797542131069 -0.8949953178433325
vn -0.8967655546313384 -0.30406873747652835 -0.3214867694263294
vn 0.0930456929162831 -0.08029163805765956 0.9924191412340586
vn 0.929811015238868 0.36355296584029007 -0.05727754332366227
vn -0.27167473711155826 -0.19559305872977403 0.9423036626226692
vn 0.42794430149849366 0.09626466591713946 0.8986638909574747
vn 0.4961247104310572 0.47312455457456604 -0.7280202109545572
vn -0.8208226850219423 -0.3746566357600263 0.4311409572684417
vn 0.884722635347246 0.3347611777928253 0.32434674708864275
vn 0.9218758957146439 0.3834817022211069 -0.05555733040675548
vn -0.8305394310926307 0.25182670980392274 -0.49677717502886554
vn 0.820602908172203 0.3752007969550982 -0.43108610400195246
vn -0.08416182457734986 0.05869633017247154 -0.9947218345387296
vn -0.8865874312360977 -0.3301702030490554 -0.3239604355360748
vn -0.5903722281767734 -0.30888790903784197 0.7456868591089841
vn 0.08243544973530116 -0.05452147735358304 0.9951039167514724
vn 0.712651171438712 0.23436875330405585 0.6612107041796391
vn 0.15476400832461829 0.34937753507585373 -0.9241122441087004
vn -0.29071325542442983 0.23384021268523036 -0.9277955367708214
vn -0.9228058080922961 -0.3812080828495037 0.05576592258118051
vn -0.596754409577867 -0.2946613440966509 0.746363763150735
vn 0.8922562898225481 0.44848416314789247 -0.052351396138359804
vn 0.8079204130857481 0.40328368006296356 -0.4296823006760079
vn 0.00867529758470137 0.06753609213680534 -0.9976791144805559
vn 0.0893045010627712 0.056318110494028774 -0.9944108690678677
vn -0.9529901188340303 0.11800423235095403 -0.2790785454884748
vn -0.9076077848285005 -0.4120640217777486 -0.08032030176144662
vn -0.8078050209937935 -0.403457100643676 0.42973644946340733
vn -0.2957487160535381 -0.141706556028442 0.9446967497198461
vn 0.04456588242096605 0.029752915608907374 0.9985632910020324
vn 0.5176410239211826 0.3987897781082571 -0.7569772012618323
vn -0.04394248189402211 -0.08277815807043139 -0.9955987318349999
vn 0.3815907827636248 0.19846828545530507 0.9027728474972405
vn 0.6647508528836731 0.3391099313110354 0.6656656503655974
vn 0.842790232816977 0.4262920644468801 0.32860264645605436
vn -0.6087286428865992 -0.27415405009772265 0.744505873814609
vn -0.341094984778075 -0.06416402808204082 0.9378364403559568
vn -0.02658673506878364 0.15181122365458552 0.9880518700406774
vn 0.2952754929862179 0.3472488082582856 0.8900733949540042
vn 0.5763903937042619 0.4920524623892649 0.6524250825206728
vn 0.7657579218048826 0.5597348577507594 0.31672021440350834
vn 0.8376619115821515 0.5427775329740748 -0.06095138704831191
vn 0.7843650168616068 0.4437592716239391 -0.4334157694079468
vn 0.6159178391001855 0.20989098888889485 -0.7593358863252809
vn 0.3412651249190254 -0.004950414276732667 -0.9399540456386635
vn 0.03214164496302625 -0.1616684961533189 -0.9863215560914174
vn -0.11268009615600161 -0.5678975203467383 -0.8153499876214511
vn -0.2567442325984198 -0.8419647665325222 -0.47452895690914787
vn -0.6414335307707352 -0.7193397634995241 -0.26667082752231647
vn -0.8357256117040521 -0.5456815189650213 0.06159855356999022
vn -0.7838577826529892 -0.44453395271418666 0.4335395500512503
vn 0.2185494948389426 0.45271997370369027 0.8644540148066714
vn 0.49750828484709525 0.6003178462754754 0.6261820741219571
vn -0.3810383249507973 -0.009148917449075556 0.9245139762211281
vn 0.6969152630303063 0.6541547924291614 0.2939228192865601
vn 0.6194521575859849 0.2594177315442307 -0.7409328343530968
vn 0.38188965554727916 0.008002848132865175 -0.9241732767223594
vn 0.09157256096129573 -0.24111441822877283 -0.9661668093042681
vn -0.21536761470393143 -0.4567121971543191 -0.8631516434017914
vn -0.08949940399886379 0.23843183540706694 0.9670264301187769
vn 0.7635361026372391 0.47238634997193435 -0.44029962108742304
vn -0.6943527137462678 -0.6572995073284411 -0.29297041929004025
vn -0.7877924884944412 -0.611052454829898 0.07744606199214393
vn -0.763216931973393 -0.47281053867630846 0.44039767173060795
vn -0.6192752426162617 -0.25962289227933355 0.7410088580355054
vn 0.7890710455504494 0.6094580879983101 -0.07699171414746457
vn -0.494085538894949 -0.6045314163336588 -0.624836976275019
vn -0.620519316546921 -0.2580701597681146 0.7405103445796027
vn -0.0973038969511815 0.24817696622516486 0.9638154102697192
vn 0.4874228950367265 0.6126979767564145 0.6221094041023754
vn 0.7831128779987248 0.6167999954791871 -0.079322039115426
vn 0.38573324437917045 0.0032825207529175427 -0.9226045139918977
vn -0.20914834497434895 -0.46434819274556904 -0.8606031174057032
vn -0.48778148157829954 -0.6122626041177535 -0.6222569644674346
vn -0.3858080895628625 -0.0031539606050196116 0.922573666739061
vn 0.2087997235439561 0.4647664817352053 0.8604619648209016
vn 0.6882301959018685 0.6648026857590701 0.2904764817612653
vn 0.7610813031399196 0.47544495098364004 -0.4412565564328827
vn 0.6204938517562427 0.2581036361137775 -0.7405200152308841
vn 0.09709829576355611 -0.24788917922735793 -0.9639102010985254
vn -0.6885088971874505 -0.6644636784100268 -0.2905916698178689
vn -0.7832622049425564 -0.6166125214460567 0.07930521234106318
vn -0.7611153962440114 -0.475386351654592 0.441260886846838
vn 0.7307407313274981 0.6101442611379022 0.3061730951266561
vn -0.8135879782294697 -0.5774293469322296 0.06819054906585517
vn -0.7740639521992934 -0.4585639397292604 0.4365135863699885
vn -0.6140138597069397 -0.26655805134011523 0.7429224625447444
vn -0.36125455755721125 -0.035257067048555926 0.931800452815557
vn 0.2559996338665287 0.4037028041064623 0.8783440290778907
vn 0.5360598609183534 0.5501022670987135 0.6403337576959779
vn 0.8131508035935703 0.578027092187528 -0.06834070026244873
vn 0.7739548571567729 0.45872404406027467 -0.43653880753539737
vn 0.05795461334271687 -0.196889059588478 -0.9787113777854334
vn -0.25703650079534357 -0.4022830152365653 -0.8786925588117057
vn -0.537147350959693 -0.5486145772973614 -0.6406986568846714
vn 0.6139604990144715 0.26665376332075336 -0.7429322150484395
vn 0.3609436561694017 0.035657638358153006 -0.931905687233308
vn -0.731579700747703 -0.6089805518277203 -0.3064862622524976
vn -0.058676971651122796 0.19785596478253298 0.9784733160377068
vn -0.6042289916144162 -0.28132202460483197 0.7454966426248102
vn -0.00017391383128951177 0.10979405348417064 0.9939543428012649
vn 0.32730306067882764 0.29639824685661037 0.8972295056063414
vn 0.8582065096204738 0.5101907700581121 -0.056453210648767044
vn 0.6042006503800597 0.281384085886951 -0.7454961906608764
vn -0.32416135926780115 -0.09114450694580602 0.9416008135145474
vn 0.6092949948685481 0.43990867228101926 0.6597271930730814
vn 0.7946048238250514 0.5140269208533792 0.32307816173791915
vn 0.793258529944312 0.42964557691465105 -0.43144592118626585
vn 0.3239716260531716 0.0914632719195691 -0.9416352029327658
vn -0.0002610244179433668 -0.1090622869291278 -0.9940348834100551
vn -0.3279543744620539 -0.29531437406103683 -0.8973490673891298
vn -0.6099894096257665 -0.4387520012335631 -0.6598557429908087
vn -0.7951223181384233 -0.5131674177399372 -0.3231713176757876
vn -0.858475909898459 -0.5097450208099794 0.0563837377569657
vn -0.7933381088830077 -0.4295166233526276 0.4314279954496347
vn -0.5949771127327456 -0.29848471888240985 0.7462634306448995
vn 0.055070597755629606 0.007117645650614132 0.9984570939120169
vn 0.3946750830756442 0.17119220576133498 0.9027318580208644
vn 0.9007300052542815 0.4311377508004869 -0.05296883488731201
vn 0.8114915504350758 0.3957373588701325 -0.42996907605892876
vn 0.5949746671220811 0.2985135344726531 -0.746253854408547
vn -0.6787057666534696 -0.3108165051169696 -0.6653958088673227
vn -0.9008252852188376 -0.43094070190784434 0.05295202498086385
vn 0.2890681001176289 0.15639109988719466 -0.9444476996480312
vn -0.2891278651308919 -0.15623832647249908 0.9444546907850718
vn 0.6784883687064622 0.31131800157996664 0.6653830741928292
vn 0.8548892252634772 0.401976346492834 0.3279930325306994
vn -0.05523831321220471 -0.00681970485590885 -0.9984499087982074
vn -0.39488907759363534 -0.17073492553031458 -0.9027248759181313
vn -0.855058295213812 -0.40160295894398174 -0.32800971807781515
vn -0.8115143345397494 -0.39570256266969206 0.4299580988109724
vn -0.5881704965899996 -0.3144770942123116 0.7450903463049658
vn -0.2632912501252864 -0.21685511540808833 0.9400274339235046
vn 0.09579046820654591 -0.08837877255456568 0.9914703115890658
vn 0.4442954783065245 0.05476766856363457 0.8942046915759727
vn 0.7294109759959801 0.1917067518906417 0.6566644115346374
vn 0.8992804486674092 0.2977182878111553 0.3204036450281695
vn 0.9320720670628476 0.35754905502956924 -0.05831239189617046
vn 0.8249351813780689 0.3641997314281649 -0.43225050856232117
vn 0.5881704965899996 0.3144770942123116 -0.7450903463049658
vn 0.2632934459256968 0.21682574308353755 -0.9400335943299283
vn -0.09576624862086013 0.08834667478210366 -0.9914755118912584
vn -0.4442699763904902 -0.05482979449938195 -0.8942135548699476
vn -0.7293879913056801 -0.19177005236230804 -0.6566714590691625
vn -0.8992576519600761 -0.29776961789738493 -0.3204199276706991
vn -0.9320570546299958 -0.35758653540102825 0.058322522359257285
vn -0.8249351813780689 -0.3641997314281649 0.43225050856232117
vn -0.5835119194582333 -0.3283767000731412 0.7427533794599944
vn -0.24566793860812794 -0.26952785403438934 0.931129421637857
vn 0.12352683520660887 -0.171334346524863 0.977438316562604
vn 0.7640800756088315 0.08788002628136632 0.6391077679377623
vn 0.9534180497617875 0.293629714068092 -0.06910581310367732
vn 0.8340911029933081 0.3367915330866805 -0.436879268389483
vn -0.7640369238542313 -0.08802611513910817 -0.6391392508998958
vn -0.8340911029933081 -0.3367915330866805 0.436879268389483
vn 0.4780514106197443 -0.04631700189195281 0.8771097902430537
vn 0.929500307456571 0.2071797300838891 0.30513232847488814
vn 0.5835119194582333 0.3283767000731412 -0.7427533794599944
vn 0.24569909524698652 0.26946835738895636 -0.9311384209455165
vn -0.12349502837353042 0.1712456415524505 -0.977457880533126
vn -0.4780162684763448 0.0461988989095395 -0.8771351713456127
vn -0.9294659796144276 -0.20729836725081313 -0.3051563200632414
vn -0.9534030188462063 -0.2936838000375521 0.0690833500233111
vn -0.5805461924465768 -0.3397136180732026 0.7399734969114747
vn -0.23438614816047534 -0.3123715215013153 0.9205906615350001
vn 0.14121661698680155 -0.23880195913244814 0.9607452791459907
vn 0.4994552477209941 -0.12853814679789283 0.8567510725652602
vn 0.7859457272682234 0.0033931370832153305 0.618286180024718
vn 0.9485621366521604 0.13345710742844075 0.2870872226113896
vn 0.9669348830557399 0.24156570044189396 -0.08174927706102107
vn 0.8399343080628315 0.31444974803676234 -0.442302740324576
vn 0.5805461924465768 0.3397136180732026 -0.7399734969114747
vn 0.23438919766631106 0.3123426054081799 -0.9205996963198353
vn -0.1412126207285652 0.2387729112341437 -0.9607530861817422
vn -0.4994442045179803 0.1284805879784612 -0.856766143755757
vn -0.7859322367915754 -0.003449646372585527 -0.618303015609414
vn -0.9485483089775323 -0.13351269423828166 -0.2871070636767743
vn -0.9669348830557399 -0.24156570044189396 0.08174927706102107
vn -0.8399343080628315 -0.31444974803676234 0.442302740324576
vn -0.5784189715453912 -0.3509152285493021 0.736403419145079
vn -0.226371042368087 -0.3548460682921071 0.9071055170126675
vn 0.15391499625220326 -0.30569981898031595 0.9396051269571097
vn 0.515067454060179 -0.2099711334743941 0.83103407925033
vn 0.8020988174367136 -0.08020570969000648 0.5917808134772098
vn 0.9626560882562792 0.06058727064461487 0.2638606419664649
vn 0.9768420022483896 0.1900775933343653 -0.09823548826963083
vn 0.8441559452192726 0.2923181128169948 -0.44938943141785953
vn 0.5784155419355956 0.35094356243379987 -0.7363926105235066
vn 0.22636428604809325 0.3549031003362852 -0.9070848909411012
vn -0.15392981188874774 0.3058142354135156 -0.9395654668144957
vn -0.5150970131198889 0.2101709826558681 -0.8309652370132193
vn -0.8021312558650223 0.08040436576090108 -0.5917098835839987
vn -0.9626795148782319 -0.0604462867813207 -0.2638075018799928
vn -0.9768550802759687 -0.1899932653435843 0.09826856701465206
vn -0.8441559452192726 -0.2923181128169948 0.44938943141785953
vn 0.21969796994154775 0.4149030017508585 -0.8829429772877123
vn -0.8151650994941646 0.19868684567593778 -0.5440858369062872
vn -0.847605796853909 -0.2611025918370776 0.461941392035408
vn -0.21969285832169463 -0.41456774677891384 0.8831017106387568
vn 0.1643901580476904 -0.39958348928826626 0.9018364103457286
vn 0.5277757970780393 -0.3242248401610309 0.7850674882079847
vn 0.973979954431664 -0.04184313861237006 0.22273796289891787
vn 0.9848686377002672 0.11759148583485267 -0.1273028237454747
vn -0.9848899520068796 -0.11715832965905446 0.12753708569426733
vn 0.5766754483972675 0.3667464540356949 -0.730029085494581
vn -0.16442222318341876 0.40033843389584606 -0.90149568544128
vn -0.5278227351881534 0.32537201709250335 -0.7845611580441977
vn -0.9740349056183911 0.04273271422052523 -0.22232840073260715
vn -0.5766584804938184 -0.3666938190296342 0.7300689282252891
vn 0.8150757386687582 -0.19752828951626059 0.5446412719160736
vn 0.8476092725505703 0.2612091505645536 -0.4618747673857464
vn 0.5770036971599868 0.3880270967263285 -0.7186805310218464
vn 0.22097372886759473 0.49548564092800157 -0.8400384460157275
vn -0.1624522807972112 0.5273820160843886 -0.8339529156820245
vn -0.5255775616958411 0.4802350778746969 -0.702241053072617
vn -0.8130038694199799 0.3577062179927195 -0.4594246074357413
vn -0.9721703571859532 0.1812893358195651 -0.14838791503029167
vn -0.9835129551495373 -0.019390955552871254 0.17979504413573516
vn -0.8469710036760881 -0.21918941077663748 0.4843512373632492
vn -0.5769959355489337 -0.3879192899394935 0.7187449581408206
vn -0.22093093336767872 -0.49497538930795465 0.8403504546680062
vn 0.16255673851503769 -0.5261493258201613 0.8347108443660856
vn 0.5257750145762408 -0.4783474345448284 0.7033806692764132
vn 0.8131660337991682 -0.35575515019449355 0.4606509248719938
vn 0.9723058700312698 -0.17981126182542417 0.1492956972704986
vn 0.9835838633891658 0.02014127270114968 -0.17932404416145878
vn 0.8469898209425889 0.2193768589984288 -0.48423345294973663
vn -0.492206396858139 0.6490164734641497 -0.5800952336160735
vn -0.7787594988146899 0.5310483639505518 -0.3339480171393975
vn -0.942333404729863 0.33240916498815753 -0.03888317582322439
vn -0.9624166846691292 0.0873357519343036 0.25715091192634687
vn -0.5815977147647489 -0.4111976638603929 0.701897841153666
vn 0.49241745363544526 -0.6482640827487831 0.580757032133975
vn 0.7790366518079693 -0.5302165495080634 0.3346226318819338
vn 0.9425422254256466 -0.3317577247409103 0.039382297601889917
vn 0.9625142701389808 -0.08698789791715106 -0.2569034553967322
vn 0.5816172661886924 0.41122149282811904 -0.7018676794862442
vn 0.23844836924322405 0.583457460831813 -0.7763502860210334
vn -0.13497215975810847 0.6659409882391641 -0.7336927942083643
vn -0.23843397603236924 -0.5832271417954431 0.7765277458961227
vn 0.1350987349380649 -0.665411715723501 0.7341495626887216
vn -0.8379049503969436 -0.1733777725079082 0.5175475264171314
vn 0.8379198841940978 0.17345815430043052 -0.5174964119477912
vn 0.2734562215994637 0.6590450541159882 -0.700629225420835
vn 0.4247129260370875 -0.7943015061422963 0.4344007916626017
vn 0.7094060588743504 -0.6802710793883471 0.1843211929762147
vn -0.42494615985064427 0.7939422824316754 -0.43482917725857867
vn 0.5908548381791967 0.43119498520369304 -0.6818808143183253
vn -0.0798279137019495 0.7848965928958392 -0.6144630523103055
vn -0.7096710908289763 0.6798614421734815 -0.18481169413055276
vn -0.8820646058182832 0.46223130034037574 0.09112769144602513
vn -0.9198661475329701 0.1790479631568536 0.34898151457095
vn -0.8196643684314554 -0.13399794924323358 0.5569514096601887
vn -0.5908736595637444 -0.4312183038125569 0.681849758297801
vn -0.2735322973016232 -0.6591419303707412 0.7005083853602534
vn 0.07966491271846414 -0.7851389435177601 0.6141745200294253
vn 0.8818760780939296 -0.46252040027046076 -0.09148476495746113
vn 0.9197748430946179 -0.17919150232685316 -0.3491484548213212
vn 0.8196293687898695 0.133980879880307 -0.5570070211798224
vn -0.6162999383796968 0.786860513508675 -0.032014344192032085
vn -0.8006505616719221 0.5555360668207365 0.22436211033902806
vn -0.7950000784727812 -0.10572124771667504 0.5973256172386223
vn -0.6033898315444461 -0.44557222816830205 0.6613517223640529
vn -0.32099007926727363 -0.713489277986561 0.6228149156934225
vn 0.004833791109301207 -0.8707451000716093 0.49171089591831785
vn 0.3334474885192132 -0.8986283067106572 0.2850963675295886
vn 0.8621298490055977 -0.24516217268715304 -0.44342714456480875
vn 0.6033536334773194 0.44552665337792835 -0.6614154474304179
vn -0.005263402116173139 0.8703937397507514 -0.4923281775410227
vn 0.3208090586413939 0.7133585623725864 -0.623057870011558
vn -0.3340674279647281 0.8981075790105196 -0.28601001747647575
vn -0.8623740913632163 0.24497130100513578 0.4430575450540458
vn 0.615637962679543 -0.7874177279310223 0.031035796231583753
vn 0.8001651806848162 -0.55594475032478 -0.22508024836922755
vn 0.7949224780691039 0.10565701825369868 -0.5974402466809653
vn -0.23227096886395757 0.9614856341005852 -0.1469543209340715
vn -0.767366010417517 -0.08850290840287568 0.6350721543731351
vn -0.07884377518688286 -0.9226700371347809 0.3774435874246406
vn -0.7094584894294733 0.6123310681348522 0.34888295282699167
vn -0.7979769975558797 0.28508177199946655 0.5310000891199056
vn -0.3740702589417705 -0.7465073633310954 0.5502710221951475
vn 0.23141546858408682 -0.9618575138466533 0.1458663907716322
vn 0.7976504934113466 -0.2852253238625565 -0.5314134030941774
vn 0.6173647849895088 0.4542666909337896 -0.6422635718791175
vn 0.3738265877645946 0.7464000412272949 -0.550582110802896
vn -0.5117391785109876 0.851963550753923 0.11082022091507968
vn -0.6174054279261562 -0.45428466899310044 0.6422117852275439
vn 0.7087771668474848 -0.6126204488273759 -0.3497586502635743
vn 0.7672845519758237 0.08846690382845396 -0.6351755845640376
vn 0.07827468970118734 0.9224211894696196 -0.3781695680110117
vn 0.5108410144054315 -0.8523536895803724 -0.1119582326582367
vn 0.6314863231397442 0.458367362213103 -0.6253993803524664
vn 0.4273295612798629 0.7619231767219488 -0.48668523588690676
vn -0.12955793197562357 0.9912746102187558 -0.02427734330304042
vn -0.40622894612902305 0.8825599159619613 0.23678268108989584
vn -0.4275399063569982 -0.7619565124797925 0.48644825167933436
vn -0.16301468342024678 -0.9469644634303013 0.2769196959220459
vn 0.128864180564083 -0.9913848465930418 0.02345440072221166
vn 0.6168476131683539 -0.6391481746296471 -0.459334989954058
vn 0.7327146303448003 -0.30401819522656925 -0.6088531903914622
vn 0.7394252650580768 0.08039199051899586 -0.6684215774899749
vn 0.16253887502177453 0.9468810879071629 -0.27748390848912985
vn -0.6174444676150415 0.6390477452902971 0.458672332554478
vn -0.7330170220673857 0.3039531774818855 0.6085215783011538
vn -0.7395090291835736 -0.0803995915869014 0.6683279894098615
vn -0.6315260047716934 -0.4583846552551693 0.6253466343746504
vn 0.40545024002050917 -0.8826936900660642 -0.23761723924173989
vn -0.2447395827877833 -0.9508691867970156 0.18960571251110572
vn 0.029347913869563452 -0.9961286045700062 -0.08286436573652713
vn 0.6696979700776459 -0.30704809243388337 -0.6761849582818252
vn 0.7123759731589651 0.07907409624573775 -0.697329018590749
vn -0.02962932659622772 0.9961475098706776 0.08253630464166879
vn -0.3035674534748035 0.8875793442442789 0.3464819026467601
vn -0.5279423601038735 0.6434134530994982 0.5543428476841129
vn -0.6452429102283023 -0.45903978904367976 0.6106914596380442
vn 0.4793853347642888 0.76447020001428 -0.43101625735354543
vn 0.24454268514868951 0.9508812504865056 -0.18979916389038268
vn 0.5276999549992377 -0.6434057387561996 -0.5545825572711351
vn 0.64522044545615 0.45904466817106904 -0.6107115271460664
vn -0.669829028662703 0.30705155245414767 0.6760535603754172
vn -0.712418600236048 -0.07906364768833303 0.6972866538604658
vn -0.47946972308061003 -0.7644660321128738 0.4309297743189739
vn 0.30326471957272333 -0.8875628636003059 -0.3467890901111258
vn 0.531104813457376 0.7568006131145174 -0.3810256016488872
vn -0.2016130426215842 0.8724782654481593 0.44512229484203386
vn -0.4390171602140981 0.6302613078100691 0.6403394544420095
vn 0.3260146953638108 0.9388232568206142 -0.11101941658816589
vn 0.06967504309007065 0.9814547818492217 0.17858303266462183
vn -0.607066392183266 0.29773840011310043 0.7367647118176088
vn -0.6854835724950241 -0.08307433820011358 0.7233332054952765
vn -0.6588634486689006 -0.45702667077065207 0.5975161740174211
vn -0.5311489368537099 -0.7567902258482 0.3809847253366
vn -0.32610294821833985 -0.9388022626575099 0.11093772483896783
vn -0.06978550062446552 -0.9814283839771835 -0.1786849490766546
vn 0.20148025206644068 -0.8724466615709057 -0.445244349476807
vn 0.43892852450010894 -0.6302404330057554 -0.6404207577716975
vn 0.60699991886558 -0.2977229083382756 -0.7368257381143644
vn 0.6854835724950241 0.08307433820011358 -0.7233332054952765
vn 0.6588634486689006 0.45702667077065207 -0.5975161740174211
vn 0.6725363394722247 0.45256116484637937 -0.5855623486548539
vn 0.4076363012357386 0.9122851031535952 -0.03960475323594845
vn 0.16908431482291328 0.9491381029286309 0.26560752257777975
vn -0.6585060684398868 -0.09184148774498799 0.7469503992613099
vn -0.6725580459641196 -0.45255576146052834 0.5855415933798439
vn -0.16940051302282114 -0.9490079719373405 -0.26587089984987244
vn 0.09918344800586257 -0.8391503664216585 -0.5347796800328755
vn 0.3497599349334784 -0.6011875237760439 -0.7184995122972302
vn 0.5829325324570555 0.7399511185050534 -0.33565161228023993
vn -0.0995226626957731 0.8392891761203558 0.5344987544018769
vn -0.3499912758611065 0.6013141060338553 0.7182809009752523
vn -0.5441609683870927 0.27729859757081005 0.791829734393249
vn -0.5830157259984562 -0.7399239599140712 0.3355669780886861
vn -0.4078355881777896 -0.9122035264423322 0.03943170503350856
vn 0.5440495756408076 -0.27724599656850646 -0.7919246912628706
vn 0.6584832014601886 0.09184651735944137 -0.746969939585043
vn 0.6857518139540448 0.4460575343611176 -0.5751322680031243
vn 0.48639105164912455 0.8734501689399714 0.022550992315067398
vn 0.26507443955568216 0.9017923687900534 0.3413298479275806
vn -0.0008866001671770874 0.7906728056891705 0.6122382937090416
vn -0.26399766886015563 0.558920817189472 0.7860742655428024
vn -0.6324562889034152 -0.1046742282386951 0.7674909436398278
vn -0.4865220398277586 -0.8733740812884725 -0.022671984812838084
vn -0.2652758625675476 -0.9016741006787614 -0.3414857726233851
vn -0.4834606987282364 0.24738009617400442 0.8396837742877649
vn -0.6857518139540448 -0.4460575343611176 0.5751322680031243
vn -0.6330006918160221 -0.7152715258707729 0.2961364017457727
vn 0.0006805837452838834 -0.7905560674004793 -0.6123892888531398
vn 0.2638189964232093 -0.5588467897311719 -0.7861868751978844
vn 0.6324327756470242 0.10467913305958032 -0.7675096503558086
vn 0.6329296316537589 0.7153138241944342 -0.2961861142777818
vn 0.4833583247742265 -0.24734684791073971 -0.8397525032413269
vn 0.6985181850189611 0.4376547046498544 -0.5661543117345877
vn 0.5626168156633989 0.8232042928309312 0.07613810476695301
vn -0.18081655305499894 0.5041055004168302 0.8445016391877554
vn -0.607291477551049 -0.12125438852917855 0.7851715956122451
vn -0.6811496956057076 -0.6835460345450082 0.2622973710010195
vn 0.4249342114287539 -0.208871701919603 -0.8807970981415818
vn 0.6073386910928742 0.1212157425117491 -0.7851410434239952
vn 0.6812963051224891 0.6834338037062998 -0.2622090398479483
vn 0.3579842820669526 0.8405461500676352 0.4066072102158114
vn 0.094509968837402 0.7277913505047604 0.6792551920455304
vn -0.42472137346240496 0.20871250778228123 0.8809374801990432
vn -0.6984911008195828 -0.4376872028490301 0.5661626043267424
vn -0.5622391321754782 -0.8234853555446583 -0.07588825636455704
vn -0.35744194418713154 -0.8409501753137091 -0.4062487651372807
vn -0.09394567714779024 -0.7282090339860304 -0.6788857139212574
vn 0.18124154784724408 -0.504439430295011 -0.8442110888264733
vn 0.7130417440657689 0.425330736335752 -0.5573735156497243
vn 0.20300680177794256 0.6356552397641884 0.7448024265482915
vn -0.35792938553575676 0.15199096868810857 0.9212954468612369
vn -0.6482197651997859 -0.7506248820241137 -0.1279586749330427
vn -0.46200609898527134 -0.7523653310236109 -0.4695708393566875
vn -0.20132866618527792 -0.6372614133273748 -0.7438848427384807
vn 0.5787954489501819 0.14538601906605222 -0.802408084290458
vn 0.7363088435096297 0.6367377446570931 -0.22894176442604364
vn 0.6493115805587073 0.7495848313513773 0.1285186833121188
vn 0.46362401384086294 0.750832951984096 0.4704281581760766
vn -0.08619603275535165 0.42377600487014866 0.901656332331523
vn -0.5786495482836178 -0.14555929533246478 0.8024818950066609
vn -0.7129476799953484 -0.42540866199329347 0.5574343691326595
vn -0.7358635952610617 -0.6371727821773445 0.22916285654932605
vn 0.08744520338886484 -0.42501667033488105 -0.9009518113316224
vn 0.35854872637293556 -0.15264446428185094 -0.9209465122038589
vn 0.7290666238143763 0.4075845537588309 -0.5498515159360038
vn 0.5803159293842843 0.6221735388278815 0.5254840717712048
vn -0.2843044124185266 0.0705092362113877 0.9561377770427455
vn -0.5470404584086164 -0.18056016929161428 0.8174012246929131
vn 0.28454838122349685 -0.07071555575145093 -0.9560499615176243
vn 0.32275996446242494 0.5034700070508709 0.8014636344466354
vn -0.579882369088245 -0.6227776020965167 -0.5252470812365521
vn -0.32224481472762057 -0.504083063899898 -0.8012855571333185
vn 0.5471165695359324 0.18048912602618578 -0.8173659735550148
vn -0.7290408877099529 -0.4076179067153863 0.5498609152977237
vn -0.7969625958375909 -0.5697861512398541 0.2004853178940609
vn -0.01767733744604124 -0.308876032417229 -0.9509380149825801
vn 0.7971079603659723 0.5696248769586096 -0.2003656634034089
vn 0.7450787217595515 0.6439944892205682 0.1735764852584949
vn 0.018118179023805768 0.3084429533089804 0.9510702792869176
vn -0.7448012891252996 -0.6443677674669578 -0.1733817175106434
vn 0.741848418358455 0.38943387118349704 -0.5458957630849445
vn 0.8454520325554571 0.500828160094068 -0.18542387846401237
vn 0.6728274102549845 0.4903873678126567 0.553916514918399
vn -0.22556974777044528 -0.012895898412410881 0.9741416656189769
vn -0.521790391099672 -0.2163886987575167 0.825173144743623
vn -0.845783468465494 -0.5002895545957147 0.18536635625943595
vn 0.2250862609318556 0.013666790648757404 -0.9742429850776856
vn 0.8210626595196083 0.5357535812189049 0.1970385986392159
vn 0.41783714573715564 0.368181737358388 0.8305746973740448
vn -0.7419234496263554 -0.3893326616836342 0.5458659848725378
vn -0.8218815694088889 -0.5344443384770396 -0.19717995571513156
vn -0.4190952041414968 -0.3661083620778114 -0.8308573145145317
vn 0.10114057047790483 0.19045468800570015 0.9764720153798856
vn -0.6740335871126942 -0.488449997446947 -0.5541618206246903
vn -0.10208261614868057 -0.18889768081682898 -0.9766764078558798
vn 0.521682255923497 0.21657947223897386 -0.8251914663029777
vn 0.7501395863031936 0.37476956652054544 -0.5448287557305287
vn 0.4797079912439049 0.2586359922228385 0.8384435977832054
vn 0.1551179298800386 0.09497366398682529 0.9833201060583726
vn -0.7501935496222925 -0.3746740535830524 0.544820146173716
vn -0.8710380418992554 -0.4471224122314782 -0.20340668141586465
vn -0.7338647781940343 -0.3820847283539644 -0.5616526931163938
vn -0.48058453742465707 -0.25692034722812707 -0.8384691035264847
vn 0.18707941678293885 0.08096305889270643 -0.9790026940263707
vn 0.8768377542186644 0.4452625827186617 -0.18137470939322242
vn 0.8704844779054622 0.4482205066233602 0.20335965963767985
vn 0.7330359611970797 0.3837478127687453 0.5616011892678625
vn -0.18743585793460316 -0.08031641362668315 0.9789877797309151
vn -0.5054451533497956 -0.24529952319708026 0.8272565145554832
vn -0.8770746164544498 -0.4448012483501351 0.18136142543948316
vn -0.15581817079161855 -0.09367370522064344 -0.9833340910399629
vn 0.5053604627030611 0.24545592984900216 -0.8272618625553275
vn 0.7562937264037933 0.3615912208301719 -0.5452261809752081
vn 0.9001373281153225 0.39535402228972577 -0.1828879099140871
vn 0.7778317752749184 0.28776895864199903 0.5587188522099179
vn 0.19522414207738117 0.009047752055187699 0.9807169176336761
vn -0.7777413674535525 -0.2879824869185215 -0.5587346888995725
vn -0.5256166790181573 -0.160330730751375 -0.8354766085981424
vn 0.1591673886903249 0.14078084409890385 -0.9771624718092193
vn 0.9072282247924095 0.36951859728631964 0.20097998507205586
vn -0.15914994643782363 -0.14090762301587853 0.9771470392550207
vn -0.7562889945891244 -0.36161891758575265 0.5452143753675979
vn -0.9001130826331791 -0.3954166834825449 0.18287177173161706
vn -0.9071600557532337 -0.369665814022293 -0.2010169624410467
vn -0.19517433943472592 -0.009266120635220655 -0.9807247912817296
vn 0.4933398341672206 0.2712235048509593 -0.8264705792950048
vn 0.5257244931676873 0.1600813307376001 0.835456596618195
vn -0.4933121076834477 -0.2712557604701075 0.8264765434207424
vn 0.9186851225849998 0.3470855859881015 -0.18854506501173648
vn 0.9364641143767083 0.2934918450380516 0.19208721816093746
vn 0.813462906054895 0.1951228721294284 0.5479098148826026
vn 0.5623024216048769 0.06492788889451549 0.8243787696811417
vn 0.22710029916244873 -0.07393975105354278 0.9710604344398274
vn -0.13667127522260925 -0.19950461204657738 0.9703189539018449
vn -0.9186653436677032 -0.3471236546298666 0.18857135185469195
vn -0.9364229557981036 -0.2936085146596633 -0.192109572831989
vn -0.8134153834335798 -0.19531235798723715 -0.5479128551248528
vn -0.5622310726069607 -0.06513576302857248 -0.8244110342359035
vn 0.13670138767663614 0.19944431109857733 -0.9703271084421459
vn -0.4836697142346454 -0.2963904836715309 0.8235388811228844
vn -0.22704108436960851 0.07378897590130372 -0.971085749583274
vn 0.7611930523273868 0.3488421573619895 -0.5467122518615706
vn -0.7611886126568386 -0.34887001173953314 0.5467006592920987
vn 0.4836955106391221 0.29638761161488025 -0.8235247638467139
vn 0.7646583478607766 0.3377706584338434 -0.5488247382798953
vn 0.9318221589868982 0.30507629889444354 -0.19656020928423912
vn 0.9571310512220519 0.22735161258899647 0.179475332677649
vn 0.8386245873945016 0.11457653727884569 0.5325232563208777
vn 0.5881552858504292 -0.01777023980242359 0.8085527677916663
vn 0.24968249425315114 -0.14606232880152456 0.957248373291175
vn -0.12068245857305851 -0.25046909359180625 0.9605732545454622
vn -0.4768075586067486 -0.31829449295996187 0.8193553367171249
vn -0.7646625248295348 -0.33774267119477686 0.5488361423736031
vn -0.9318627452909125 -0.30493007799720834 0.19659468830947752
vn -0.9572264028978305 -0.22698842698696542 -0.17942649639689084
vn -0.8387740143122004 -0.1140549330803876 -0.5323998733608273
vn -0.588311180580159 0.018327928258150484 -0.808426893324402
vn -0.24982261895544322 0.1464653175221965 -0.9571502336735679
vn 0.12063666539102623 0.25067431837006915 -0.960525471329644
vn 0.4768048117596955 0.31832328779087 -0.8193457487122345
vn 0.8564424279074567 0.043627046481009735 0.5143958091735628
vn -0.10943298481826824 -0.2953001091790859 0.9491165720566598
vn -0.4719794298813774 -0.3375038270799623 0.8144486383285497
vn -0.7670996838731464 -0.3280360898547256 0.5513169675917303
vn -0.9410850817993024 -0.26822440376864437 0.20594790127057738
vn -0.8563800073475374 -0.04392089447494266 -0.5144747205101069
vn -0.6063889936368091 0.09035078638307627 -0.7900184325673028
vn -0.26560512853088364 0.20933885307019473 -0.9410797842337005
vn 0.10942796290923142 0.2951810155386165 -0.9491541966398963
vn 0.4719824743243756 0.33747520395402125 -0.8144587347722608
vn 0.7671226435502344 0.3280015381668222 -0.5513055783435343
vn 0.9717471259876974 0.1691339586794005 0.16462450351051963
vn 0.6064560880087941 -0.0906418999363948 0.7899335790387634
vn -0.9717021351677138 -0.16933730866418567 -0.16468101409961158
vn 0.9411013365127471 0.2681411991191081 -0.20598196947521377
vn 0.2656558724621464 -0.20957042976539744 0.9410139172160645
vn 0.7690692327718697 0.317779487173907 -0.5545707463752271
vn 0.9834595140273127 0.10821531317057835 0.14524747937418883
vn 0.8707217749137987 -0.03059724975689048 0.49082318506594474
vn 0.6210990917551583 -0.16686361500226912 0.7657626604955952
vn 0.2783924041348742 -0.27606111321452403 0.9199390909678546
vn -0.10044541928164491 -0.34227747645479273 0.9342145614670504
vn -0.7690692327718697 -0.317779487173907 0.5545707463752271
vn -0.9485296692264806 -0.2294245880604155 0.21830214151586236
vn -0.6211124291014657 0.16694915812815891 -0.7657331970183712
vn 0.46813088497180455 0.3576700705345522 -0.8080381149298118
vn -0.9834705316195457 -0.10816677450975756 -0.14520902977474712
vn -0.27837516663404627 0.2761244072197665 -0.9199253112829322
vn 0.94852542815316 0.22945268794796517 -0.21829103540988126
vn -0.46813423925343506 -0.35764166265994657 0.8080487455397952
vn -0.8707361072221672 0.030682187582740175 -0.49079245607967953
vn 0.10044197436639321 0.34230605527964053 -0.9342044606531658
vn -0.7703156257475884 -0.30848581999863506 0.558077356276772
vn -0.9532545075497625 -0.19402805978966708 0.23164402830704997
vn -0.9908861643041297 -0.05231359352111906 -0.12412855160500534
vn 0.09468264138993142 0.38526891328859175 -0.9179341271969645
vn 0.4656552934451709 0.37605459290658955 -0.8010918117421693
vn 0.9532187154263635 0.19431672690843196 -0.23154932564036435
vn 0.9908179388193248 0.0529581827939287 0.12439952969762232
vn 0.8796720304519287 -0.09785639155586259 0.4654043891845532
vn 0.2864624170647494 -0.3363025884013883 0.8971286711748476
vn -0.879774949495952 0.09884081659994602 -0.4650016464629463
vn -0.6304190193664646 0.23696209319269512 -0.739202831711812
vn -0.28654112529030745 0.337091139510886 -0.8968075307336667
vn 0.7703087226939017 0.30854242652057573 -0.5580555911183801
vn 0.6303134275616782 -0.23594938245694744 0.7396167061077206
vn -0.09470894226157403 -0.38487383293344923 0.9180971348276877
vn -0.4656698376192865 -0.3759418410235566 0.8011362771086118
vn -0.87460150325773 0.05867382615925041 -0.4812791213247807
vn 0.9520127542910096 0.2080845461240602 -0.2244382706482777
vn 0.7700450816821034 0.31288555818506125 -0.5559974816997154
vn 0.9897096513080791 0.059775725611233274 0.13000641805422888
vn 0.6346413772541105 -0.27683723699533164 0.7215202467635933
vn -0.9510690158903669 -0.21422735469126458 0.22265302044956023
vn -0.9867890552493073 -0.08475496720689082 -0.13807228532163393
vn 0.09653158263906998 0.36007384890492605 -0.927916201436309
vn 0.46637478555228257 0.3655394215946029 -0.8055280818577001
vn 0.8816698569655622 -0.13104376231883766 0.45330541103724864
vn 0.2894449154974384 -0.3378387391179624 0.8955928914656848
vn -0.09446202527094806 -0.36986904079964567 0.924269343016234
vn -0.7698773108838238 -0.3137806168074819 0.5557253374664576
vn -0.6256247238494398 0.19534859393234658 -0.7552699065612024
vn -0.2831607838071603 0.3008669072148753 -0.9106585939069979
vn -0.46598947971787136 -0.367364732405615 0.8049204669883966
vn 0.7470849986266415 0.3802955325084412 -0.5451965817768416
vn -0.5116039905686939 -0.23436437033166435 0.8266406103944025
vn -0.7474568957518433 -0.3795802121027289 0.5451853369021085
vn -0.8557577508536554 -0.4764359616415056 -0.20171129444983182
vn 0.8648133285262897 0.46763871032639326 -0.18278934161363872
vn 0.8540286491689715 0.47901808804306556 0.2029205207123902
vn 0.5218252244240862 0.15636497600600974 0.838599087426997
vn 0.1461223698004141 0.11821721298522112 0.9821776537866853
vn -0.20300154294195327 -0.052175249973979765 0.977787357687416
vn -0.8670464290952054 -0.46352757807797174 0.18268189334037122
vn -0.7153528280940549 -0.41772030605668004 -0.5601607601802818
vn -0.4612112776480033 -0.2933004955125025 -0.8374120710274107
vn -0.13840593672561546 -0.1252224167045368 -0.9824271693279764
vn 0.199728776494542 0.05863855102838376 -0.9780950547739645
vn 0.510884032038637 0.23574723766653358 -0.8266926549453213
vn 0.9173734048532571 -0.30012544993406903 -0.26143976432404964
vn 0.9780245445230019 -0.20821230839109023 -0.010752904027658177
vn 0.951671227099225 -0.17264552448439094 0.2539988157196107
vn 0.6659673431322458 -0.27825103628649245 0.6921443915014196
vn 0.03156694997321254 -0.718021911676816 0.6953042945512125
vn -0.11493155819725284 -0.8559979764634814 0.5040418645517224
vn -0.18215912567568082 -0.9500221517633324 0.25352704804821
vn -0.1606557315236658 -0.9868912381530026 -0.01534340201616152
vn 0.8417455162597128 -0.19735720722798517 0.5025083269079625
vn 0.45271754786086427 -0.40716117117582507 0.7932632618151283
vn 0.2298835329817488 -0.5611805572016879 0.7951288848247384
vn -0.05237998140430704 -0.9620916908281413 -0.2676488669647838
vn 0.12888222826312976 -0.8765337458941793 -0.46376498740919286
vn 0.3503838185602626 -0.7454449644474181 -0.5670476035317638
vn 0.5754242700447394 -0.5918848190673232 -0.564410551284365
vn 0.7748220562950228 -0.43598216975886595 -0.45778851965848144
vn -0.5750008280366059 -0.025788729202862615 -0.8177462865726257
vn -0.23768340840407126 0.1083642047161262 -0.9652791288045469
vn 0.12948285175394922 0.22411862077201358 -0.9659218575666021
vn 0.4806371930104082 0.3070765014165678 -0.8213963178471377
vn 0.2548867648286267 -0.16215851739808074 0.953277164496482
vn -0.12930458339705075 -0.23086898115468218 0.9643546226638383
vn -0.7627841977143224 -0.3435218263581028 0.5478622295184357
vn -0.4806002097810441 -0.3082876505420155 0.8209641666246466
vn -0.925134351271693 -0.3269974353173522 0.19287070641488727
vn 0.9260336221560939 0.3233007587094698 -0.1947776939342547
vn 0.7628597894285519 0.34291399403464135 -0.5481376965400531
vn 0.9551026201391208 0.23547169003057528 0.17981120153519597
vn 0.6282219331711416 -0.21328562136264595 0.7482288730078944
vn 0.8741265445400915 -0.05797946587127907 0.4822252229691854
vn -0.9469346204602914 -0.26227286276105644 -0.18581649558864244
vn -0.8262310180393341 -0.15721284946258668 -0.5409495584558137
vn 0.7779954284314039 0.29921704734532084 0.552442098249024
vn 0.6201739436540046 -0.16121383946046156 0.7677202469513591
vn -0.869876114214258 0.025529390381651567 -0.492609171804834
vn 0.768950462977496 0.3185474039602812 -0.5542948104726039
vn 0.9480709610188313 0.23226799745088295 -0.2172855960090006
vn 0.2776261094512499 -0.2711452521729432 0.9216311602669658
vn -0.10096308013295432 -0.3388213279138928 0.9354178553997848
vn -0.6202501921851011 0.16167065275678713 -0.7675625701736238
vn -0.2776483029044625 0.27149527895187053 -0.9215214231916249
vn -0.46835640292515995 -0.3561878631579479 0.8085619864784519
vn 0.9827156666729476 0.11270612004802281 0.14685792106408393
vn 0.10094248059664129 0.3389930041416702 -0.9353578773678032
vn -0.9480882675398513 -0.23215569567722616 0.21733009436777573
vn -0.7689541678403711 -0.31851920447188925 0.5543058759778011
vn 0.4683497386219104 0.35624471103071664 -0.8085408018123942
vn 0.8698021977338395 -0.025104739548009597 0.49276149288434595
vn 0.5630856463992057 -0.808939748634844 0.16897052375424582
vn 0.5630856463992057 -0.808939748634844 0.16897052375424582
vn 0.5630856463992057 -0.808939748634844 0.16897052375424582
vn 0.5630856463992057 -0.808939748634844 0.16897052375424582
vn 0.5630856463992057 -0.808939748634844 0.16897052375424582
vn 0.5630856463992057 -0.808939748634844 0.16897052375424582
vn 0.5630856463992057 -0.808939748634844 0.16897052375424582
vn 0.5630856463992057 -0.808939748634844 0.16897052375424582
vn 0.5630856463992057 -0.808939748634844 0.16897052375424582
vn 0.5630856463992057 -0.808939748634844 0.16897052375424582
vn 0.5630856463992057 -0.808939748634844 0.16897052375424582
vn 0.5630856463992057 -0.808939748634844 0.16897052375424582
vn 0.5630856463992057 -0.808939748634844 0.16897052375424582
vn 0.5630856463992057 -0.808939748634844 0.16897052375424582
vn 0.5630856463992057 -0.808939748634844 0.16897052375424582
vn 0.5630856463992057 -0.808939748634844 0.16897052375424582
vn 0.5630856463992057 -0.808939748634844 0.16897052375424582
vn -0.7402910565175296 0.5433988128113822 -0.395836938492784
vn -0.22493142865621582 0.563164129697084 -0.7951427641783578
vn -0.5598603178162096 0.8122130335505968 -0.16390976988962475
vn -0.5598603178162096 0.8122130335505968 -0.16390976988962475
vn -0.5598603178162096 0.8122130335505968 -0.16390976988962475
vn -0.5598603178162096 0.8122130335505968 -0.16390976988962475
vn -0.19836000519244376 0.9435222499750718 -0.26536592121452146
vn -0.5598603178162096 0.8122130335505968 -0.16390976988962475
vn -0.5598603178162096 0.8122130335505968 -0.16390976988962475
vn -0.5598603178162096 0.8122130335505968 -0.16390976988962475
vn -0.5598603178162096 0.8122130335505968 -0.16390976988962475
vn -0.5598603178162096 0.8122130335505968 -0.16390976988962475
vn -0.5598603178162096 0.8122130335505968 -0.16390976988962475
vn -0.5598603178162096 0.8122130335505968 -0.16390976988962475
vn -0.5598603178162096 0.8122130335505968 -0.16390976988962475
vn -0.5598603178162096 0.8122130335505968 -0.16390976988962475
vn -0.5724904357063836 0.8122742217287533 -0.11164806196107188
vn 0.29295793537416953 0.8966322472952611 -0.3320034054216217
vn -0.6121152476091174 0.7680909218246551 0.18801930606982978
vn -0.7989283920742424 0.0903580020072683 -0.5945997442069079
vn -0.22493142865621582 0.563164129697084 -0.7951427641783578
f 1109//1109 1125//1125 1140//1140
f 1109//1109 1140//1140 1119//1119
f 1125//1125 1109//1109 1110//1110
f 1125//1125 1110//1110 1126//1126
f 1111//1111 1127//1127 1126//1126
f 1111//1111 1126//1126 1110//1110
f 1112//1112 1128//1128 1127//1127
f 1112//1112 1127//1127 1111//1111
f 1113//1113 1133//1133 1128//1128
f 1113//1113 1128//1128 1112//1112
f 1120//1120 1129//1129 1133//1133
f 1120//1120 1133//1133 1113//1113
f 1117//1117 1130//1130 1129//1129
f 1117//1117 1129//1129 1120//1120
f 1118//1118 1138//1138 1130//1130
f 1118//1118 1130//1130 1117//1117
f 1114//1114 1134//1134 1138//1138
f 1114//1114 1138//1138 1118//1118
f 1121//1121 1131//1131 1134//1134
f 1121//1121 1134//1134 1114//1114
f 1115//1115 1135//1135 1131//1131
f 1115//1115 1131//1131 1121//1121
f 1116//1116 1139//1139 1135//1135
f 1116//1116 1135//1135 1115//1115
f 1122//1122 1136//1136 1139//1139
f 1122//1122 1139//1139 1116//1116
f 1123//1123 1132//1132 1136//1136
f 1123//1123 1136//1136 1122//1122
f 1124//1124 1137//1137 1132//1132
f 1124//1124 1132//1132 1123//1123
f 1119//1119 1140//1140 1137//1137
f 1119//1119 1137//1137 1124//1124
f 1125//1125 1141//1141 1146//1146
f 1125//1125 1146//1146 1140//1140
f 1126//1126 1147//1147 1141//1141
f 1126//1126 1141//1141 1125//1125
f 1127//1127 1142//1142 1147//1147
f 1127//1127 1147//1147 1126//1126
f 1128//1128 1148//1148 1142//1142
f 1128//1128 1142//1142 1127//1127
f 1133//1133 1149//1149 1148//1148
f 1133//1133 1148//1148 1128//1128
f 1129//1129 1143//1143 1149//1149
f 1129//1129 1149//1149 1133//1133
f 1130//1130 1150//1150 1143//1143
f 1130//1130 1143//1143 1129//1129
f 1138//1138 1151//1151 1150//1150
f 1138//1138 1150//1150 1130//1130
f 1134//1134 1152//1152 1151//1151
f 1134//1134 1151//1151 1138//1138
f 1131//1131 1153//1153 1152//1152
f 1131//1131 1152//1152 1134//1134
f 1135//1135 1144//1144 1153//1153
f 1135//1135 1153//1153 1131//1131
f 1139//1139 1145//1145 1144//1144
f 1139//1139 1144//1144 1135//1135
f 1136//1136 1154//1154 1145//1145
f 1136//1136 1145//1145 1139//1139
f 1132//1132 1155//1155 1154//1154
f 1132//1132 1154//1154 1136//1136
f 1137//1137 1156//1156 1155//1155
f 1137//1137 1155//1155 1132//1132
f 1140//1140 1146//1146 1156//1156
f 1140//1140 1156//1156 1137//1137
f 1141//1141 2056//2056 2055//2055
f 1141//1141 2055//2055 1146//1146
f 1147//1147 2062//2062 2056//2056
f 1147//1147 2056//2056 1141//1141
f 1142//1142 2067//2067 2062//2062
f 1142//1142 2062//2062 1147//1147
f 1148//1148 2053//2053 2067//2067
f 1148//1148 2067//2067 1142//1142
f 1149//1149 2057//2057 2053//2053
f 1149//1149 2053//2053 1148//1148
f 1143//1143 2058//2058 2057//2057
f 1143//1143 2057//2057 1149//1149
f 1150//1150 2061//2061 2058//2058
f 1150//1150 2058//2058 1143//1143
f 1151//1151 2065//2065 2061//2061
f 1151//1151 2061//2061 1150//1150
f 1152//1152 2064//2064 2065//2065
f 1152//1152 2065//2065 1151//1151
f 1153//1153 1157//1157 2064//2064
f 1153//1153 2064//2064 1152//1152
f 1144//1144 2054//2054 1157//1157
f 1144//1144 1157//1157 1153//1153
f 1145//1145 2059//2059 2054//2054
f 1145//1145 2054//2054 1144//1144
f 1154//1154 2060//2060 2059//2059
f 1154//1154 2059//2059 1145//1145
f 1155//1155 2063//2063 2060//2060
f 1155//1155 2060//2060 1154//1154
f 1156//1156 2066//2066 2063//2063
f 1156//1156 2063//2063 1155//1155
f 1146//1146 2055//2055 2066//2066
f 1146//1146 2066//2066 1156//1156
f 1161//1161 1187//1187 1181//1181
f 1161//1161 1181//1181 1165//1165
f 1166//1166 1182//1182 1187//1187
f 1166//1166 1187//1187 1161//1161
f 1167//1167 1174//1174 1182//1182
f 1167//1167 1182//1182 1166//1166
f 1158//1158 1175//1175 1174//1174
f 1158//1158 1174//1174 1167//1167
f 1162//1162 1176//1176 1175//1175
f 1162//1162 1175//1175 1158//1158
f 1168//1168 1183//1183 1176//1176
f 1168//1168 1176//1176 1162//1162
f 1159//1159 1177//1177 1183//1183
f 1159//1159 1183//1183 1168//1168
f 1169//1169 1178//1178 1177//1177
f 1169//1169 1177//1177 1159//1159
f 1170//1170 1188//1188 1178//1178
f 1170//1170 1178//1178 1169//1169
f 1171//1171 1184//1184 1188//1188
f 1171//1171 1188//1188 1170//1170
f 1163//1163 1185//1185 1184//1184
f 1163//1163 1184//1184 1171//1171
f 1164//1164 1189//1189 1185//1185
f 1164//1164 1185//1185 1163//1163
f 1172//1172 1186//1186 1189//1189
f 1172//1172 1189//1189 1164//1164
f 1173//1173 1179//1179 1186//1186
f 1173//1173 1186//1186 1172//1172
f 1160//1160 1180//1180 1179//1179
f 1160//1160 1179//1179 1173//1173
f 1165//1165 1181//1181 1180//1180
f 1165//1165 1180//1180 1160//1160
f 1187//1187 1192//1192 1196//1196
f 1187//1187 1196//1196 1181//1181
f 1182//1182 1203//1203 1192//1192
f 1182//1182 1192//1192 1187//1187
f 1174//1174 1197//1197 1203//1203
f 1174//1174 1203//1203 1182//1182
f 1175//1175 1198//1198 1197//1197
f 1175//1175 1197//1197 1174//1174
f 1176//1176 1199//1199 1198//1198
f 1176//1176 1198//1198 1175//1175
f 1183//1183 1193//1193 1199//1199
f 1183//1183 1199//1199 1176//1176
f 1177//1177 1204//1204 1193//1193
f 1177//1177 1193//1193 1183//1183
f 1178//1178 1190//1190 1204//1204
f 1178//1178 1204//1204 1177//1177
f 1188//1188 1205//1205 1190//1190
f 1188//1188 1190//1190 1178//1178
f 1184//1184 1200//1200 1205//1205
f 1184//1184 1205//1205 1188//1188
f 1185//1185 1194//1194 1200//1200
f 1185//1185 1200//1200 1184//1184
f 1189//1189 1191//1191 1194//1194
f 1189//1189 1194//1194 1185//1185
f 1186//1186 1195//1195 1191//1191
f 1186//1186 1191//1191 1189//1189
f 1179//1179 1201//1201 1195//1195
f 1179//1179 1195//1195 1186//1186
f 1180//1180 1202//1202 1201//1201
f 1180//1180 1201//1201 1179//1179
f 1181//1181 1196//1196 1202//1202
f 1181//1181 1202//1202 1180//1180
f 1192//1192 1209//1209 1216//1216
f 1192//1192 1216//1216 1196//1196
f 1203//1203 1212//1212 1209//1209
f 1203//1203 1209//1209 1192//1192
f 1197//1197 1217//1217 1212//1212
f 1197//1197 1212//1212 1203//1203
f 1198//1198 1218//1218 1217//1217
f 1198//1198 1217//1217 1197//1197
f 1199//1199 1219//1219 1218//1218
f 1199//1199 1218//1218 1198//1198
f 1193//1193 1213//1213 1219//1219
f 1193//1193 1219//1219 1199//1199
f 1204//1204 1214//1214 1213//1213
f 1204//1204 1213//1213 1193//1193
f 1190//1190 1206//1206 1214//1214
f 1190//1190 1214//1214 1204//1204
f 1205//1205 1210//1210 1206//1206
f 1205//1205 1206//1206 1190//1190
f 1200//1200 1220//1220 1210//1210
f 1200//1200 1210//1210 1205//1205
f 1194//1194 1207//1207 1220//1220
f 1194//1194 1220//1220 1200//1200
f 1191//1191 1208//1208 1207//1207
f 1191//1191 1207//1207 1194//1194
f 1195//1195 1211//1211 1208//1208
f 1195//1195 1208//1208 1191//1191
f 1201//1201 1221//1221 1211//1211
f 1201//1201 1211//1211 1195//1195
f 1202//1202 1215//1215 1221//1221
f 1202//1202 1221//1221 1201//1201
f 1196//1196 1216//1216 1215//1215
f 1196//1196 1215//1215 1202//1202
f 1209//1209 1236//1236 1226//1226
f 1209//1209 1226//1226 1216//1216
f 1212//1212 1222//1222 1236//1236
f 1212//1212 1236//1236 1209//1209
f 1217//1217 1223//1223 1222//1222
f 1217//1217 1222//1222 1212//1212
f 1218//1218 1237//1237 1223//1223
f 1218//1218 1223//1223 1217//1217
f 1219//1219 1227//1227 1237//1237
f 1219//1219 1237//1237 1218//1218
f 1213//1213 1224//1224 1227//1227
f 1213//1213 1227//1227 1219//1219
f 1214//1214 1231//1231 1224//1224
f 1214//1214 1224//1224 1213//1213
f 1206//1206 1225//1225 1231//1231
f 1206//1206 1231//1231 1214//1214
f 1210//1210 1232//1232 1225//1225
f 1210//1210 1225//1225 1206//1206
f 1220//1220 1233//1233 1232//1232
f 1220//1220 1232//1232 1210//1210
f 1207//1207 1234//1234 1233//1233
f 1207//1207 1233//1233 1220//1220
f 1208//1208 1228//1228 1234//1234
f 1208//1208 1234//1234 1207//1207
f 1211//1211 1229//1229 1228//1228
f 1211//1211 1228//1228 1208//1208
f 1221//1221 1235//1235 1229//1229
f 1221//1221 1229//1229 1211//1211
f 1215//1215 1230//1230 1235//1235
f 1215//1215 1235//1235 1221//1221
f 1216//1216 1226//1226 1230//1230
f 1216//1216 1230//1230 1215//1215
f 1236//1236 1250//1250 1248//1248
f 1236//1236 1248//1248 1226//1226
f 1222//1222 1238//1238 1250//1250
f 1222//1222 1250//1250 1236//1236
f 1223//1223 1239//1239 1238//1238
f 1223//1223 1238//1238 1222//1222
f 1237//1237 1251//1251 1239//1239
f 1237//1237 1239//1239 1223//1223
f 1227//1227 1252//1252 1251//1251
f 1227//1227 1251//1251 1237//1237
f 1224//1224 1249//1249 1252//1252
f 1224//1224 1252//1252 1227//1227
f 1231//1231 1240//1240 1249//1249
f 1231//1231 1249//1249 1224//1224
f 1225//1225 1241//1241 1240//1240
f 1225//1225 1240//1240 1231//1231
f 1232//1232 1244//1244 1241//1241
f 1232//1232 1241//1241 1225//1225
f 1233//1233 1242//1242 1244//1244
f 1233//1233 1244//1244 1232//1232
f 1234//1234 1245//1245 1242//1242
f 1234//1234 1242//1242 1233//1233
f 1228//1228 1253//1253 1245//1245
f 1228//1228 1245//1245 1234//1234
f 1229//1229 1243//1243 1253//1253
f 1229//1229 1253//1253 1228//1228
f 1235//1235 1246//1246 1243//1243
f 1235//1235 1243//1243 1229//1229
f 1230//1230 1247//1247 1246//1246
f 1230//1230 1246//1246 1235//1235
f 1226//1226 1248//1248 1247//1247
f 1226//1226 1247//1247 1230//1230
f 1250//1250 1260//1260 1257//1257
f 1250//1250 1257//1257 1248//1248
f 1238//1238 1254//1254 1260//1260
f 1238//1238 1260//1260 1250//1250
f 1239//1239 1261//1261 1254//1254
f 1239//1239 1254//1254 1238//1238
f 1251//1251 1262//1262 1261//1261
f 1251//1251 1261//1261 1239//1239
f 1252//1252 1255//1255 1262//1262
f 1252//1252 1262//1262 1251//1251
f 1249//1249 1259//1259 1255//1255
f 1249//1249 1255//1255 1252//1252
f 1240//1240 1263//1263 1259//1259
f 1240//1240 1259//1259 1249//1249
f 1241//1241 1264//1264 1263//1263
f 1241//1241 1263//1263 1240//1240
f 1244//1244 1265//1265 1264//1264
f 1244//1244 1264//1264 1241//1241
f 1242//1242 1266//1266 1265//1265
f 1242//1242 1265//1265 1244//1244
f 1245//1245 1267//1267 1266//1266
f 1245//1245 1266//1266 1242//1242
f 1253//1253 1268//1268 1267//1267
f 1253//1253 1267//1267 1245//1245
f 1243//1243 1258//1258 1268//1268
f 1243//1243 1268//1268 1253//1253
f 1246//1246 1269//1269 1258//1258
f 1246//1246 1258//1258 1243//1243
f 1247//1247 1256//1256 1269//1269
f 1247//1247 1269//1269 1246//1246
f 1248//1248 1257//1257 1256//1256
f 1248//1248 1256//1256 1247//1247
f 1260//1260 1279//1279 1278//1278
f 1260//1260 1278//1278 1257//1257
f 1254//1254 1270//1270 1279//1279
f 1254//1254 1279//1279 1260//1260
f 1261//1261 1273//1273 1270//1270
f 1261//1261 1270//1270 1254//1254
f 1262//1262 1280//1280 1273//1273
f 1262//1262 1273//1273 1261//1261
f 1255//1255 1274//1274 1280//1280
f 1255//1255 1280//1280 1262//1262
f 1259//1259 1275//1275 1274//1274
f 1259//1259 1274//1274 1255//1255
f 1263//1263 1276//1276 1275//1275
f 1263//1263 1275//1275 1259//1259
f 1264//1264 1271//1271 1276//1276
f 1264//1264 1276//1276 1263//1263
f 1265//1265 1282//1282 1271//1271
f 1265//1265 1271//1271 1264//1264
f 1266//1266 1283//1283 1282//1282
f 1266//1266 1282//1282 1265//1265
f 1267//1267 1284//1284 1283//1283
f 1267//1267 1283//1283 1266//1266
f 1268//1268 1277//1277 1284//1284
f 1268//1268 1284//1284 1267//1267
f 1258//1258 1285//1285 1277//1277
f 1258//1258 1277//1277 1268//1268
f 1269//1269 1272//1272 1285//1285
f 1269//1269 1285//1285 1258//1258
f 1256//1256 1281//1281 1272//1272
f 1256//1256 1272//1272 1269//1269
f 1257//1257 1278//1278 1281//1281
f 1257//1257 1281//1281 1256//1256
f 1279//1279 1286//1286 1297//1297
f 1279//1279 1297//1297 1278//1278
f 1270//1270 1287//1287 1286//1286
f 1270//1270 1286//1286 1279//1279
f 1273//1273 1298//1298 1287//1287
f 1273//1273 1287//1287 1270//1270
f 1280//1280 1288//1288 1298//1298
f 1280//1280 1298//1298 1273//1273
f 1274//1274 1299//1299 1288//1288
f 1274//1274 1288//1288 1280//1280
f 1275//1275 1293//1293 1299//1299
f 1275//1275 1299//1299 1274//1274
f 1276//1276 1289//1289 1293//1293
f 1276//1276 1293//1293 1275//1275
f 1271//1271 1292//1292 1289//1289
f 1271//1271 1289//1289 1276//1276
f 1282//1282 1290//1290 1292//1292
f 1282//1282 1292//1292 1271//1271
f 1283//1283 1296//1296 1290//1290
f 1283//1283 1290//1290 1282//1282
f 1284//1284 1300//1300 1296//1296
f 1284//1284 1296//1296 1283//1283
f 1277//1277 1294//1294 1300//1300
f 1277//1277 1300//1300 1284//1284
f 1285//1285 1295//1295 1294//1294
f 1285//1285 1294//1294 1277//1277
f 1272//1272 1301//1301 1295//1295
f 1272//1272 1295//1295 1285//1285
f 1281//1281 1291//1291 1301//1301
f 1281//1281 1301//1301 1272//1272
f 1278//1278 1297//1297 1291//1291
f 1278//1278 1291//1291 1281//1281
f 1286//1286 1302//1302 1305//1305
f 1286//1286 1305//1305 1297//1297
f 1287//1287 1303//1303 1302//1302
f 1287//1287 1302//1302 1286//1286
f 1298//1298 1311//1311 1303//1303
f 1298//1298 1303//1303 1287//1287
f 1288//1288 1306//1306 1311//1311
f 1288//1288 1311//1311 1298//1298
f 1299//1299 1312//1312 1306//1306
f 1299//1299 1306//1306 1288//1288
f 1293//1293 1307//1307 1312//1312
f 1293//1293 1312//1312 1299//1299
f 1289//1289 1308//1308 1307//1307
f 1289//1289 1307//1307 1293//1293
f 1292//1292 1313//1313 1308//1308
f 1292//1292 1308//1308 1289//1289
f 1290//1290 1314//1314 1313//1313
f 1290//1290 1313//1313 1292//1292
f 1296//1296 1315//1315 1314//1314
f 1296//1296 1314//1314 1290//1290
f 1300//1300 1316//1316 1315//1315
f 1300//1300 1315//1315 1296//1296
f 1294//1294 1309//1309 1316//1316
f 1294//1294 1316//1316 1300//1300
f 1295//1295 1310//1310 1309//1309
f 1295//1295 1309//1309 1294//1294
f 1301//1301 1317//1317 1310//1310
f 1301//1301 1310//1310 1295//1295
f 1291//1291 1304//1304 1317//1317
f 1291//1291 1317//1317 1301//1301
f 1297//1297 1305//1305 1304//1304
f 1297//1297 1304//1304 1291//1291
f 1302//1302 1332//1332 1325//1325
f 1302//1302 1325//1325 1305//1305
f 1303//1303 1329//1329 1332//1332
f 1303//1303 1332//1332 1302//1302
f 1311//1311 1318//1318 1329//1329
f 1311//1311 1329//1329 1303//1303
f 1306//1306 1326//1326 1318//1318
f 1306//1306 1318//1318 1311//1311
f 1312//1312 1328//1328 1326//1326
f 1312//1312 1326//1326 1306//1306
f 1307//1307 1321//1321 1328//1328
f 1307//1307 1328//1328 1312//1312
f 1308//1308 1333//1333 1321//1321
f 1308//1308 1321//1321 1307//1307
f 1313//1313 1319//1319 1333//1333
f 1313//1313 1333//1333 1308//1308
f 1314//1314 1322//1322 1319//1319
f 1314//1314 1319//1319 1313//1313
f 1315//1315 1323//1323 1322//1322
f 1315//1315 1322//1322 1314//1314
f 1316//1316 1320//1320 1323//1323
f 1316//1316 1323//1323 1315//1315
f 1309//1309 1327//1327 1320//1320
f 1309//1309 1320//1320 1316//1316
f 1310//1310 1324//1324 1327//1327
f 1310//1310 1327//1327 1309//1309
f 1317//1317 1330//1330 1324//1324
f 1317//1317 1324//1324 1310//1310
f 1304//1304 1331//1331 1330//1330
f 1304//1304 1330//1330 1317//1317
f 1305//1305 1325//1325 1331//1331
f 1305//1305 1331//1331 1304//1304
f 1332//1332 1347//1347 1346//1346
f 1332//1332 1346//1346 1325//1325
f 1329//1329 1334//1334 1347//1347
f 1329//1329 1347//1347 1332//1332
f 1318//1318 1348//1348 1334//1334
f 1318//1318 1334//1334 1329//1329
f 1326//1326 1335//1335 1348//1348
f 1326//1326 1348//1348 1318//1318
f 1328//1328 1349//1349 1335//1335
f 1328//1328 1335//1335 1326//1326
f 1321//1321 1339//1339 1349//1349
f 1321//1321 1349//1349 1328//1328
f 1333//1333 1340//1340 1339//1339
f 1333//1333 1339//1339 1321//1321
f 1319//1319 1341//1341 1340//1340
f 1319//1319 1340//1340 1333//1333
f 1322//1322 1336//1336 1341//1341
f 1322//1322 1341//1341 1319//1319
f 1323//1323 1337//1337 1336//1336
f 1323//1323 1336//1336 1322//1322
f 1320//1320 1342//1342 1337//1337
f 1320//1320 1337//1337 1323//1323
f 1327//1327 1343//1343 1342//1342
f 1327//1327 1342//1342 1320//1320
f 1324//1324 1338//1338 1343//1343
f 1324//1324 1343//1343 1327//1327
f 1330//1330 1344//1344 1338//1338
f 1330//1330 1338//1338 1324//1324
f 1331//1331 1345//1345 1344//1344
f 1331//1331 1344//1344 1330//1330
f 1325//1325 1346//1346 1345//1345
f 1325//1325 1345//1345 1331//1331
f 1347//1347 1350//1350 1361//1361
f 1347//1347 1361//1361 1346//1346
f 1334//1334 1356//1356 1350//1350
f 1334//1334 1350//1350 1347//1347
f 1348//1348 1351//1351 1356//1356
f 1348//1348 1356//1356 1334//1334
f 1335//1335 1352//1352 1351//1351
f 1335//1335 1351//1351 1348//1348
f 1349//1349 1353//1353 1352//1352
f 1349//1349 1352//1352 1335//1335
f 1339//1339 1362//1362 1353//1353
f 1339//1339 1353//1353 1349//1349
f 1340//1340 1357//1357 1362//1362
f 1340//1340 1362//1362 1339//1339
f 1341//1341 1358//1358 1357//1357
f 1341//1341 1357//1357 1340//1340
f 1336//1336 1359//1359 1358//1358
f 1336//1336 1358//1358 1341//1341
f 1337//1337 1354//1354 1359//1359
f 1337//1337 1359//1359 1336//1336
f 1342//1342 1363//1363 1354//1354
f 1342//1342 1354//1354 1337//1337
f 1343//1343 1360//1360 1363//1363
f 1343//1343 1363//1363 1342//1342
f 1338//1338 1364//1364 1360//1360
f 1338//1338 1360//1360 1343//1343
f 1344//1344 1355//1355 1364//1364
f 1344//1344 1364//1364 1338//1338
f 1345//1345 1365//1365 1355//1355
f 1345//1345 1355//1355 1344//1344
f 1346//1346 1361//1361 1365//1365
f 1346//1346 1365//1365 1345//1345
f 1350//1350 1373//1373 1372//1372
f 1350//1350 1372//1372 1361//1361
f 1356//1356 1377//1377 1373//1373
f 1356//1356 1373//1373 1350//1350
f 1351//1351 1374//1374 1377//1377
f 1351//1351 1377//1377 1356//1356
f 1352//1352 1381//1381 1374//1374
f 1352//1352 1374//1374 1351//1351
f 1353//1353 1378//1378 1381//1381
f 1353//1353 1381//1381 1352//1352
f 1362//1362 1379//1379 1378//1378
f 1362//1362 1378//1378 1353//1353
f 1357//1357 1375//1375 1379//1379
f 1357//1357 1379//1379 1362//1362
f 1358//1358 1369//1369 1375//1375
f 1358//1358 1375//1375 1357//1357
f 1359//1359 1366//1366 1369//1369
f 1359//1359 1369//1369 1358//1358
f 1354//1354 1370//1370 1366//1366
f 1354//1354 1366//1366 1359//1359
f 1363//1363 1367//1367 1370//1370
f 1363//1363 1370//1370 1354//1354
f 1360//1360 1380//1380 1367//1367
f 1360//1360 1367//1367 1363//1363
f 1364//1364 1376//1376 1380//1380
f 1364//1364 1380//1380 1360//1360
f 1355//1355 1368//1368 1376//1376
f 1355//1355 1376//1376 1364//1364
f 1365//1365 1371//1371 1368//1368
f 1365//1365 1368//1368 1355//1355
f 1361//1361 1372//1372 1371//1371
f 1361//1361 1371//1371 1365//1365
f 1373//1373 1388//1388 1397//1397
f 1373//1373 1397//1397 1372//1372
f 1377//1377 1382//1382 1388//1388
f 1377//1377 1388//1388 1373//1373
f 1374//1374 1389//1389 1382//1382
f 1374//1374 1382//1382 1377//1377
f 1381//1381 1383//1383 1389//1389
f 1381//1381 1389//1389 1374//1374
f 1378//1378 1390//1390 1383//1383
f 1378//1378 1383//1383 1381//1381
f 1379//1379 1384//1384 1390//1390
f 1379//1379 1390//1390 1378//1378
f 1375//1375 1391//1391 1384//1384
f 1375//1375 1384//1384 1379//1379
f 1369//1369 1392//1392 1391//1391
f 1369//1369 1391//1391 1375//1375
f 1366//1366 1385//1385 1392//1392
f 1366//1366 1392//1392 1369//1369
f 1370//1370 1393//1393 1385//1385
f 1370//1370 1385//1385 1366//1366
f 1367//1367 1386//1386 1393//1393
f 1367//1367 1393//1393 1370//1370
f 1380//1380 1394//1394 1386//1386
f 1380//1380 1386//1386 1367//1367
f 1376//1376 1395//1395 1394//1394
f 1376//1376 1394//1394 1380//1380
f 1368//1368 1396//1396 1395//1395
f 1368//1368 1395//1395 1376//1376
f 1371//1371 1387//1387 1396//1396
f 1371//1371 1396//1396 1368//1368
f 1372//1372 1397//1397 1387//1387
f 1372//1372 1387//1387 1371//1371
f 1388//1388 1407//1407 1410//1410
f 1388//1388 1410//1410 1397//1397
f 1382//1382 1402//1402 1407//1407
f 1382//1382 1407//1407 1388//1388
f 1389//1389 1408//1408 1402//1402
f 1389//1389 1402//1402 1382//1382
f 1383//1383 1411//1411 1408//1408
f 1383//1383 1408//1408 1389//1389
f 1390//1390 1412//1412 1411//1411
f 1390//1390 1411//1411 1383//1383
f 1384//1384 1398//1398 1412//1412
f 1384//1384 1412//1412 1390//1390
f 1391//1391 1399//1399 1398//1398
f 1391//1391 1398//1398 1384//1384
f 1392//1392 1409//1409 1399//1399
f 1392//1392 1399//1399 1391//1391
f 1385//1385 1403//1403 1409//1409
f 1385//1385 1409//1409 1392//1392
f 1393//1393 1400//1400 1403//1403
f 1393//1393 1403//1403 1385//1385
f 1386//1386 1404//1404 1400//1400
f 1386//1386 1400//1400 1393//1393
f 1394//1394 1405//1405 1404//1404
f 1394//1394 1404//1404 1386//1386
f 1395//1395 1413//1413 1405//1405
f 1395//1395 1405//1405 1394//1394
f 1396//1396 1401//1401 1413//1413
f 1396//1396 1413//1413 1395//1395
f 1387//1387 1406//1406 1401//1401
f 1387//1387 1401//1401 1396//1396
f 1397//1397 1410//1410 1406//1406
f 1397//1397 1406//1406 1387//1387
f 1407//1407 1414//1414 1420//1420
f 1407//1407 1420//1420 1410//1410
f 1402//1402 1421//1421 1414//1414
f 1402//1402 1414//1414 1407//1407
f 1408//1408 1422//1422 1421//1421
f 1408//1408 1421//1421 1402//1402
f 1411//1411 1415//1415 1422//1422
f 1411//1411 1422//1422 1408//1408
f 1412//1412 1423//1423 1415//1415
f 1412//1412 1415//1415 1411//1411
f 1398//1398 1424//1424 1423//1423
f 1398//1398 1423//1423 1412//1412
f 1399//1399 1425//1425 1424//1424
f 1399//1399 1424//1424 1398//1398
f 1409//1409 1416//1416 1425//1425
f 1409//1409 1425//1425 1399//1399
f 1403//1403 1417//1417 1416//1416
f 1403//1403 1416//1416 1409//1409
f 1400//1400 1426//1426 1417//1417
f 1400//1400 1417//1417 1403//1403
f 1404//1404 1427//1427 1426//1426
f 1404//1404 1426//1426 1400//1400
f 1405//1405 1428//1428 1427//1427
f 1405//1405 1427//1427 1404//1404
f 1413//1413 1418//1418 1428//1428
f 1413//1413 1428//1428 1405//1405
f 1401//1401 1429//1429 1418//1418
f 1401//1401 1418//1418 1413//1413
f 1406//1406 1419//1419 1429//1429
f 1406//1406 1429//1429 1401//1401
f 1410//1410 1420//1420 1419//1419
f 1410//1410 1419//1419 1406//1406
f 1414//1414 1430//1430 1434//1434
f 1414//1414 1434//1434 1420//1420
f 1421//1421 1444//1444 1430//1430
f 1421//1421 1430//1430 1414//1414
f 1422//1422 1435//1435 1444//1444
f 1422//1422 1444//1444 1421//1421
f 1415//1415 1431//1431 1435//1435
f 1415//1415 1435//1435 1422//1422
f 1423//1423 1440//1440 1431//1431
f 1423//1423 1431//1431 1415//1415
f 1424//1424 1445//1445 1440//1440
f 1424//1424 1440//1440 1423//1423
f 1425//1425 1432//1432 1445//1445
f 1425//1425 1445//1445 1424//1424
f 1416//1416 1438//1438 1432//1432
f 1416//1416 1432//1432 1425//1425
f 1417//1417 1441//1441 1438//1438
f 1417//1417 1438//1438 1416//1416
f 1426//1426 1436//1436 1441//1441
f 1426//1426 1441//1441 1417//1417
f 1427//1427 1442//1442 1436//1436
f 1427//1427 1436//1436 1426//1426
f 1428//1428 1437//1437 1442//1442
f 1428//1428 1442//1442 1427//1427
f 1418//1418 1443//1443 1437//1437
f 1418//1418 1437//1437 1428//1428
f 1429//1429 1439//1439 1443//1443
f 1429//1429 1443//1443 1418//1418
f 1419//1419 1433//1433 1439//1439
f 1419//1419 1439//1439 1429//1429
f 1420//1420 1434//1434 1433//1433
f 1420//1420 1433//1433 1419//1419
f 1430//1430 1446//1446 1456//1456
f 1430//1430 1456//1456 1434//1434
f 1444//1444 1457//1457 1446//1446
f 1444//1444 1446//1446 1430//1430
f 1435//1435 1447//1447 1457//1457
f 1435//1435 1457//1457 1444//1444
f 1431//1431 1458//1458 1447//1447
f 1431//1431 1447//1447 1435//1435
f 1440//1440 1450//1450 1458//1458
f 1440//1440 1458//1458 1431//1431
f 1445//1445 1451//1451 1450//1450
f 1445//1445 1450//1450 1440//1440
f 1432//1432 1453//1453 1451//1451
f 1432//1432 1451//1451 1445//1445
f 1438//1438 1448//1448 1453//1453
f 1438//1438 1453//1453 1432//1432
f 1441//1441 1459//1459 1448//1448
f 1441//1441 1448//1448 1438//1438
f 1436//1436 1454//1454 1459//1459
f 1436//1436 1459//1459 1441//1441
f 1442//1442 1460//1460 1454//1454
f 1442//1442 1454//1454 1436//1436
f 1437//1437 1452//1452 1460//1460
f 1437//1437 1460//1460 1442//1442
f 1443//1443 1455//1455 1452//1452
f 1443//1443 1452//1452 1437//1437
f 1439//1439 1461//1461 1455//1455
f 1439//1439 1455//1455 1443//1443
f 1433//1433 1449//1449 1461//1461
f 1433//1433 1461//1461 1439//1439
f 1434//1434 1456//1456 1449//1449
f 1434//1434 1449//1449 1433//1433
f 1446//1446 1470//1470 1462//1462
f 1446//1446 1462//1462 1456//1456
f 1457//1457 1471//1471 1470//1470
f 1457//1457 1470//1470 1446//1446
f 1447//1447 1474//1474 1471//1471
f 1447//1447 1471//1471 1457//1457
f 1458//1458 1475//1475 1474//1474
f 1458//1458 1474//1474 1447//1447
f 1450//1450 1476//1476 1475//1475
f 1450//1450 1475//1475 1458//1458
f 1451//1451 1463//1463 1476//1476
f 1451//1451 1476//1476 1450//1450
f 1453//1453 1464//1464 1463//1463
f 1453//1453 1463//1463 1451//1451
f 1448//1448 1472//1472 1464//1464
f 1448//1448 1464//1464 1453//1453
f 1459//1459 1465//1465 1472//1472
f 1459//1459 1472//1472 1448//1448
f 1454//1454 1465//1465 1459//1459
f 1460//1460 1466//1466 1465//1465
f 1460//1460 1465//1465 1454//1454
f 1455//1455 1467//1467 1452//1452
f 1461//1461 1468//1468 1467//1467
f 1461//1461 1467//1467 1455//1455
f 1449//1449 1469//1469 1468//1468
f 1449//1449 1468//1468 1461//1461
f 1456//1456 1462//1462 1469//1469
f 1456//1456 1469//1469 1449//1449
f 1460//1460 1473//1473 1466//1466
f 1452//1452 1468//1468 1473//1473
f 1452//1452 1473//1473 1460//1460
f 1467//1467 1468//1468 1452//1452
f 1466//1466 1473//1473 1465//1465
f 1470//1470 1478//1478 1477//1477
f 1470//1470 1477//1477 1462//1462
f 1471//1471 1479//1479 1478//1478
f 1471//1471 1478//1478 1470//1470
f 1474//1474 1480//1480 1479//1479
f 1474//1474 1479//1479 1471//1471
f 1475//1475 1481//1481 1480//1480
f 1475//1475 1480//1480 1474//1474
f 1476//1476 1482//1482 1481//1481
f 1476//1476 1481//1481 1475//1475
f 1463//1463 1483//1483 1482//1482
f 1463//1463 1482//1482 1476//1476
f 1464//1464 1484//1484 1483//1483
f 1464//1464 1483//1483 1463//1463
f 1472//1472 1485//1485 1484//1484
f 1472//1472 1484//1484 1464//1464
f 1465//1465 1486//1486 1485//1485
f 1465//1465 1485//1485 1472//1472
f 1465//1465 1487//1487 1486//1486
f 1473//1473 1488//1488 1487//1487
f 1473//1473 1487//1487 1465//1465
f 1468//1468 1489//1489 1488//1488
f 1468//1468 1488//1488 1473//1473
f 1468//1468 1490//1490 1489//1489
f 1468//1468 1491//1491 1490//1490
f 1469//1469 1492//1492 1491//1491
f 1469//1469 1491//1491 1468//1468
f 1462//1462 1477//1477 1492//1492
f 1462//1462 1492//1492 1469//1469
f 1478//1478 1495//1495 1506//1506
f 1478//1478 1506//1506 1477//1477
f 1479//1479 1501//1501 1495//1495
f 1479//1479 1495//1495 1478//1478
f 1480//1480 1493//1493 1501//1501
f 1480//1480 1501//1501 1479//1479
f 1481//1481 1494//1494 1493//1493
f 1481//1481 1493//1493 1480//1480
f 1482//1482 1496//1496 1494//1494
f 1482//1482 1494//1494 1481//1481
f 1483//1483 1507//1507 1496//1496
f 1483//1483 1496//1496 1482//1482
f 1484//1484 1502//1502 1507//1507
f 1484//1484 1507//1507 1483//1483
f 1485//1485 1497//1497 1502//1502
f 1485//1485 1502//1502 1484//1484
f 1486//1486 1498//1498 1497//1497
f 1486//1486 1497//1497 1485//1485
f 1487//1487 1499//1499 1498//1498
f 1487//1487 1498//1498 1486//1486
f 1488//1488 1500//1500 1499//1499
f 1488//1488 1499//1499 1487//1487
f 1489//1489 1508//1508 1500//1500
f 1489//1489 1500//1500 1488//1488
f 1490//1490 1503//1503 1508//1508
f 1490//1490 1508//1508 1489//1489
f 1491//1491 1504//1504 1503//1503
f 1491//1491 1503//1503 1490//1490
f 1492//1492 1505//1505 1504//1504
f 1492//1492 1504//1504 1491//1491
f 1477//1477 1506//1506 1505//1505
f 1477//1477 1505//1505 1492//1492
f 1495//1495 1516//1516 1509//1509
f 1495//1495 1509//1509 1506//1506
f 1501//1501 1510//1510 1516//1516
f 1501//1501 1516//1516 1495//1495
f 1493//1493 1517//1517 1510//1510
f 1493//1493 1510//1510 1501//1501
f 1494//1494 1511//1511 1517//1517
f 1494//1494 1517//1517 1493//1493
f 1496//1496 1518//1518 1511//1511
f 1496//1496 1511//1511 1494//1494
f 1507//1507 1512//1512 1518//1518
f 1507//1507 1518//1518 1496//1496
f 1502//1502 1519//1519 1512//1512
f 1502//1502 1512//1512 1507//1507
f 1497//1497 1520//1520 1519//1519
f 1497//1497 1519//1519 1502//1502
f 1498//1498 1513//1513 1520//1520
f 1498//1498 1520//1520 1497//1497
f 1499//1499 1521//1521 1513//1513
f 1499//1499 1513//1513 1498//1498
f 1500//1500 1514//1514 1521//1521
f 1500//1500 1521//1521 1499//1499
f 1508//1508 1515//1515 1514//1514
f 1508//1508 1514//1514 1500//1500
f 1503//1503 1522//1522 1515//1515
f 1503//1503 1515//1515 1508//1508
f 1504//1504 1523//1523 1522//1522
f 1504//1504 1522//1522 1503//1503
f 1505//1505 1524//1524 1523//1523
f 1505//1505 1523//1523 1504//1504
f 1506//1506 1509//1509 1524//1524
f 1506//1506 1524//1524 1505//1505
f 1516//1516 1529//1529 1528//1528
f 1516//1516 1528//1528 1509//1509
f 1510//1510 1540//1540 1529//1529
f 1510//1510 1529//1529 1516//1516
f 1517//1517 1530//1530 1540//1540
f 1517//1517 1540//1540 1510//1510
f 1511//1511 1531//1531 1530//1530
f 1511//1511 1530//1530 1517//1517
f 1518//1518 1525//1525 1531//1531
f 1518//1518 1531//1531 1511//1511
f 1512//1512 1532//1532 1525//1525
f 1512//1512 1525//1525 1518//1518
f 1519//1519 1533//1533 1532//1532
f 1519//1519 1532//1532 1512//1512
f 1520//1520 1537//1537 1533//1533
f 1520//1520 1533//1533 1519//1519
f 1513//1513 1538//1538 1537//1537
f 1513//1513 1537//1537 1520//1520
f 1521//1521 1534//1534 1538//1538
f 1521//1521 1538//1538 1513//1513
f 1514//1514 1535//1535 1534//1534
f 1514//1514 1534//1534 1521//1521
f 1515//1515 1536//1536 1535//1535
f 1515//1515 1535//1535 1514//1514
f 1522//1522 1539//1539 1536//1536
f 1522//1522 1536//1536 1515//1515
f 1523//1523 1526//1526 1539//1539
f 1523//1523 1539//1539 1522//1522
f 1524//1524 1527//1527 1526//1526
f 1524//1524 1526//1526 1523//1523
f 1509//1509 1528//1528 1527//1527
f 1509//1509 1527//1527 1524//1524
f 1529//1529 1546//1546 1541//1541
f 1529//1529 1541//1541 1528//1528
f 1540//1540 1542//1542 1546//1546
f 1540//1540 1546//1546 1529//1529
f 1530//1530 1543//1543 1542//1542
f 1530//1530 1542//1542 1540//1540
f 1531//1531 1547//1547 1543//1543
f 1531//1531 1543//1543 1530//1530
f 1525//1525 1548//1548 1547//1547
f 1525//1525 1547//1547 1531//1531
f 1532//1532 1544//1544 1548//1548
f 1532//1532 1548//1548 1525//1525
f 1533//1533 1549//1549 1544//1544
f 1533//1533 1544//1544 1532//1532
f 1537//1537 1545//1545 1549//1549
f 1537//1537 1549//1549 1533//1533
f 1538//1538 1550//1550 1545//1545
f 1538//1538 1545//1545 1537//1537
f 1534//1534 1551//1551 1550//1550
f 1534//1534 1550//1550 1538//1538
f 1535//1535 1552//1552 1551//1551
f 1535//1535 1551//1551 1534//1534
f 1536//1536 1553//1553 1552//1552
f 1536//1536 1552//1552 1535//1535
f 1539//1539 1554//1554 1553//1553
f 1539//1539 1553//1553 1536//1536
f 1526//1526 1555//1555 1554//1554
f 1526//1526 1554//1554 1539//1539
f 1527//1527 1556//1556 1555//1555
f 1527//1527 1555//1555 1526//1526
f 1528//1528 1541//1541 1556//1556
f 1528//1528 1556//1556 1527//1527
f 1546//1546 1566//1566 1557//1557
f 1546//1546 1557//1557 1541//1541
f 1542//1542 1558//1558 1566//1566
f 1542//1542 1566//1566 1546//1546
f 1543//1543 1559//1559 1558//1558
f 1543//1543 1558//1558 1542//1542
f 1547//1547 1567//1567 1559//1559
f 1547//1547 1559//1559 1543//1543
f 1548//1548 1568//1568 1567//1567
f 1548//1548 1567//1567 1547//1547
f 1544//1544 1560//1560 1568//1568
f 1544//1544 1568//1568 1548//1548
f 1549//1549 1561//1561 1560//1560
f 1549//1549 1560//1560 1544//1544
f 1545//1545 1562//1562 1561//1561
f 1545//1545 1561//1561 1549//1549
f 1550//1550 1565//1565 1562//1562
f 1550//1550 1562//1562 1545//1545
f 1551//1551 1569//1569 1565//1565
f 1551//1551 1565//1565 1550//1550
f 1552//1552 1570//1570 1569//1569
f 1552//1552 1569//1569 1551//1551
f 1553//1553 1563//1563 1570//1570
f 1553//1553 1570//1570 1552//1552
f 1554//1554 1571//1571 1563//1563
f 1554//1554 1563//1563 1553//1553
f 1555//1555 1564//1564 1571//1571
f 1555//1555 1571//1571 1554//1554
f 1556//1556 1572//1572 1564//1564
f 1556//1556 1564//1564 1555//1555
f 1541//1541 1557//1557 1572//1572
f 1541//1541 1572//1572 1556//1556
f 1566//1566 1574//1574 1573//1573
f 1566//1566 1573//1573 1557//1557
f 1558//1558 1575//1575 1574//1574
f 1558//1558 1574//1574 1566//1566
f 1559//1559 1576//1576 1575//1575
f 1559//1559 1575//1575 1558//1558
f 1567//1567 1577//1577 1576//1576
f 1567//1567 1576//1576 1559//1559
f 1568//1568 1578//1578 1577//1577
f 1568//1568 1577//1577 1567//1567
f 1560//1560 1579//1579 1578//1578
f 1560//1560 1578//1578 1568//1568
f 1561//1561 1580//1580 1579//1579
f 1561//1561 1579//1579 1560//1560
f 1562//1562 1581//1581 1580//1580
f 1562//1562 1580//1580 1561//1561
f 1565//1565 1582//1582 1581//1581
f 1565//1565 1581//1581 1562//1562
f 1569//1569 1583//1583 1582//1582
f 1569//1569 1582//1582 1565//1565
f 1570//1570 1584//1584 1583//1583
f 1570//1570 1583//1583 1569//1569
f 1563//1563 1585//1585 1584//1584
f 1563//1563 1584//1584 1570//1570
f 1571//1571 1586//1586 1585//1585
f 1571//1571 1585//1585 1563//1563
f 1564//1564 1587//1587 1586//1586
f 1564//1564 1586//1586 1571//1571
f 1572//1572 1588//1588 1587//1587
f 1572//1572 1587//1587 1564//1564
f 1557//1557 1573//1573 1588//1588
f 1557//1557 1588//1588 1572//1572
f 1574//1574 1590//1590 1589//1589
f 1574//1574 1589//1589 1573//1573
f 1575//1575 1591//1591 1590//1590
f 1575//1575 1590//1590 1574//1574
f 1576//1576 1597//1597 1591//1591
f 1576//1576 1591//1591 1575//1575
f 1577//1577 1592//1592 1597//1597
f 1577//1577 1597//1597 1576//1576
f 1578//1578 1598//1598 1592//1592
f 1578//1578 1592//1592 1577//1577
f 1579//1579 1593//1593 1598//1598
f 1579//1579 1598//1598 1578//1578
f 1580//1580 1594//1594 1593//1593
f 1580//1580 1593//1593 1579//1579
f 1581//1581 1599//1599 1594//1594
f 1581//1581 1594//1594 1580//1580
f 1582//1582 1600//1600 1599//1599
f 1582//1582 1599//1599 1581//1581
f 1583//1583 1601//1601 1600//1600
f 1583//1583 1600//1600 1582//1582
f 1584//1584 1602//1602 1601//1601
f 1584//1584 1601//1601 1583//1583
f 1585//1585 1595//1595 1602//1602
f 1585//1585 1602//1602 1584//1584
f 1586//1586 1603//1603 1595//1595
f 1586//1586 1595//1595 1585//1585
f 1587//1587 1604//1604 1603//1603
f 1587//1587 1603//1603 1586//1586
f 1588//1588 1596//1596 1604//1604
f 1588//1588 1604//1604 1587//1587
f 1573//1573 1589//1589 1596//1596
f 1573//1573 1596//1596 1588//1588
f 1590//1590 1606//1606 1605//1605
f 1590//1590 1605//1605 1589//1589
f 1591//1591 1607//1607 1606//1606
f 1591//1591 1606//1606 1590//1590
f 1597//1597 1608//1608 1607//1607
f 1597//1597 1607//1607 1591//1591
f 1592//1592 1609//1609 1608//1608
f 1592//1592 1608//1608 1597//1597
f 1598//1598 1610//1610 1609//1609
f 1598//1598 1609//1609 1592//1592
f 1593//1593 1611//1611 1610//1610
f 1593//1593 1610//1610 1598//1598
f 1594//1594 1612//1612 1611//1611
f 1594//1594 1611//1611 1593//1593
f 1599//1599 1613//1613 1612//1612
f 1599//1599 1612//1612 1594//1594
f 1600//1600 1614//1614 1613//1613
f 1600//1600 1613//1613 1599//1599
f 1601//1601 1615//1615 1614//1614
f 1601//1601 1614//1614 1600//1600
f 1602//1602 1616//1616 1615//1615
f 1602//1602 1615//1615 1601//1601
f 1595//1595 1617//1617 1616//1616
f 1595//1595 1616//1616 1602//1602
f 1603//1603 1618//1618 1617//1617
f 1603//1603 1617//1617 1595//1595
f 1604//1604 1619//1619 1618//1618
f 1604//1604 1618//1618 1603//1603
f 1596//1596 1620//1620 1619//1619
f 1596//1596 1619//1619 1604//1604
f 1589//1589 1605//1605 1620//1620
f 1589//1589 1620//1620 1596//1596
f 1606//1606 1622//1622 1621//1621
f 1606//1606 1621//1621 1605//1605
f 1607//1607 1623//1623 1622//1622
f 1607//1607 1622//1622 1606//1606
f 1608//1608 1624//1624 1623//1623
f 1608//1608 1623//1623 1607//1607
f 1609//1609 1625//1625 1624//1624
f 1609//1609 1624//1624 1608//1608
f 1610//1610 1626//1626 1625//1625
f 1610//1610 1625//1625 1609//1609
f 1611//1611 1627//1627 1626//1626
f 1611//1611 1626//1626 1610//1610
f 1612//1612 1628//1628 1627//1627
f 1612//1612 1627//1627 1611//1611
f 1613//1613 1629//1629 1628//1628
f 1613//1613 1628//1628 1612//1612
f 1614//1614 1630//1630 1629//1629
f 1614//1614 1629//1629 1613//1613
f 1615//1615 1631//1631 1630//1630
f 1615//1615 1630//1630 1614//1614
f 1616//1616 1632//1632 1631//1631
f 1616//1616 1631//1631 1615//1615
f 1617//1617 1633//1633 1632//1632
f 1617//1617 1632//1632 1616//1616
f 1618//1618 1634//1634 1633//1633
f 1618//1618 1633//1633 1617//1617
f 1619//1619 1635//1635 1634//1634
f 1619//1619 1634//1634 1618//1618
f 1620//1620 1636//1636 1635//1635
f 1620//1620 1635//1635 1619//1619
f 1605//1605 1621//1621 1636//1636
f 1605//1605 1636//1636 1620//1620
f 1637//1637 1654//1654 1653//1653
f 1637//1637 1653//1653 1646//1646
f 1647//1647 1655//1655 1654//1654
f 1647//1647 1654//1654 1637//1637
f 1648//1648 1656//1656 1655//1655
f 1648//1648 1655//1655 1647//1647
f 1638//1638 1657//1657 1656//1656
f 1638//1638 1656//1656 1648//1648
f 1649//1649 1658//1658 1657//1657
f 1649//1649 1657//1657 1638//1638
f 1645//1645 1659//1659 1658//1658
f 1645//1645 1658//1658 1649//1649
f 1639//1639 1660//1660 1659//1659
f 1639//1639 1659//1659 1645//1645
f 1650//1650 1661//1661 1660//1660
f 1650//1650 1660//1660 1639//1639
f 1640//1640 1662//1662 1661//1661
f 1640//1640 1661//1661 1650//1650
f 1641//1641 1663//1663 1662//1662
f 1641//1641 1662//1662 1640//1640
f 1642//1642 1664//1664 1663//1663
f 1642//1642 1663//1663 1641//1641
f 1651//1651 1665//1665 1664//1664
f 1651//1651 1664//1664 1642//1642
f 1643//1643 1666//1666 1665//1665
f 1643//1643 1665//1665 1651//1651
f 1644//1644 1667//1667 1666//1666
f 1644//1644 1666//1666 1643//1643
f 1652//1652 1668//1668 1667//1667
f 1652//1652 1667//1667 1644//1644
f 1646//1646 1653//1653 1668//1668
f 1646//1646 1668//1668 1652//1652
f 1654//1654 1679//1679 1678//1678
f 1654//1654 1678//1678 1653//1653
f 1655//1655 1680//1680 1679//1679
f 1655//1655 1679//1679 1654//1654
f 1656//1656 1669//1669 1680//1680
f 1656//1656 1680//1680 1655//1655
f 1657//1657 1670//1670 1669//1669
f 1657//1657 1669//1669 1656//1656
f 1658//1658 1671//1671 1670//1670
f 1658//1658 1670//1670 1657//1657
f 1659//1659 1672//1672 1671//1671
f 1659//1659 1671//1671 1658//1658
f 1660//1660 1683//1683 1672//1672
f 1660//1660 1672//1672 1659//1659
f 1661//1661 1673//1673 1683//1683
f 1661//1661 1683//1683 1660//1660
f 1662//1662 1681//1681 1673//1673
f 1662//1662 1673//1673 1661//1661
f 1663//1663 1682//1682 1681//1681
f 1663//1663 1681//1681 1662//1662
f 1664//1664 1674//1674 1682//1682
f 1664//1664 1682//1682 1663//1663
f 1665//1665 1675//1675 1674//1674
f 1665//1665 1674//1674 1664//1664
f 1666//1666 1676//1676 1675//1675
f 1666//1666 1675//1675 1665//1665
f 1667//1667 1677//1677 1676//1676
f 1667//1667 1676//1676 1666//1666
f 1668//1668 1684//1684 1677//1677
f 1668//1668 1677//1677 1667//1667
f 1653//1653 1678//1678 1684//1684
f 1653//1653 1684//1684 1668//1668
f 1679//1679 1685//1685 1689//1689
f 1679//1679 1689//1689 1678//1678
f 1680//1680 1690//1690 1685//1685
f 1680//1680 1685//1685 1679//1679
f 1669//1669 1688//1688 1690//1690
f 1669//1669 1690//1690 1680//1680
f 1670//1670 1691//1691 1688//1688
f 1670//1670 1688//1688 1669//1669
f 1671//1671 1692//1692 1691//1691
f 1671//1671 1691//1691 1670//1670
f 1672//1672 1693//1693 1692//1692
f 1672//1672 1692//1692 1671//1671
f 1683//1683 1694//1694 1693//1693
f 1683//1683 1693//1693 1672//1672
f 1673//1673 1695//1695 1694//1694
f 1673//1673 1694//1694 1683//1683
f 1681//1681 1696//1696 1695//1695
f 1681//1681 1695//1695 1673//1673
f 1682//1682 1697//1697 1696//1696
f 1682//1682 1696//1696 1681//1681
f 1674//1674 1686//1686 1697//1697
f 1674//1674 1697//1697 1682//1682
f 1675//1675 1687//1687 1686//1686
f 1675//1675 1686//1686 1674//1674
f 1676//1676 1698//1698 1687//1687
f 1676//1676 1687//1687 1675//1675
f 1677//1677 1699//1699 1698//1698
f 1677//1677 1698//1698 1676//1676
f 1684//1684 1700//1700 1699//1699
f 1684//1684 1699//1699 1677//1677
f 1678//1678 1689//1689 1700//1700
f 1678//1678 1700//1700 1684//1684
f 1685//1685 1711//1711 1709//1709
f 1685//1685 1709//1709 1689//1689
f 1690//1690 1710//1710 1711//1711
f 1690//1690 1711//1711 1685//1685
f 1688//1688 1712//1712 1710//1710
f 1688//1688 1710//1710 1690//1690
f 1691//1691 1701//1701 1712//1712
f 1691//1691 1712//1712 1688//1688
f 1692//1692 1702//1702 1701//1701
f 1692//1692 1701//1701 1691//1691
f 1693//1693 1713//1713 1702//1702
f 1693//1693 1702//1702 1692//1692
f 1694//1694 1703//1703 1713//1713
f 1694//1694 1713//1713 1693//1693
f 1695//1695 1704//1704 1703//1703
f 1695//1695 1703//1703 1694//1694
f 1696//1696 1705//1705 1704//1704
f 1696//1696 1704//1704 1695//1695
f 1697//1697 1706//1706 1705//1705
f 1697//1697 1705//1705 1696//1696
f 1686//1686 1707//1707 1706//1706
f 1686//1686 1706//1706 1697//1697
f 1687//1687 1714//1714 1707//1707
f 1687//1687 1707//1707 1686//1686
f 1698//1698 1715//1715 1714//1714
f 1698//1698 1714//1714 1687//1687
f 1699//1699 1708//1708 1715//1715
f 1699//1699 1715//1715 1698//1698
f 1700//1700 1716//1716 1708//1708
f 1700//1700 1708//1708 1699//1699
f 1689//1689 1709//1709 1716//1716
f 1689//1689 1716//1716 1700//1700
f 1711//1711 1726//1726 1725//1725
f 1711//1711 1725//1725 1709//1709
f 1710//1710 1731//1731 1726//1726
f 1710//1710 1726//1726 1711//1711
f 1712//1712 1717//1717 1731//1731
f 1712//1712 1731//1731 1710//1710
f 1701//1701 1727//1727 1717//1717
f 1701//1701 1717//1717 1712//1712
f 1702//1702 1720//1720 1727//1727
f 1702//1702 1727//1727 1701//1701
f 1713//1713 1721//1721 1720//1720
f 1713//1713 1720//1720 1702//1702
f 1703//1703 1718//1718 1721//1721
f 1703//1703 1721//1721 1713//1713
f 1704//1704 1728//1728 1718//1718
f 1704//1704 1718//1718 1703//1703
f 1705//1705 1722//1722 1728//1728
f 1705//1705 1728//1728 1704//1704
f 1706//1706 1719//1719 1722//1722
f 1706//1706 1722//1722 1705//1705
f 1707//1707 1723//1723 1719//1719
f 1707//1707 1719//1719 1706//1706
f 1714//1714 1732//1732 1723//1723
f 1714//1714 1723//1723 1707//1707
f 1715//1715 1729//1729 1732//1732
f 1715//1715 1732//1732 1714//1714
f 1708//1708 1724//1724 1729//1729
f 1708//1708 1729//1729 1715//1715
f 1716//1716 1730//1730 1724//1724
f 1716//1716 1724//1724 1708//1708
f 1709//1709 1725//1725 1730//1730
f 1709//1709 1730//1730 1716//1716
f 1726//1726 1734//1734 1733//1733
f 1726//1726 1733//1733 1725//1725
f 1731//1731 1743//1743 1734//1734
f 1731//1731 1734//1734 1726//1726
f 1717//1717 1735//1735 1743//1743
f 1717//1717 1743//1743 1731//1731
f 1727//1727 1736//1736 1735//1735
f 1727//1727 1735//1735 1717//1717
f 1720//1720 1744//1744 1736//1736
f 1720//1720 1736//1736 1727//1727
f 1721//1721 1745//1745 1744//1744
f 1721//1721 1744//1744 1720//1720
f 1718//1718 1746//1746 1745//1745
f 1718//1718 1745//1745 1721//1721
f 1728//1728 1747//1747 1746//1746
f 1728//1728 1746//1746 1718//1718
f 1722//1722 1737//1737 1747//1747
f 1722//1722 1747//1747 1728//1728
f 1719//1719 1738//1738 1737//1737
f 1719//1719 1737//1737 1722//1722
f 1723//1723 1739//1739 1738//1738
f 1723//1723 1738//1738 1719//1719
f 1732//1732 1748//1748 1739//1739
f 1732//1732 1739//1739 1723//1723
f 1729//1729 1740//1740 1748//1748
f 1729//1729 1748//1748 1732//1732
f 1724//1724 1741//1741 1740//1740
f 1724//1724 1740//1740 1729//1729
f 1730//1730 1742//1742 1741//1741
f 1730//1730 1741//1741 1724//1724
f 1725//1725 1733//1733 1742//1742
f 1725//1725 1742//1742 1730//1730
f 1734//1734 1757//1757 1760//1760
f 1734//1734 1760//1760 1733//1733
f 1743//1743 1758//1758 1757//1757
f 1743//1743 1757//1757 1734//1734
f 1735//1735 1753//1753 1758//1758
f 1735//1735 1758//1758 1743//1743
f 1736//1736 1754//1754 1753//1753
f 1736//1736 1753//1753 1735//1735
f 1744//1744 1755//1755 1754//1754
f 1744//1744 1754//1754 1736//1736
f 1745//1745 1761//1761 1755//1755
f 1745//1745 1755//1755 1744//1744
f 1746//1746 1762//1762 1761//1761
f 1746//1746 1761//1761 1745//1745
f 1747//1747 1756//1756 1762//1762
f 1747//1747 1762//1762 1746//1746
f 1737//1737 1763//1763 1756//1756
f 1737//1737 1756//1756 1747//1747
f 1738//1738 1749//1749 1763//1763
f 1738//1738 1763//1763 1737//1737
f 1739//1739 1750//1750 1749//1749
f 1739//1739 1749//1749 1738//1738
f 1748//1748 1764//1764 1750//1750
f 1748//1748 1750//1750 1739//1739
f 1740//1740 1759//1759 1764//1764
f 1740//1740 1764//1764 1748//1748
f 1741//1741 1751//1751 1759//1759
f 1741//1741 1759//1759 1740//1740
f 1742//1742 1752//1752 1751//1751
f 1742//1742 1751//1751 1741//1741
f 1733//1733 1760//1760 1752//1752
f 1733//1733 1752//1752 1742//1742
f 1757//1757 1765//1765 1780//1780
f 1757//1757 1780//1780 1760//1760
f 1758//1758 1768//1768 1765//1765
f 1758//1758 1765//1765 1757//1757
f 1753//1753 1769//1769 1768//1768
f 1753//1753 1768//1768 1758//1758
f 1754//1754 1766//1766 1769//1769
f 1754//1754 1769//1769 1753//1753
f 1755//1755 1767//1767 1766//1766
f 1755//1755 1766//1766 1754//1754
f 1761//1761 1770//1770 1767//1767
f 1761//1761 1767//1767 1755//1755
f 1762//1762 1771//1771 1770//1770
f 1762//1762 1770//1770 1761//1761
f 1756//1756 1772//1772 1771//1771
f 1756//1756 1771//1771 1762//1762
f 1763//1763 1773//1773 1772//1772
f 1763//1763 1772//1772 1756//1756
f 1749//1749 1774//1774 1773//1773
f 1749//1749 1773//1773 1763//1763
f 1750//1750 1775//1775 1774//1774
f 1750//1750 1774//1774 1749//1749
f 1764//1764 1776//1776 1775//1775
f 1764//1764 1775//1775 1750//1750
f 1759//1759 1777//1777 1776//1776
f 1759//1759 1776//1776 1764//1764
f 1751//1751 1778//1778 1777//1777
f 1751//1751 1777//1777 1759//1759
f 1752//1752 1779//1779 1778//1778
f 1752//1752 1778//1778 1751//1751
f 1760//1760 1780//1780 1779//1779
f 1760//1760 1779//1779 1752//1752
f 1765//1765 1789//1789 1781//1781
f 1765//1765 1781//1781 1780//1780
f 1768//1768 1782//1782 1789//1789
f 1768//1768 1789//1789 1765//1765
f 1769//1769 1783//1783 1782//1782
f 1769//1769 1782//1782 1768//1768
f 1766//1766 1790//1790 1783//1783
f 1766//1766 1783//1783 1769//1769
f 1767//1767 1791//1791 1790//1790
f 1767//1767 1790//1790 1766//1766
f 1770//1770 1792//1792 1791//1791
f 1770//1770 1791//1791 1767//1767
f 1771//1771 1784//1784 1792//1792
f 1771//1771 1792//1792 1770//1770
f 1772//1772 1785//1785 1784//1784
f 1772//1772 1784//1784 1771//1771
f 1773//1773 1793//1793 1785//1785
f 1773//1773 1785//1785 1772//1772
f 1774//1774 1794//1794 1793//1793
f 1774//1774 1793//1793 1773//1773
f 1775//1775 1786//1786 1794//1794
f 1775//1775 1794//1794 1774//1774
f 1776//1776 1787//1787 1786//1786
f 1776//1776 1786//1786 1775//1775
f 1777//1777 1788//1788 1787//1787
f 1777//1777 1787//1787 1776//1776
f 1778//1778 1795//1795 1788//1788
f 1778//1778 1788//1788 1777//1777
f 1779//1779 1796//1796 1795//1795
f 1779//1779 1795//1795 1778//1778
f 1780//1780 1781//1781 1796//1796
f 1780//1780 1796//1796 1779//1779
f 1789//1789 1811//1811 1797//1797
f 1789//1789 1797//1797 1781//1781
f 1782//1782 1798//1798 1811//1811
f 1782//1782 1811//1811 1789//1789
f 1783//1783 1799//1799 1798//1798
f 1783//1783 1798//1798 1782//1782
f 1790//1790 1800//1800 1799//1799
f 1790//1790 1799//1799 1783//1783
f 1791//1791 1801//1801 1800//1800
f 1791//1791 1800//1800 1790//1790
f 1792//1792 1805//1805 1801//1801
f 1792//1792 1801//1801 1791//1791
f 1784//1784 1802//1802 1805//1805
f 1784//1784 1805//1805 1792//1792
f 1785//1785 1806//1806 1802//1802
f 1785//1785 1802//1802 1784//1784
f 1793//1793 1807//1807 1806//1806
f 1793//1793 1806//1806 1785//1785
f 1794//1794 1803//1803 1807//1807
f 1794//1794 1807//1807 1793//1793
f 1786//1786 1804//1804 1803//1803
f 1786//1786 1803//1803 1794//1794
f 1787//1787 1808//1808 1804//1804
f 1787//1787 1804//1804 1786//1786
f 1788//1788 1809//1809 1808//1808
f 1788//1788 1808//1808 1787//1787
f 1795//1795 1812//1812 1809//1809
f 1795//1795 1809//1809 1788//1788
f 1796//1796 1810//1810 1812//1812
f 1796//1796 1812//1812 1795//1795
f 1781//1781 1797//1797 1810//1810
f 1781//1781 1810//1810 1796//1796
f 1811//1811 1820//1820 1813//1813
f 1811//1811 1813//1813 1797//1797
f 1798//1798 1814//1814 1820//1820
f 1798//1798 1820//1820 1811//1811
f 1799//1799 1821//1821 1814//1814
f 1799//1799 1814//1814 1798//1798
f 1800//1800 1822//1822 1821//1821
f 1800//1800 1821//1821 1799//1799
f 1801//1801 1815//1815 1822//1822
f 1801//1801 1822//1822 1800//1800
f 1805//1805 1823//1823 1815//1815
f 1805//1805 1815//1815 1801//1801
f 1802//1802 1816//1816 1823//1823
f 1802//1802 1823//1823 1805//1805
f 1806//1806 1824//1824 1816//1816
f 1806//1806 1816//1816 1802//1802
f 1807//1807 1817//1817 1824//1824
f 1807//1807 1824//1824 1806//1806
f 1803//1803 1825//1825 1817//1817
f 1803//1803 1817//1817 1807//1807
f 1804//1804 1826//1826 1825//1825
f 1804//1804 1825//1825 1803//1803
f 1808//1808 1827//1827 1826//1826
f 1808//1808 1826//1826 1804//1804
f 1809//1809 1828//1828 1827//1827
f 1809//1809 1827//1827 1808//1808
f 1812//1812 1818//1818 1828//1828
f 1812//1812 1828//1828 1809//1809
f 1810//1810 1819//1819 1818//1818
f 1810//1810 1818//1818 1812//1812
f 1797//1797 1813//1813 1819//1819
f 1797//1797 1819//1819 1810//1810
f 1820//1820 1836//1836 1829//1829
f 1820//1820 1829//1829 1813//1813
f 1814//1814 1837//1837 1836//1836
f 1814//1814 1836//1836 1820//1820
f 1821//1821 1838//1838 1837//1837
f 1821//1821 1837//1837 1814//1814
f 1822//1822 1830//1830 1838//1838
f 1822//1822 1838//1838 1821//1821
f 1815//1815 1839//1839 1830//1830
f 1815//1815 1830//1830 1822//1822
f 1823//1823 1831//1831 1839//1839
f 1823//1823 1839//1839 1815//1815
f 1816//1816 1840//1840 1831//1831
f 1816//1816 1831//1831 1823//1823
f 1824//1824 1841//1841 1840//1840
f 1824//1824 1840//1840 1816//1816
f 1817//1817 1842//1842 1841//1841
f 1817//1817 1841//1841 1824//1824
f 1825//1825 1832//1832 1842//1842
f 1825//1825 1842//1842 1817//1817
f 1826//1826 1833//1833 1832//1832
f 1826//1826 1832//1832 1825//1825
f 1827//1827 1834//1834 1833//1833
f 1827//1827 1833//1833 1826//1826
f 1828//1828 1843//1843 1834//1834
f 1828//1828 1834//1834 1827//1827
f 1818//1818 1844//1844 1843//1843
f 1818//1818 1843//1843 1828//1828
f 1819//1819 1835//1835 1844//1844
f 1819//1819 1844//1844 1818//1818
f 1813//1813 1829//1829 1835//1835
f 1813//1813 1835//1835 1819//1819
f 1836//1836 1857//1857 1845//1845
f 1836//1836 1845//1845 1829//1829
f 1837//1837 1858//1858 1857//1857
f 1837//1837 1857//1857 1836//1836
f 1838//1838 1846//1846 1858//1858
f 1838//1838 1858//1858 1837//1837
f 1830//1830 1850//1850 1846//1846
f 1830//1830 1846//1846 1838//1838
f 1839//1839 1859//1859 1850//1850
f 1839//1839 1850//1850 1830//1830
f 1831//1831 1847//1847 1859//1859
f 1831//1831 1859//1859 1839//1839
f 1840//1840 1848//1848 1847//1847
f 1840//1840 1847//1847 1831//1831
f 1841//1841 1854//1854 1848//1848
f 1841//1841 1848//1848 1840//1840
f 1842//1842 1855//1855 1854//1854
f 1842//1842 1854//1854 1841//1841
f 1832//1832 1860//1860 1855//1855
f 1832//1832 1855//1855 1842//1842
f 1833//1833 1851//1851 1860//1860
f 1833//1833 1860//1860 1832//1832
f 1834//1834 1852//1852 1851//1851
f 1834//1834 1851//1851 1833//1833
f 1843//1843 1856//1856 1852//1852
f 1843//1843 1852//1852 1834//1834
f 1844//1844 1849//1849 1856//1856
f 1844//1844 1856//1856 1843//1843
f 1835//1835 1853//1853 1849//1849
f 1835//1835 1849//1849 1844//1844
f 1829//1829 1845//1845 1853//1853
f 1829//1829 1853//1853 1835//1835
f 1857//1857 1862//1862 1861//1861
f 1857//1857 1861//1861 1845//1845
f 1858//1858 1868//1868 1862//1862
f 1858//1858 1862//1862 1857//1857
f 1846//1846 1863//1863 1868//1868
f 1846//1846 1868//1868 1858//1858
f 1850//1850 1869//1869 1863//1863
f 1850//1850 1863//1863 1846//1846
f 1859//1859 1873//1873 1869//1869
f 1859//1859 1869//1869 1850//1850
f 1847//1847 1864//1864 1873//1873
f 1847//1847 1873//1873 1859//1859
f 1848//1848 1865//1865 1864//1864
f 1848//1848 1864//1864 1847//1847
f 1854//1854 1870//1870 1865//1865
f 1854//1854 1865//1865 1848//1848
f 1855//1855 1866//1866 1870//1870
f 1855//1855 1870//1870 1854//1854
f 1860//1860 1871//1871 1866//1866
f 1860//1860 1866//1866 1855//1855
f 1851//1851 1874//1874 1871//1871
f 1851//1851 1871//1871 1860//1860
f 1852//1852 1872//1872 1874//1874
f 1852//1852 1874//1874 1851//1851
f 1856//1856 1875//1875 1872//1872
f 1856//1856 1872//1872 1852//1852
f 1849//1849 1867//1867 1875//1875
f 1849//1849 1875//1875 1856//1856
f 1853//1853 1876//1876 1867//1867
f 1853//1853 1867//1867 1849//1849
f 1845//1845 1861//1861 1876//1876
f 1845//1845 1876//1876 1853//1853
f 1862//1862 1885//1885 1877//1877
f 1862//1862 1877//1877 1861//1861
f 1868//1868 1886//1886 1885//1885
f 1868//1868 1885//1885 1862//1862
f 1863//1863 1887//1887 1886//1886
f 1863//1863 1886//1886 1868//1868
f 1869//1869 1878//1878 1887//1887
f 1869//1869 1887//1887 1863//1863
f 1873//1873 1879//1879 1878//1878
f 1873//1873 1878//1878 1869//1869
f 1864//1864 1888//1888 1879//1879
f 1864//1864 1879//1879 1873//1873
f 1865//1865 1889//1889 1888//1888
f 1865//1865 1888//1888 1864//1864
f 1870//1870 1880//1880 1889//1889
f 1870//1870 1889//1889 1865//1865
f 1866//1866 1890//1890 1880//1880
f 1866//1866 1880//1880 1870//1870
f 1871//1871 1881//1881 1890//1890
f 1871//1871 1890//1890 1866//1866
f 1874//1874 1882//1882 1881//1881
f 1874//1874 1881//1881 1871//1871
f 1872//1872 1883//1883 1882//1882
f 1872//1872 1882//1882 1874//1874
f 1875//1875 1891//1891 1883//1883
f 1875//1875 1883//1883 1872//1872
f 1867//1867 1884//1884 1891//1891
f 1867//1867 1891//1891 1875//1875
f 1876//1876 1892//1892 1884//1884
f 1876//1876 1884//1884 1867//1867
f 1861//1861 1877//1877 1892//1892
f 1861//1861 1892//1892 1876//1876
f 1885//1885 1894//1894 1893//1893
f 1885//1885 1893//1893 1877//1877
f 1886//1886 1900//1900 1894//1894
f 1886//1886 1894//1894 1885//1885
f 1887//1887 1895//1895 1900//1900
f 1887//1887 1900//1900 1886//1886
f 1878//1878 1907//1907 1895//1895
f 1878//1878 1895//1895 1887//1887
f 1879//1879 1896//1896 1907//1907
f 1879//1879 1907//1907 1878//1878
f 1888//1888 1901//1901 1896//1896
f 1888//1888 1896//1896 1879//1879
f 1889//1889 1908//1908 1901//1901
f 1889//1889 1901//1901 1888//1888
f 1880//1880 1902//1902 1908//1908
f 1880//1880 1908//1908 1889//1889
f 1890//1890 1903//1903 1902//1902
f 1890//1890 1902//1902 1880//1880
f 1881//1881 1904//1904 1903//1903
f 1881//1881 1903//1903 1890//1890
f 1882//1882 1897//1897 1904//1904
f 1882//1882 1904//1904 1881//1881
f 1883//1883 1898//1898 1897//1897
f 1883//1883 1897//1897 1882//1882
f 1891//1891 1905//1905 1898//1898
f 1891//1891 1898//1898 1883//1883
f 1884//1884 1899//1899 1905//1905
f 1884//1884 1905//1905 1891//1891
f 1892//1892 1906//1906 1899//1899
f 1892//1892 1899//1899 1884//1884
f 1877//1877 1893//1893 1906//1906
f 1877//1877 1906//1906 1892//1892
f 1894//1894 1909//1909 1922//1922
f 1894//1894 1922//1922 1893//1893
f 1900//1900 1910//1910 1909//1909
f 1900//1900 1909//1909 1894//1894
f 1895//1895 1911//1911 1910//1910
f 1895//1895 1910//1910 1900//1900
f 1907//1907 1912//1912 1911//1911
f 1907//1907 1911//1911 1895//1895
f 1896//1896 1913//1913 1912//1912
f 1896//1896 1912//1912 1907//1907
f 1901//1901 1914//1914 1913//1913
f 1901//1901 1913//1913 1896//1896
f 1908//1908 1920//1920 1914//1914
f 1908//1908 1914//1914 1901//1901
f 1902//1902 1923//1923 1920//1920
f 1902//1902 1920//1920 1908//1908
f 1903//1903 1915//1915 1923//1923
f 1903//1903 1923//1923 1902//1902
f 1904//1904 1916//1916 1915//1915
f 1904//1904 1915//1915 1903//1903
f 1897//1897 1917//1917 1916//1916
f 1897//1897 1916//1916 1904//1904
f 1898//1898 1918//1918 1917//1917
f 1898//1898 1917//1917 1897//1897
f 1905//1905 1921//1921 1918//1918
f 1905//1905 1918//1918 1898//1898
f 1899//1899 1919//1919 1921//1921
f 1899//1899 1921//1921 1905//1905
f 1906//1906 1924//1924 1919//1919
f 1906//1906 1919//1919 1899//1899
f 1893//1893 1922//1922 1924//1924
f 1893//1893 1924//1924 1906//1906
f 1909//1909 1926//1926 1925//1925
f 1909//1909 1925//1925 1922//1922
f 1910//1910 1927//1927 1926//1926
f 1910//1910 1926//1926 1909//1909
f 1911//1911 1928//1928 1927//1927
f 1911//1911 1927//1927 1910//1910
f 1912//1912 1929//1929 1928//1928
f 1912//1912 1928//1928 1911//1911
f 1913//1913 1930//1930 1929//1929
f 1913//1913 1929//1929 1912//1912
f 1914//1914 1931//1931 1930//1930
f 1914//1914 1930//1930 1913//1913
f 1920//1920 1932//1932 1931//1931
f 1920//1920 1931//1931 1914//1914
f 1923//1923 1933//1933 1932//1932
f 1923//1923 1932//1932 1920//1920
f 1915//1915 1934//1934 1933//1933
f 1915//1915 1933//1933 1923//1923
f 1916//1916 1935//1935 1934//1934
f 1916//1916 1934//1934 1915//1915
f 1917//1917 1936//1936 1935//1935
f 1917//1917 1935//1935 1916//1916
f 1918//1918 1937//1937 1936//1936
f 1918//1918 1936//1936 1917//1917
f 1921//1921 1938//1938 1937//1937
f 1921//1921 1937//1937 1918//1918
f 1919//1919 1939//1939 1938//1938
f 1919//1919 1938//1938 1921//1921
f 1924//1924 1940//1940 1939//1939
f 1924//1924 1939//1939 1919//1919
f 1922//1922 1925//1925 1940//1940
f 1922//1922 1940//1940 1924//1924
f 1926//1926 1955//1955 1951//1951
f 1926//1926 1951//1951 1925//1925
f 1927//1927 1952//1952 1955//1955
f 1927//1927 1955//1955 1926//1926
f 1928//1928 1941//1941 1952//1952
f 1928//1928 1952//1952 1927//1927
f 1929//1929 1953//1953 1941//1941
f 1929//1929 1941//1941 1928//1928
f 1930//1930 1956//1956 1953//1953
f 1930//1930 1953//1953 1929//1929
f 1931//1931 1942//1942 1956//1956
f 1931//1931 1956//1956 1930//1930
f 1932//1932 1943//1943 1942//1942
f 1932//1932 1942//1942 1931//1931
f 1933//1933 1944//1944 1943//1943
f 1933//1933 1943//1943 1932//1932
f 1934//1934 1945//1945 1944//1944
f 1934//1934 1944//1944 1933//1933
f 1935//1935 1954//1954 1945//1945
f 1935//1935 1945//1945 1934//1934
f 1936//1936 1946//1946 1954//1954
f 1936//1936 1954//1954 1935//1935
f 1937//1937 1947//1947 1946//1946
f 1937//1937 1946//1946 1936//1936
f 1938//1938 1948//1948 1947//1947
f 1938//1938 1947//1947 1937//1937
f 1939//1939 1949//1949 1948//1948
f 1939//1939 1948//1948 1938//1938
f 1940//1940 1950//1950 1949//1949
f 1940//1940 1949//1949 1939//1939
f 1925//1925 1951//1951 1950//1950
f 1925//1925 1950//1950 1940//1940
f 1955//1955 1969//1969 1957//1957
f 1955//1955 1957//1957 1951//1951
f 1952//1952 1958//1958 1969//1969
f 1952//1952 1969//1969 1955//1955
f 1941//1941 1959//1959 1958//1958
f 1941//1941 1958//1958 1952//1952
f 1953//1953 1960//1960 1959//1959
f 1953//1953 1959//1959 1941//1941
f 1956//1956 1961//1961 1960//1960
f 1956//1956 1960//1960 1953//1953
f 1942//1942 1962//1962 1961//1961
f 1942//1942 1961//1961 1956//1956
f 1943//1943 1970//1970 1962//1962
f 1943//1943 1962//1962 1942//1942
f 1944//1944 1963//1963 1970//1970
f 1944//1944 1970//1970 1943//1943
f 1945//1945 1964//1964 1963//1963
f 1945//1945 1963//1963 1944//1944
f 1954//1954 1967//1967 1964//1964
f 1954//1954 1964//1964 1945//1945
f 1946//1946 1971//1971 1967//1967
f 1946//1946 1967//1967 1954//1954
f 1947//1947 1965//1965 1971//1971
f 1947//1947 1971//1971 1946//1946
f 1948//1948 1968//1968 1965//1965
f 1948//1948 1965//1965 1947//1947
f 1949//1949 1972//1972 1968//1968
f 1949//1949 1968//1968 1948//1948
f 1950//1950 1966//1966 1972//1972
f 1950//1950 1972//1972 1949//1949
f 1951//1951 1957//1957 1966//1966
f 1951//1951 1966//1966 1950//1950
f 1974//1974 1994//1994 2001//2001
f 1974//1974 2001//2001 1973//1973
f 1975//1975 1995//1995 1994//1994
f 1975//1975 1994//1994 1974//1974
f 1982//1982 1989//1989 1995//1995
f 1982//1982 1995//1995 1975//1975
f 1983//1983 2002//2002 1989//1989
f 1983//1983 1989//1989 1982//1982
f 1984//1984 2003//2003 2002//2002
f 1984//1984 2002//2002 1983//1983
f 1976//1976 1996//1996 2003//2003
f 1976//1976 2003//2003 1984//1984
f 1977//1977 1997//1997 1996//1996
f 1977//1977 1996//1996 1976//1976
f 1985//1985 1991//1991 1997//1997
f 1985//1985 1997//1997 1977//1977
f 1978//1978 1990//1990 1991//1991
f 1978//1978 1991//1991 1985//1985
f 1979//1979 1992//1992 1990//1990
f 1979//1979 1990//1990 1978//1978
f 1980//1980 1998//1998 1992//1992
f 1980//1980 1992//1992 1979//1979
f 1986//1986 1993//1993 1998//1998
f 1986//1986 1998//1998 1980//1980
f 1981//1981 1999//1999 1993//1993
f 1981//1981 1993//1993 1986//1986
f 1987//1987 2000//2000 1999//1999
f 1987//1987 1999//1999 1981//1981
f 1988//1988 2004//2004 2000//2000
f 1988//1988 2000//2000 1987//1987
f 1973//1973 2001//2001 2004//2004
f 1973//1973 2004//2004 1988//1988
f 2009//2009 2021//2021 2020//2020
f 2009//2009 2020//2020 2005//2005
f 2010//2010 2022//2022 2021//2021
f 2010//2010 2021//2021 2009//2009
f 2012//2012 2029//2029 2023//2023
f 2012//2012 2023//2023 2011//2011
f 2013//2013 2030//2030 2029//2029
f 2013//2013 2029//2029 2012//2012
f 2006//2006 2024//2024 2030//2030
f 2006//2006 2030//2030 2013//2013
f 2007//2007 2025//2025 2024//2024
f 2007//2007 2024//2024 2006//2006
f 2014//2014 2026//2026 2025//2025
f 2014//2014 2025//2025 2007//2007
f 2008//2008 2027//2027 2026//2026
f 2008//2008 2026//2026 2014//2014
f 2015//2015 2031//2031 2027//2027
f 2015//2015 2027//2027 2008//2008
f 2016//2016 2032//2032 2031//2031
f 2016//2016 2031//2031 2015//2015
f 2017//2017 2033//2033 2032//2032
f 2017//2017 2032//2032 2016//2016
f 2018//2018 2034//2034 2033//2033
f 2018//2018 2033//2033 2017//2017
f 2019//2019 2035//2035 2034//2034
f 2019//2019 2034//2034 2018//2018
f 2005//2005 2020//2020 2035//2035
f 2005//2005 2035//2035 2019//2019
f 2002//2002 2003//2003 2037//2037
f 2002//2002 2037//2037 2036//2036
f 1996//1996 1997//1997 2039//2039
f 1996//1996 2039//2039 2038//2038
f 1999//1999 2000//2000 2041//2041
f 1999//1999 2041//2041 2040//2040
f 2004//2004 2001//2001 2042//2042
f 2004//2004 2042//2042 2043//2043
f 2001//2001 1994//1994 2044//2044
f 2001//2001 2044//2044 2042//2042
f 2000//2000 2004//2004 2043//2043
f 2000//2000 2043//2043 2041//2041
f 1991//1991 1990//1990 2045//2045
f 1991//1991 2045//2045 2046//2046
f 1990//1990 1992//1992 2047//2047
f 1990//1990 2047//2047 2045//2045
f 1997//1997 1991//1991 2046//2046
f 1997//1997 2046//2046 2039//2039
f 1993//1993 1999//1999 2040//2040
f 1993//1993 2040//2040 2048//2048
f 1992//1992 1998//1998 2049//2049
f 1992//1992 2049//2049 2047//2047
f 1998//1998 1993//1993 2048//2048
f 1998//1998 2048//2048 2049//2049
f 1994//1994 1995//1995 2050//2050
f 1994//1994 2050//2050 2044//2044
f 1995//1995 1989//1989 2051//2051
f 1995//1995 2051//2051 2050//2050
f 2003//2003 1996//1996 2038//2038
f 2003//2003 2038//2038 2037//2037
f 1989//1989 2002//2002 2036//2036
f 1989//1989 2036//2036 2051//2051
f 2011//2011 2023//2023 2028//2028
f 2011//2011 2028//2028 2052//2052
f 2010//2010 2052//2052 2028//2028
f 2010//2010 2028//2028 2022//2022
f 2011//2011 2052//2052 2049//2049
f 2011//2011 2049//2049 2048//2048
f 2011//2011 2048//2048 2040//2040
f 2011//2011 2040//2040 2012//2012
f 2012//2012 2040//2040 2041//2041
f 2012//2012 2041//2041 2013//2013
f 2006//2006 2013//2013 2041//2041
f 2006//2006 2041//2041 2043//2043
f 2006//2006 2043//2043 2042//2042
f 2006//2006 2042//2042 2007//2007
f 2007//2007 2042//2042 2044//2044
f 2007//2007 2044//2044 2014//2014
f 2008//2008 2014//2014 2044//2044
f 2008//2008 2044//2044 2050//2050
f 2008//2008 2050//2050 2051//2051
f 2008//2008 2051//2051 2015//2015
f 2015//2015 2051//2051 2036//2036
f 2015//2015 2036//2036 2016//2016
f 2016//2016 2036//2036 2037//2037
f 2016//2016 2037//2037 2017//2017
f 2017//2017 2037//2037 2038//2038
f 2017//2017 2038//2038 2018//2018
f 2018//2018 2038//2038 2039//2039
f 2018//2018 2039//2039 2019//2019
f 2005//2005 2019//2019 2039//2039
f 2005//2005 2039//2039 2046//2046
f 2005//2005 2046//2046 2045//2045
f 2005//2005 2045//2045 2009//2009
f 2009//2009 2045//2045 2047//2047
f 2009//2009 2047//2047 2010//2010
f 2047//2047 2049//2049 2052//2052
f 2047//2047 2052//2052 2010//2010
f 1967//1967 1971//1971 1982//1982
f 1967//1967 1982//1982 1975//1975
f 1971//1971 1965//1965 1983//1983
f 1971//1971 1983//1983 1982//1982
f 1965//1965 1968//1968 1984//1984
f 1965//1965 1984//1984 1983//1983
f 1968//1968 1972//1972 1976//1976
f 1968//1968 1976//1976 1984//1984
f 1972//1972 1966//1966 1977//1977
f 1972//1972 1977//1977 1976//1976
f 1966//1966 1957//1957 1985//1985
f 1966//1966 1985//1985 1977//1977
f 1969//1969 1978//1978 1985//1985
f 1969//1969 1985//1985 1957//1957
f 1964//1964 1967//1967 1975//1975
f 1964//1964 1975//1975 1974//1974
f 1963//1963 1964//1964 1974//1974
f 1963//1963 1974//1974 1973//1973
f 1970//1970 1963//1963 1973//1973
f 1970//1970 1973//1973 1988//1988
f 1962//1962 1970//1970 1988//1988
f 1962//1962 1988//1988 1987//1987
f 1961//1961 1962//1962 1987//1987
f 1961//1961 1987//1987 1981//1981
f 1960//1960 1961//1961 1981//1981
f 1960//1960 1981//1981 1986//1986
f 1959//1959 1960//1960 1986//1986
f 1959//1959 1986//1986 1980//1980
f 1958//1958 1959//1959 1980//1980
f 1958//1958 1980//1980 1979//1979
f 1978//1978 1969//1969 1958//1958
f 1978//1978 1958//1958 1979//1979
f 1621//1621 1650//1650 1639//1639
f 1621//1621 1639//1639 1636//1636
f 1621//1621 1622//1622 1640//1640
f 1621//1621 1640//1640 1650//1650
f 1627//1627 1628//1628 1652//1652
f 1627//1627 1652//1652 1644//1644
f 1628//1628 1629//1629 1646//1646
f 1628//1628 1646//1646 1652//1652
f 1629//1629 1630//1630 1637//1637
f 1629//1629 1637//1637 1646//1646
f 1630//1630 1631//1631 1647//1647
f 1630//1630 1647//1647 1637//1637
f 1631//1631 1632//1632 1648//1648
f 1631//1631 1648//1648 1647//1647
f 1632//1632 1633//1633 1638//1638
f 1632//1632 1638//1638 1648//1648
f 1633//1633 1634//1634 1649//1649
f 1633//1633 1649//1649 1638//1638
f 1634//1634 1635//1635 1645//1645
f 1634//1634 1645//1645 1649//1649
f 1635//1635 1636//1636 1639//1639
f 1635//1635 1639//1639 1645//1645
f 1622//1622 1623//1623 1641//1641
f 1622//1622 1641//1641 1640//1640
f 1623//1623 1624//1624 1642//1642
f 1623//1623 1642//1642 1641//1641
f 1624//1624 1625//1625 1651//1651
f 1624//1624 1651//1651 1642//1642
f 1625//1625 1626//1626 1643//1643
f 1625//1625 1643//1643 1651//1651
f 1643//1643 1626//1626 1627//1627
f 1643//1643 1627//1627 1644//1644
f 1164//1164 1163//1163 2067//2067
f 1164//1164 2067//2067 2053//2053
f 1167//1167 1166//1166 1157//1157
f 1167//1167 1157//1157 2054//2054
f 1170//1170 1169//1169 2055//2055
f 1170//1170 2055//2055 2056//2056
f 1173//1173 1172//1172 2057//2057
f 1173//1173 2057//2057 2058//2058
f 1171//1171 1170//1170 2056//2056
f 1171//1171 2056//2056 2062//2062
f 1162//1162 1158//1158 2059//2059
f 1162//1162 2059//2059 2060//2060
f 1160//1160 1173//1173 2058//2058
f 1160//1160 2058//2058 2061//2061
f 1172//1172 1164//1164 2053//2053
f 1172//1172 2053//2053 2057//2057
f 1168//1168 1162//1162 2060//2060
f 1168//1168 2060//2060 2063//2063
f 1161//1161 1165//1165 2065//2065
f 1161//1161 2065//2065 2064//2064
f 1166//1166 1161//1161 2064//2064
f 1166//1166 2064//2064 1157//1157
f 1158//1158 1167//1167 2054//2054
f 1158//1158 2054//2054 2059//2059
f 1165//1165 1160//1160 2061//2061
f 1165//1165 2061//2061 2065//2065
f 1159//1159 1168//1168 2063//2063
f 1159//1159 2063//2063 2066//2066
f 1169//1169 1159//1159 2066//2066
f 1169//1169 2066//2066 2055//2055
f 1163//1163 1171//1171 2062//2062
f 1163//1163 2062//2062 2067//2067
f 2020//2020 2021//2021 2069//2069
f 2020//2020 2069//2069 2068//2068
f 2032//2032 2033//2033 2071//2071
f 2032//2032 2071//2071 2070//2070
f 2034//2034 2035//2035 2073//2073
f 2034//2034 2073//2073 2072//2072
f 2031//2031 2032//2032 2070//2070
f 2031//2031 2070//2070 2074//2074
f 2026//2026 2027//2027 2076//2076
f 2026//2026 2076//2076 2075//2075
f 2025//2025 2026//2026 2075//2075
f 2025//2025 2075//2075 2077//2077
f 2024//2024 2025//2025 2077//2077
f 2024//2024 2077//2077 2078//2078
f 2029//2029 2030//2030 2080//2080
f 2029//2029 2080//2080 2079//2079
f 2033//2033 2034//2034 2072//2072
f 2033//2033 2072//2072 2071//2071
f 2021//2021 2022//2022 2081//2081
f 2021//2021 2081//2081 2069//2069
f 2035//2035 2020//2020 2068//2068
f 2035//2035 2068//2068 2073//2073
f 2022//2022 2028//2028 2082//2082
f 2022//2022 2082//2082 2081//2081
f 2028//2028 2023//2023 2083//2083
f 2028//2028 2083//2083 2082//2082
f 2023//2023 2029//2029 2079//2079
f 2023//2023 2079//2079 2083//2083
f 2030//2030 2024//2024 2078//2078
f 2030//2030 2078//2078 2080//2080
f 2027//2027 2031//2031 2074//2074
f 2027//2027 2074//2074 2076//2076
f 2068//2068 2069//2069 2084//2084
f 2070//2070 2071//2071 2084//2084
f 2072//2072 2073//2073 2084//2084
f 2074//2074 2070//2070 2084//2084
f 2075//2075 2076//2076 2084//2084
f 2077//2077 2075//2075 2084//2084
f 2078//2078 2077//2077 2084//2084
f 2079//2079 2080//2080 2084//2084
f 2071//2071 2072//2072 2084//2084
f 2069//2069 2081//2081 2084//2084
f 2073//2073 2068//2068 2084//2084
f 2081//2081 2082//2082 2084//2084
f 2082//2082 2083//2083 2084//2084
f 2083//2083 2079//2079 2084//2084
f 2080//2080 2078//2078 2084//2084
f 2076//2076 2074//2074 2084//2084
f 1123//1123 1122//1122 2085//2085
f 1123//1123 2085//2085 2086//2086
f 1118//1118 1117//1117 2087//2087
f 1118//1118 2087//2087 2088//2088
f 1111//1111 1110//1110 2089//2089
f 1111//1111 2089//2089 2090//2090
f 1124//1124 1123//1123 2086//2086
f 1124//1124 2086//2086 2091//2091
f 1119//1119 1124//1124 2091//2091
f 1119//1119 2091//2091 2092//2092
f 1113//1113 1112//1112 2093//2093
f 1113//1113 2093//2093 2094//2094
f 1112//1112 1111//1111 2090//2090
f 1112//1112 2090//2090 2093//2093
f 1110//1110 1109//1109 2095//2095
f 1110//1110 2095//2095 2089//2089
f 1116//1116 1115//1115 2096//2096
f 1116//1116 2096//2096 2097//2097
f 1117//1117 1120//1120 2098//2098
f 1117//1117 2098//2098 2087//2087
f 1121//1121 1114//1114 2099//2099
f 1121//1121 2099//2099 2100//2100
f 1109//1109 1119//1119 2092//2092
f 1109//1109 2092//2092 2095//2095
f 1122//1122 1116//1116 2097//2097
f 1122//1122 2097//2097 2085//2085
f 1115//1115 1121//1121 2100//2100
f 1115//1115 2100//2100 2096//2096
f 1120//1120 1113//1113 2094//2094
f 1120//1120 2094//2094 2098//2098
f 1114//1114 1118//1118 2088//2088
f 1114//1114 2088//2088 2099//2099
f 2088//2088 2087//2087 2101//2101
f 2090//2090 2089//2089 2101//2101
f 2092//2092 2091//2091 2101//2101
f 2094//2094 2093//2093 2101//2101
f 2093//2093 2090//2090 2101//2101
f 2089//2089 2095//2095 2101//2101
f 2097//2097 2096//2096 2101//2101
f 2087//2087 2098//2098 2101//2101
f 2100//2100 2099//2099 2101//2101
f 2095//2095 2092//2092 2101//2101
f 2085//2085 2097//2097 2101//2101
f 2096//2096 2100//2100 2101//2101
f 2098//2098 2094//2094 2101//2101
f 2099//2099 2088//2088 2101//2101
f 2101//2101 2091//2091 2102//2102
f 2101//2101 2102//2102 2103//2103
f 2085//2085 2101//2101 2103//2103
f 2085//2085 2103//2103 2104//2104
f 2091//2091 2086//2086 2105//2105
f 2091//2091 2105//2105 2102//2102
f 2086//2086 2085//2085 2104//2104
f 2086//2086 2104//2104 2105//2105
f 2102//2102 2105//2105 2103//2103
f 2105//2105 2104//2104 2103//2103
o Cylinder
usemtl borraccia_gancio grig
v 1.1595368071301815 0.7486136186285434 0.24181003224229944
v 1.15478110155083 0.7481133145824668 0.25510600163704233
v 1.1466965101107034 0.7447593670111219 0.26619834762511296
v 1.1362581548301836 0.7389563129515541 0.2737491730884607
v 1.1247250532895134 0.7314040854418291 0.2768477397362009
v 1.1134882666251829 0.7230135934567046 0.27512031321445474
v 1.1039031201892542 0.7147968569325706 0.26877524942387354
v 1.097125718408992 0.7077449310036468 0.258577854425039
v 1.093973520093778 0.7027083843992972 0.24575808198021143
v 1.0948267201930761 0.7002946944412761 0.23186218695248045
v 1.099582426290814 0.7007949983105148 0.21856621504461515
v 1.1076670115220852 0.7041489402118696 0.20747386334856652
v 1.1181053670664733 0.7099519938105652 0.19992303490083377
v 1.1296384680257352 0.7175042196643348 0.19682446254595043
v 1.1408752518360887 0.7258947077091669 0.19855188031034426
v 1.1504604069542885 0.7341114498939623 0.20489694165446204
v 1.1572378116440225 0.7411633770555238 0.21509433277921258
v 1.1603900136322622 0.7461999257446139 0.22791410276374402
v 0.7172576357258061 1.394985017986126 0.12309845493609392
v 0.7125019397831682 1.3944847206658393 0.1363944236516083
v 0.7044173605973074 1.391130783748514 0.14748677843769462
v 0.6939790089115505 1.385327734581823 0.155037614608852
v 0.6824459082289671 1.3777755106733909 0.15813619500077844
v 0.6712091207362374 1.3693850212887249 0.15640878315232842
v 0.6616239662718181 1.3611682818477717 0.15006373227997158
v 0.6548465547450688 1.3541163510847976 0.13986634701833853
v 0.6516943451562595 1.3490797979421918 0.1270465814831367
v 0.6525475363823983 1.346666102110484 0.11315068854842214
v 0.6573032247840287 1.3471663936589322 0.09985471802542699
v 0.6653878007020168 1.350520327055302 0.08876235776741145
v 0.6758261485291422 1.3563233717899885 0.0812115138728295
v 0.6873592474896616 1.3638755923918575 0.07811292392525424
v 0.6985960385013223 1.3722660824303972 0.0798403272398202
v 0.7081811987846852 1.3804828243366256 0.08618537036400899
v 0.7149586129663882 1.3875347560482034 0.0963827512802954
v 0.7181108306648031 1.3925713142123932 0.10920251330869288
v 1.1271817668805053 0.7244541571057121 0.23683610166558206
v 0.6849025892642361 1.370825559602229 0.11812455916364797
v 0.7273612959432074 1.372856691798105 0.1404370195760185
v 0.7321169935950992 1.3733569900187452 0.12714104939472476
v 0.7192767157392745 1.3695027537446427 0.1515293724770543
v 0.7088383650715897 1.3636997057140887 0.1590802105332622
v 0.6973052648163198 1.356147482030745 0.16217879055874382
v 0.6860684767328316 1.34775699173503 0.16045137645879842
v 0.6764833219228212 1.339540252411969 0.15410632726185652
v 0.6697059118508077 1.3324883222653137 0.14390894006318145
v 0.6665537025165165 1.3274517694067423 0.13108917499924228
v 0.6674068942516913 1.325038074143103 0.11719328300705298
v 0.6721625830806353 1.3255383659166395 0.103897312117613
v 0.6802471600166953 1.3288923004491464 0.09280495374464799
v 0.6906855063984353 1.3346953438226075 0.08525410833146035
v 0.7022186053589546 1.3422475644244765 0.08215551838388509
v 0.7134553973886875 1.3506380555991533 0.08388292358350158
v 0.7230405571630143 1.3588547969373133 0.0902279657651651
v 0.7298179715992352 1.3659067289329252 0.10042534715271415
v 0.732970189043132 1.3709432868130806 0.11324510870984901
v 1.1400737507386984 0.7695563792940887 0.25112704603114444
v 1.144829454863314 0.7700566827238463 0.23783107857344357
v 1.131989159807608 0.7662024322908123 0.26221939296174035
v 1.121550804527088 0.7603993782312445 0.2697702184250881
v 1.1100177030681406 0.7528471510644997 0.2728687863817984
v 1.0987809159764963 0.744456658854287 0.27114136022649704
v 1.0891957703951944 0.7362399227803295 0.2647962957030262
v 1.0824183674147145 0.7291879965191211 0.2545989031124963
v 1.0792661690995005 0.7241514499147715 0.24177913066766876
v 1.080119369198799 0.7217377599567505 0.22788323563993776
v 1.084875074869223 0.7222380636009009 0.21458726409851728
v 1.0929596601004943 0.7255920055022557 0.20349491240246867
v 1.103398014036052 0.7313950570537653 0.19594407981818998
v 1.1261678988056674 0.747337770952367 0.19457292522770048
v 1.1357530539238672 0.7555545131371623 0.20091798657181825
v 1.142530459631673 0.762606441434861 0.21111537958161936
v 1.1456826611108768 0.7676429895558826 0.22393514862362549
v 1.1049931864469076 0.8208369141689476 0.24171839247854168
v 1.1097488903170052 0.821337217314671 0.22842242454957817
v 1.09690859687948 0.8174829681839163 0.2528107396187732
v 1.0864702416806828 0.8116799144673288 0.260361566391091
v 1.0749371400489398 0.8041276873595301 0.2634601351855088
v 1.0637003532754432 0.7957371955043602 0.26173270961928574
v 1.054115206430294 0.7875204590271097 0.25538764738630393
v 1.047337802940778 0.7804685321978325 0.24519025385324872
v 1.0441856029163101 0.7754319846931298 0.23237048287420053
v 1.0450388040336804 0.7730182958712459 0.2184745897315201
v 1.049794506599677 0.7735185966804013 0.20517861533611065
v 1.0578790916172913 0.776872538469212 0.19408626382328448
v 1.0683174451255355 0.7826755897956332 0.1865354316054506
v 1.0798505460847974 0.7902278156494028 0.1834368592505673
v 1.091087329568261 0.7986183023223138 0.18516427177908065
v 1.1006724846864606 0.8068350445071092 0.1915093331231984
v 1.1074498943218103 0.8138869751735828 0.20170672414396604
v 1.110602095801014 0.8189235232946044 0.2145264931859722
vn 0.9636538599023649 -0.1646781995483019 0.2103623751738956
vn 0.8822253266112906 -0.17604062986844535 0.4366785656763136
vn 0.7447447337934032 -0.23428111017518824 0.6248741016413418
vn 0.5672882474382236 -0.3325298344283947 0.7533976065355488
vn 0.3703183116291857 -0.45946983940376807 0.8073114731938255
vn 0.17657088095537662 -0.6005093377125562 0.7798790029989713
vn 0.008989884093717624 -0.7392329070330433 0.6733898507873854
vn -0.11212233580535878 -0.8590101848445938 0.4995298631181193
vn -0.17136974851992642 -0.9450813535174712 0.2783049487986182
vn -0.16057433908860672 -0.9863558000531539 0.036305885580157495
vn -0.08027464696988804 -0.9771727636639663 -0.196696138770404
vn 0.060038544863123045 -0.9182674198195326 -0.39138257348622085
vn 0.3485233362401256 -0.911446558464462 -0.21862446148439188
vn 0.5717926724973186 -0.8016569238838779 0.17435399641939064
vn 0.7181525606420368 -0.653895240857366 -0.23807123645533695
vn 0.8089021701965342 -0.40185228021487357 -0.42917598247973293
vn 0.9256008563510822 -0.2840941947033267 -0.25010706359079826
vn 0.9789951041449018 -0.2019608361551127 -0.027935760591765346
vn 0.1601403389590796 0.986423694846939 -0.036378098941310645
vn 0.07976593364182713 0.9772628658707835 0.196455304892158
vn -0.060500172126497644 0.9184075271716959 0.39098253568034846
vn -0.24327979204301395 0.8170649741428635 0.5227042862005528
vn -0.44565800062220284 0.6859686244185023 0.5751834427335409
vn -0.642255436346719 0.5416064078292376 0.5423748274776359
vn -0.8089003170659887 0.4019819488487091 0.4290580262043078
vn -0.9256053478941781 0.2840585308419348 0.2501309477166292
vn -0.9790466703164862 0.20170084833209687 0.028006876375525847
vn -0.9637361232067005 0.16424196282611378 -0.21032656150269047
vn -0.8822838090509657 0.17548348834083421 -0.43678464442589043
vn -0.7447106161911066 0.23373001490152084 -0.6251210908827164
vn -0.567167495115288 0.33204048661538527 -0.7537042840085678
vn -0.370088547990613 0.4591151838776033 -0.8076185452175019
vn -0.17634347411578608 0.6003170474468821 -0.7800784714895247
vn -0.008846853287056564 0.7391655803925301 -0.6734656471935975
vn 0.1120833349311378 0.8590230112384177 -0.4995165584778903
vn 0.1711182358626577 0.9451241078907623 -0.2783145163999583
vn 0.5717926724973186 -0.8016569238838779 0.17435399641939064
vn -0.5717926724973186 0.8016569238838779 -0.17435399641939064
vn 0.6936389089061987 0.5595587066422851 0.4536067877272467
vn 0.8071898430089186 0.5767050039863274 0.12592019583993444
vn 0.4964807153853767 0.47495345168006303 0.7265852448182655
vn 0.23954137218052607 0.33310868273153793 0.9119531438087869
vn -0.04635658673402915 0.15108598601194068 0.9874330821362884
vn -0.32670841202096956 -0.04918387150929526 0.9438445636322188
vn -0.56772418785605 -0.24358030443359066 0.7863573499467198
vn -0.740222577398008 -0.40860618622959194 0.5339583508899903
vn -0.8233868142310468 -0.5243158613665446 0.21708761288914216
vn -0.8071898430089186 -0.5767050039863274 -0.12592019583993444
vn -0.6936389089061987 -0.5595587066422851 -0.4536067877272467
vn -0.4964807153853767 -0.47495345168006303 -0.7265852448182655
vn -0.23954137218052607 -0.33310868273153793 -0.9119531438087869
vn 0.04635658673402915 -0.15108598601194068 -0.9874330821362884
vn 0.32670841202096956 0.04918387150929526 -0.9438445636322188
vn 0.56772418785605 0.24358030443359066 -0.7863573499467198
vn 0.740222577398008 0.40860618622959194 -0.5339583508899903
vn 0.8233868142310468 0.5243158613665446 -0.21708761288914216
vn 0.6939468742534146 0.5590808402094332 0.4537249715682728
vn 0.8074267720083363 0.5763572118438228 0.12599354030986212
vn 0.49683758321207827 0.4744305025716727 0.7266829529702561
vn 0.23988035568162044 0.3326089380430216 0.9120464403153781
vn -0.046038628045968 0.15068209379141512 0.987509671516325
vn -0.32649692926794205 -0.049477145875167 0.943902414031584
vn -0.5676362567780121 -0.2437023425953666 0.7863830162233778
vn -0.740257359620413 -0.40855718962136994 0.5339476232145833
vn -0.8235409817591485 -0.5240938282459099 0.21703896092113223
vn -0.8074267720083363 -0.5763572118438228 -0.12599354030986212
vn -0.6939468742534146 -0.5590808402094332 -0.4537249715682728
vn -0.49683758321207827 -0.4744305025716727 -0.7266829529702561
vn -0.3740534138245467 -0.40975367662028483 -0.8319771439783437
vn 0.453970537556509 0.14883811891242674 -0.8784975614020021
vn 0.5676362567780121 0.2437023425953666 -0.7863830162233778
vn 0.740257359620413 0.40855718962136994 -0.5339476232145833
vn 0.8235409817591485 0.5240938282459099 -0.21703896092113223
vn 0.6944420281478545 0.5583585528362839 0.4538568012231008
vn 0.8078202992838912 0.5757837480084147 0.12609297995632687
vn 0.4973832664036314 0.4736333845112323 0.726829624725141
vn 0.24040876962771696 0.33183655158778974 0.9121886463426365
vn -0.045597940061254456 0.1500323982625013 0.9876290332578181
vn -0.32619814878276127 -0.04993220942972349 0.9439817488660286
vn -0.5674955400060906 -0.24389759123571875 0.7864240440516871
vn -0.7403095277617605 -0.4084836918850461 0.5339315279781874
vn -0.8237806722518174 -0.5237483679608078 0.21696324823051022
vn -0.8078202992838912 -0.5757837480084147 -0.12609297995632687
vn -0.6944420281478545 -0.5583585528362839 -0.4538568012231008
vn -0.4973832664036314 -0.4736333845112323 -0.726829624725141
vn -0.2865721589436747 -0.3590232141581179 -0.8882447463475006
vn 0.045597940061254456 -0.1500323982625013 -0.9876290332578181
vn 0.3703991039398621 0.08362384211952327 -0.9251008360334112
vn 0.5674955400060906 0.24389759123571875 -0.7864240440516871
vn 0.7403095277617605 0.4084836918850461 -0.5339315279781874
vn 0.8237806722518174 0.5237483679608078 -0.21696324823051022
f 2142//2142 2106//2106 2107//2107
f 2143//2143 2125//2125 2124//2124
f 2142//2142 2107//2107 2108//2108
f 2143//2143 2126//2126 2125//2125
f 2142//2142 2108//2108 2109//2109
f 2143//2143 2127//2127 2126//2126
f 2142//2142 2109//2109 2110//2110
f 2143//2143 2128//2128 2127//2127
f 2142//2142 2110//2110 2111//2111
f 2143//2143 2129//2129 2128//2128
f 2142//2142 2111//2111 2112//2112
f 2143//2143 2130//2130 2129//2129
f 2142//2142 2112//2112 2113//2113
f 2143//2143 2131//2131 2130//2130
f 2142//2142 2113//2113 2114//2114
f 2143//2143 2132//2132 2131//2131
f 2142//2142 2114//2114 2115//2115
f 2143//2143 2133//2133 2132//2132
f 2142//2142 2115//2115 2116//2116
f 2143//2143 2134//2134 2133//2133
f 2142//2142 2116//2116 2117//2117
f 2143//2143 2135//2135 2134//2134
f 2142//2142 2117//2117 2118//2118
f 2143//2143 2136//2136 2135//2135
f 2142//2142 2118//2118 2119//2119
f 2143//2143 2137//2137 2136//2136
f 2142//2142 2119//2119 2120//2120
f 2143//2143 2138//2138 2137//2137
f 2142//2142 2120//2120 2121//2121
f 2143//2143 2139//2139 2138//2138
f 2142//2142 2121//2121 2122//2122
f 2143//2143 2140//2140 2139//2139
f 2142//2142 2122//2122 2123//2123
f 2143//2143 2141//2141 2140//2140
f 2123//2123 2106//2106 2142//2142
f 2143//2143 2124//2124 2141//2141
f 2145//2145 2124//2124 2125//2125
f 2145//2145 2125//2125 2144//2144
f 2144//2144 2125//2125 2126//2126
f 2144//2144 2126//2126 2146//2146
f 2146//2146 2126//2126 2127//2127
f 2146//2146 2127//2127 2147//2147
f 2147//2147 2127//2127 2128//2128
f 2147//2147 2128//2128 2148//2148
f 2148//2148 2128//2128 2129//2129
f 2148//2148 2129//2129 2149//2149
f 2149//2149 2129//2129 2130//2130
f 2149//2149 2130//2130 2150//2150
f 2150//2150 2130//2130 2131//2131
f 2150//2150 2131//2131 2151//2151
f 2151//2151 2131//2131 2132//2132
f 2151//2151 2132//2132 2152//2152
f 2152//2152 2132//2132 2133//2133
f 2152//2152 2133//2133 2153//2153
f 2153//2153 2133//2133 2134//2134
f 2153//2153 2134//2134 2154//2154
f 2154//2154 2134//2134 2135//2135
f 2154//2154 2135//2135 2155//2155
f 2155//2155 2135//2135 2136//2136
f 2155//2155 2136//2136 2156//2156
f 2156//2156 2136//2136 2137//2137
f 2156//2156 2137//2137 2157//2157
f 2157//2157 2137//2137 2138//2138
f 2157//2157 2138//2138 2158//2158
f 2158//2158 2138//2138 2139//2139
f 2158//2158 2139//2139 2159//2159
f 2159//2159 2139//2139 2140//2140
f 2159//2159 2140//2140 2160//2160
f 2160//2160 2140//2140 2141//2141
f 2160//2160 2141//2141 2161//2161
f 2124//2124 2145//2145 2161//2161
f 2124//2124 2161//2161 2141//2141
f 2106//2106 2163//2163 2162//2162
f 2106//2106 2162//2162 2107//2107
f 2107//2107 2162//2162 2164//2164
f 2107//2107 2164//2164 2108//2108
f 2108//2108 2164//2164 2165//2165
f 2108//2108 2165//2165 2109//2109
f 2109//2109 2165//2165 2166//2166
f 2109//2109 2166//2166 2110//2110
f 2110//2110 2166//2166 2167//2167
f 2110//2110 2167//2167 2111//2111
f 2111//2111 2167//2167 2168//2168
f 2111//2111 2168//2168 2112//2112
f 2112//2112 2168//2168 2169//2169
f 2112//2112 2169//2169 2113//2113
f 2113//2113 2169//2169 2170//2170
f 2113//2113 2170//2170 2114//2114
f 2114//2114 2170//2170 2171//2171
f 2114//2114 2171//2171 2115//2115
f 2115//2115 2171//2171 2172//2172
f 2115//2115 2172//2172 2116//2116
f 2116//2116 2172//2172 2173//2173
f 2116//2116 2173//2173 2117//2117
f 2117//2117 2173//2173 2174//2174
f 2117//2117 2174//2174 2118//2118
f 2120//2120 2175//2175 2176//2176
f 2120//2120 2176//2176 2121//2121
f 2121//2121 2176//2176 2177//2177
f 2121//2121 2177//2177 2122//2122
f 2122//2122 2177//2177 2178//2178
f 2122//2122 2178//2178 2123//2123
f 2163//2163 2106//2106 2123//2123
f 2163//2163 2123//2123 2178//2178
f 2163//2163 2180//2180 2179//2179
f 2163//2163 2179//2179 2162//2162
f 2180//2180 2145//2145 2144//2144
f 2180//2180 2144//2144 2179//2179
f 2162//2162 2179//2179 2181//2181
f 2162//2162 2181//2181 2164//2164
f 2179//2179 2144//2144 2146//2146
f 2179//2179 2146//2146 2181//2181
f 2164//2164 2181//2181 2182//2182
f 2164//2164 2182//2182 2165//2165
f 2181//2181 2146//2146 2147//2147
f 2181//2181 2147//2147 2182//2182
f 2165//2165 2182//2182 2183//2183
f 2165//2165 2183//2183 2166//2166
f 2182//2182 2147//2147 2148//2148
f 2182//2182 2148//2148 2183//2183
f 2166//2166 2183//2183 2184//2184
f 2166//2166 2184//2184 2167//2167
f 2183//2183 2148//2148 2149//2149
f 2183//2183 2149//2149 2184//2184
f 2167//2167 2184//2184 2185//2185
f 2167//2167 2185//2185 2168//2168
f 2184//2184 2149//2149 2150//2150
f 2184//2184 2150//2150 2185//2185
f 2168//2168 2185//2185 2186//2186
f 2168//2168 2186//2186 2169//2169
f 2185//2185 2150//2150 2151//2151
f 2185//2185 2151//2151 2186//2186
f 2169//2169 2186//2186 2187//2187
f 2169//2169 2187//2187 2170//2170
f 2186//2186 2151//2151 2152//2152
f 2186//2186 2152//2152 2187//2187
f 2170//2170 2187//2187 2188//2188
f 2170//2170 2188//2188 2171//2171
f 2187//2187 2152//2152 2153//2153
f 2187//2187 2153//2153 2188//2188
f 2171//2171 2188//2188 2189//2189
f 2171//2171 2189//2189 2172//2172
f 2188//2188 2153//2153 2154//2154
f 2188//2188 2154//2154 2189//2189
f 2172//2172 2189//2189 2190//2190
f 2172//2172 2190//2190 2173//2173
f 2189//2189 2154//2154 2155//2155
f 2189//2189 2155//2155 2190//2190
f 2173//2173 2190//2190 2191//2191
f 2173//2173 2191//2191 2174//2174
f 2190//2190 2155//2155 2156//2156
f 2190//2190 2156//2156 2191//2191
f 2191//2191 2156//2156 2157//2157
f 2191//2191 2157//2157 2192//2192
f 2192//2192 2157//2157 2158//2158
f 2192//2192 2158//2158 2193//2193
f 2175//2175 2193//2193 2194//2194
f 2175//2175 2194//2194 2176//2176
f 2193//2193 2158//2158 2159//2159
f 2193//2193 2159//2159 2194//2194
f 2176//2176 2194//2194 2195//2195
f 2176//2176 2195//2195 2177//2177
f 2194//2194 2159//2159 2160//2160
f 2194//2194 2160//2160 2195//2195
f 2177//2177 2195//2195 2196//2196
f 2177//2177 2196//2196 2178//2178
f 2195//2195 2160//2160 2161//2161
f 2195//2195 2161//2161 2196//2196
f 2145//2145 2180//2180 2196//2196
f 2145//2145 2196//2196 2161//2161
f 2180//2180 2163//2163 2178//2178
f 2180//2180 2178//2178 2196//2196
o Torus
usemtl borraccia_gancio_grig
v 0.5715564379175171 1.5387197602503557 -0.039296411474955474
v 0.5742704992927297 1.5544098517276737 -0.03813867762633003
v 0.5325428426295438 1.593782594945889 -0.030585672461390503
v 0.5040445616696422 1.5808930818155194 -0.029021392963123768
v 0.4955444429888143 1.5673849932883877 -0.029427936104249902
v 0.4963156046104953 1.53621145492684 -0.03231834710407068
v 0.5054694908474482 1.523291884477914 -0.034362174171484496
v 0.5188984486335283 1.5149030808182038 -0.036406001180760254
v 0.5630563190609686 1.5252116715369934 -0.03970295766465922
v 0.570785276295836 1.5698932986119034 -0.036406000475134696
v 0.5616313900588832 1.5828128690608296 -0.034362173407720874
v 0.548202432272803 1.5912016727205396 -0.03231834639844512
v 0.5170366706774141 1.5901626872564933 -0.029427935811970226
v 0.4928303816136017 1.5516949018110697 -0.030585673001452957
v 0.5345580382767876 1.5123221585928543 -0.038138678166392485
v 0.5500642102289173 1.51594206628225 -0.03929641176723515
v 0.549907969206423 1.5895923897239816 -0.14353034790128094
v 0.5415235848825163 1.6017858852902098 -0.13753816161124416
v 0.5288641290094818 1.609448614067222 -0.13154595708787975
v 0.4741444343289386 1.5693263030497275 -0.126466015568497
v 0.49802114154411536 1.534602171930282 -0.1435303486069065
v 0.528098673463122 1.5366679725603893 -0.15200461324673697
v 0.5409377333669649 1.5460819893893119 -0.15319653371365544
v 0.5495909011517218 1.559445666528495 -0.15200461295445727
v 0.5527408362246587 1.5747244829477764 -0.14861030232059974
v 0.5138568953448807 1.6114139961845468 -0.12646601502843452
v 0.4987865970904751 1.6073828134371149 -0.12307169244804933
v 0.48594753701091176 1.5979687964219618 -0.12187977198113084
v 0.4772943694018753 1.5846051194690092 -0.123071692740329
v 0.4769773013471741 1.5544583962735223 -0.1315459577935053
v 0.4853616856710813 1.5422649007072942 -0.1375381623750078
v 0.5130283752087167 1.5326367898129571 -0.1486103028606622
v 0.5071568590988466 1.5994849314497075 -0.2530560115579132
v 0.502678387875735 1.638438842647729 -0.2300432020083216
v 0.4915054650474747 1.6446989312916214 -0.22051098301607025
v 0.46353020965251746 1.6406494967060408 -0.20703039293021508
v 0.4509868171320839 1.630956498213849 -0.20513432419110547
v 0.438045993913302 1.6033875177990384 -0.21242996068261577
v 0.48566463141024674 1.5767072374816018 -0.2530560118501929
v 0.49820798827768886 1.586400269262663 -0.25495208058930363
v 0.5111488471494622 1.6139692163886041 -0.24765644409779217
v 0.5095762036775972 1.6276480206897208 -0.23957542105871213
v 0.47775845492924407 1.6454752109338577 -0.2124299601425533
v 0.44203798196391764 1.617871802737935 -0.20703039322249475
v 0.439618637385167 1.5897087134979218 -0.2205109837216958
v 0.44651648866430005 1.5789178580648136 -0.2300432027720852
v 0.4576893760152895 1.5726578028960212 -0.2395754217643377
v 0.4714363861335201 1.5718815232537848 -0.24765644463785463
v 0.43777898707107893 1.643418941961892 -0.33803513893680565
v 0.44714602847081475 1.6561090331503048 -0.33556410815417814
v 0.4267075152091436 1.6936450758127446 -0.282619242089447
v 0.40154491350436117 1.6776081334268365 -0.2731113630613812
v 0.39217787228034534 1.6649180424246546 -0.27558236945538783
v 0.3867854615417545 1.6395602334788086 -0.2931506392452747
v 0.40065164702436934 1.6264765908273509 -0.3179958634585366
v 0.45232888203523014 1.669469659421934 -0.32852725936867627
v 0.4525384746866771 1.6814668086210505 -0.31799586275291103
v 0.4477428999812979 1.6902740300789374 -0.30557325061721163
v 0.4386722892040622 1.6945504512725083 -0.2931506385396491
v 0.41367009996894516 1.6876957363927603 -0.27558236916310813
v 0.3869950541932015 1.6515573826779253 -0.28261924262950944
v 0.39158100076986285 1.6307530454960217 -0.30557325138097524
v 0.41261642101928797 1.6273819662871147 -0.3285272599087387
v 0.42565380078221493 1.633331339182199 -0.3355641084464578
v 0.36376889574279464 1.7132522514040092 -0.3967837195607384
v 0.3736480870156759 1.7254590960522513 -0.39390615483977803
v 0.3802894111595456 1.7374435609726466 -0.38571157817302093
v 0.3804610019989734 1.7537588538013074 -0.3589810644873072
v 0.37396511863193704 1.7556058531047194 -0.3445146127292566
v 0.36418315464290824 1.7526408551818717 -0.33225055102529466
v 0.3311119822935644 1.7225376604425482 -0.32405595050998026
v 0.3244706936269662 1.7105531620470524 -0.3322505515653571
v 0.34057695014360356 1.6953558678378273 -0.38571157871308337
v 0.38268177833961153 1.7473811211837793 -0.37344751630349704
v 0.35260420998216424 1.7453153544106539 -0.32405595021770056
v 0.34099117339072516 1.7347445049045596 -0.3211783857890199
v 0.32207829096962937 1.7006156353110198 -0.34451461343488216
v 0.32429910278753843 1.6942378692183917 -0.3589810652510708
v 0.33079495067730386 1.6923909033900797 -0.3734475170091226
v 0.3521558593270761 1.7026814020841456 -0.3939061551320577
v 0.2916717867000698 1.8028090386208862 -0.4241062453078683
v 0.2999398146551132 1.8132586032605165 -0.41531234261856254
v 0.30476677405227115 1.8208989682158854 -0.4021514135254105
v 0.2944462998178461 1.8184420891344713 -0.3579415997001247
v 0.28449409444554785 1.8095816546073877 -0.34914772164722263
v 0.27345231286517785 1.7984717890426507 -0.34605970779034095
v 0.26300186675694803 1.786803960639282 -0.34914772193950233
v 0.26022735363917116 1.7711709101256972 -0.415312343158625
v 0.2812213404161189 1.7911412100312871 -0.4271942350684087
v 0.3054177763342264 1.824566991921542 -0.3866269832418035
v 0.301793707067055 1.8237042488379822 -0.3711025774049554
v 0.25473383880190403 1.776354395999652 -0.3579416002401872
v 0.24990687940474732 1.7687140310442826 -0.37110257811058095
v 0.2492558771227914 1.7650460073386263 -0.3866269840055671
v 0.2528799463899635 1.7659087504221858 -0.40215141423103606
v 0.27017955901147 1.7800313446527805 -0.4241062456001479
v 0.206803609153637 1.8828876540372887 -0.4241062480488428
v 0.21675579637415437 1.891748105466069 -0.41531239408238585
v 0.22410320300504616 1.897010265415243 -0.4021514161305895
v 0.21398128014789075 1.8761150561875146 -0.3491477483131851
v 0.19248905245929093 1.853337362219409 -0.34914774860546477
v 0.17156537233142904 1.838352024205666 -0.38662701090334634
v 0.17221637534273845 1.8420200476215434 -0.4021514168362151
v 0.19576180997971038 1.8717778051524605 -0.4271942866057239
v 0.22772727154286404 1.8978730087885816 -0.3866270101395827
v 0.22707628627019005 1.894204968635154 -0.37110260420671337
v 0.22224932625471622 1.8865646039254478 -0.3579416264204802
v 0.20353085145749755 1.8644472109180064 -0.3460597344372046
v 0.18253686523877413 1.8444769107906285 -0.35794162696054266
v 0.17518945860788238 1.8392147508414545 -0.37110260491233893
v 0.17704333535821232 1.8496604123312497 -0.4153123946224483
v 0.18531138146503717 1.860109960069183 -0.4241062483411225
v 0.11321425322431553 1.949666764347382 -0.3967837764301051
v 0.1248273074191989 1.9602375971696389 -0.39390621165314643
v 0.1364062162176807 1.9675631315689173 -0.3857116104383
v 0.1458711456938002 1.940381373590162 -0.3240559812831476
v 0.12437891800520037 1.9176036796220564 -0.3240559815754273
v 0.09652216310648215 1.9091601461043897 -0.35898109699616865
v 0.09430136970685829 1.9155378951894366 -0.37344754903574046
v 0.14618819736916597 1.9705281129831362 -0.3734475483301149
v 0.15268406231791715 1.9686811306873053 -0.35898109623240504
v 0.154904855717541 1.9623033816022584 -0.34451464419283323
v 0.15251247022266062 1.952365838357597 -0.33225058225021126
v 0.1359919720243632 1.9281745122580827 -0.3211784167984686
v 0.11280000920671857 1.9102781452227777 -0.3322505827902737
v 0.10301802805523333 1.9073131638085588 -0.3445146448984588
v 0.09669375520173865 1.925475438434098 -0.3857116109783625
v 0.10333507973059908 1.9374599032015332 -0.39390621194542613
v 0.07633149841692077 2.036442426580927 -0.31799587490321013
v 0.09019768273227982 2.023358784393231 -0.2931506497942801
v 0.08998808958605625 2.011361635390694 -0.2826192529644227
v 0.08480525342967699 1.9980009925128648 -0.2755823797844057
v 0.07543821191385003 1.9853109013705763 -0.2731113735935994
v 0.050275628570114195 1.9692739422558745 -0.28261925350448514
v 0.038310855069972116 1.9683685665995314 -0.2931506504999057
v 0.029837100057215293 2.006810000667594 -0.33556412123008916
v 0.039204141397322256 2.0195000916236516 -0.33803515180951643
v 0.05132932774581511 2.0295876946357 -0.3355641209378095
v 0.06436672491677865 2.0355370509245843 -0.3285272718986306
v 0.08540212634916394 2.032165988881687 -0.3055732623196761
v 0.06331302574107717 1.975223298544759 -0.2755823800766854
v 0.02924022713772892 1.9726450042987715 -0.30557326308343974
v 0.024444670754613068 1.9814522087872275 -0.3179958756088357
v 0.024654263900836595 1.9934493577897647 -0.3285272724386931
v 0.0055467560031473295 2.0910374954674507 -0.2476564604271455
v 0.01929376574172262 2.0902612159760547 -0.23957543689328895
v 0.03046667038351346 2.084001144247641 -0.23004321725927113
v 0.037364503476176966 2.0732103057300115 -0.22051099768339136
v 0.038937146568386635 2.0595315015797353 -0.2124299743150979
v 0.03494517600272891 2.045047200004077 -0.20703040677216028
v 0.025996305092491803 2.031962537852425 -0.20513433791695898
v 0.01345294831412909 2.0222695060359714 -0.20703040706443995
v -0.0007753144475554155 2.017443808444916 -0.21242997485516035
v -0.014522324186130711 2.018220087936312 -0.22051099838901692
v -0.030173716708501552 2.0634340871707395 -0.25305602851014497
v -0.02122486371262046 2.076518765873711 -0.25495209736534685
v -0.008681489019901734 2.086211781138845 -0.2530560282178653
v -0.025695228827921548 2.0244801596647255 -0.23004321802303473
v -0.032593061920585066 2.035270998182355 -0.2395754375989145
v -0.03416570501279473 2.0489498023326314 -0.24765646096720795
v -0.06395461358248258 2.1168370476464338 -0.15319657763839184
v -0.051115553558917476 2.1262510646838355 -0.15200463235538167
v -0.008378566446526459 2.120654136806962 -0.13753817937134974
v 0.0028386843754348717 2.0935927346712013 -0.1264660437270219
v -0.008964400959090027 2.064950224460793 -0.12187980015953638
v -0.02180346080693514 2.0555362076096224 -0.12307172105392565
v -0.036873776640507186 2.051505041536382 -0.12646604426708435
v -0.05188101006644701 2.0534704235588843 -0.1315459870682717
v -0.06454046565796147 2.061133152224046 -0.13753818013511337
v -0.07575771647992266 2.0881945543598066 -0.14861032187659645
v -0.0360452554639806 2.130282247494626 -0.148610321336534
v -0.02103802203804049 2.128316865472123 -0.14353039072965712
v 0.000005817595860671543 2.108460641352584 -0.13154598636264614
v -0.00031123311833532175 2.078313901577728 -0.12307172076164598
v -0.07292484970034817 2.0733266476784236 -0.14353039143528268
v -0.0726077812475173 2.10347337071573 -0.15200463264766134
v -0.08607316913126693 2.1377073341421258 -0.03970303350389193
v -0.07308106014259505 2.1469769395906884 -0.03929648107195584
v -0.057574852767586095 2.1505968138265943 -0.038138746810184414
v -0.04191529868300078 2.148015925108687 -0.036406069040673145
v -0.018561293366124047 2.0955340127687556 -0.029427995790182234
v -0.027061394503136892 2.082025907325432 -0.029021452796258083
v -0.05555971069109724 2.069136427827194 -0.030585736441387984
v -0.08464824020437689 2.0801061369042113 -0.0343622420076683
v -0.09380212634530846 2.0930257073149874 -0.0364060697462987
v -0.09728731378352816 2.108509120691775 -0.03813874735024687
v -0.028486340992941887 2.139627121487127 -0.034362241243904676
v -0.01933247259064577 2.126707567813901 -0.03231841350527484
v -0.015847249675155176 2.1112241209620133 -0.03058573590132553
v -0.04005352105472387 2.07275631880065 -0.02942799608246191
v -0.07121930025295345 2.0717173500202013 -0.0323184142109004
v -0.09457328783119487 2.1241992456225827 -0.03929648136423551
v -0.05757485545416976 2.1505968148939987 0.07622997150538241
v -0.04191530128818137 2.1480159261437493 0.07449729451974904
v -0.028486343502101233 2.1396271224840393 0.07245346751047328
v -0.02706139676138026 2.0820259082226533 0.0671126832535355
v -0.07121930266609156 2.0717173509789637 0.07040963973743333
v -0.09380212895048906 2.0930257083500496 0.07449729381412348
v -0.09728731647011182 2.1085091217591794 0.07622997096531996
v -0.08607317189134218 2.137707335238729 0.07779424490649278
v -0.07308106288357047 2.146976940679703 0.07738771120337916
v -0.01933247500378387 2.1267075687726633 0.07040964044305889
v -0.015847252006890196 2.1112241218884336 0.06867696329186355
v -0.018561295643467188 2.095534013673565 0.06751922334608346
v -0.040053523332067006 2.0727563197054595 0.06751922305380378
v -0.05555971302283227 2.0691364287536143 0.0686769627518011
v -0.08464824271353624 2.0801061379011236 0.07245346674670966
v -0.09457329057217029 2.1241992467115973 0.07738771091109949
v -0.05111556159504515 2.1262510678766633 0.19009587000279324
v -0.036045263340639844 2.1302822506240955 0.1867015596167185
v -0.008964407579919814 2.0649502270913103 0.1599710226400325
v -0.03687378347680399 2.051505044252506 0.16455727788164604
v -0.05188101714140478 2.053470426369831 0.16963720774678084
v -0.06454047301443942 2.061133155146843 0.17562941836730045
v -0.07292485733834617 2.073326650713071 0.18162160465733723
v -0.06395462167460857 2.1168370508615104 0.19128779046971173
v -0.02103802967603849 2.128316868506771 0.1816216053629628
v -0.008378573803004413 2.1206541397297585 0.17562941913106409
v 0.000005810520902906069 2.1084606441635305 0.1696372084524064
v 0.0028386775391380653 2.093592737387325 0.1645572784217085
v -0.00031123979516284317 2.0783139042304937 0.16116294339923065
v -0.021803467483762662 2.055536210262388 0.16116294310695095
v -0.0757577243565819 2.088194557489276 0.18670155907665603
v -0.07260778928364497 2.1034733739085576 0.19009586971051357
v -0.021224894323967437 2.076518787725709 0.2930433129567384
v -0.008681519542168746 2.0862118029554506 0.2911472198290074
v 0.00554672573455732 2.091037517183268 0.28574767700529
v 0.019293735852787916 2.0902612375410317 0.27766665413177305
v 0.02599627682163752 2.031962558774523 0.24322555655854028
v 0.013452919954195425 2.022269526993462 0.24512162529765102
v -0.0007753430611666737 2.017443829503195 0.2505211925099887
v -0.014522353179397263 2.0182201091454313 0.25860221538350564
v -0.025695258269022178 2.0244801810517736 0.26813443437575757
v 0.03046664094241283 2.0840011656346893 0.2681344351395212
v 0.037364474482910415 2.073210326939131 0.2586022160891312
v 0.03893711795477539 2.0595315226380144 0.25052119305005116
v 0.03494514764279524 2.0450472209615675 0.24512162558993073
v -0.032593091809519775 2.035271019747332 0.2776666534261475
v -0.03416573528138474 2.0489498240484485 0.2857476764652276
v -0.030173747230768568 2.063434108987345 0.2911472195367277
v 0.05132929334722709 2.0295877179924036 0.3736553408138926
v 0.07633146484370812 2.0364424496097016 0.356087095825972
v 0.08998805767487592 2.0113616577591276 0.3207104749969448
v 0.08480522184909664 1.9980010147499478 0.3136736018228226
v 0.07543819818799571 1.9853109068239856 0.31120259542881656
v 0.06331299416049684 1.9752233207818422 0.31367360153054297
v 0.05027559665893387 1.969273964624308 0.32071047445688233
v 0.02465422983284743 1.9934493810151186 0.36661849173611166
v 0.0392040891440065 2.01950013176403 0.3761263956928608
v 0.06436669084878949 2.035537074149938 0.3666184922761741
v 0.08540209335957918 2.032166011678581 0.34366448374841
v 0.09019765032632296 2.0233588069582438 0.33124187161271007
v 0.03831082266401527 1.9683685891645442 0.3312418709070845
v 0.029240194148144175 1.9726450270956652 0.3436644829846464
v 0.024444637181400428 1.9814522318160022 0.3560870951203464
v 0.029837065658627274 2.006810024024298 0.3736553405216129
v 0.13640614398583784 1.9675631893367755 0.4238028354691391
v 0.15268399134190302 1.9686811879562112 0.39707232200712655
v 0.1458710763586061 1.9403814302071547 0.36214720726603483
v 0.1359918850857248 1.9281745855589127 0.35926964254507443
v 0.12437884867000629 1.917603736239049 0.36214720697375513
v 0.10301794002023346 1.9073132375449835 0.38260586948531117
v 0.09669368296989578 1.9254754962019562 0.4238028349290766
v 0.11321419821092624 1.9496668055843631 0.4348749763167941
v 0.1248272348023653 1.9602376550904572 0.4319974118881134
v 0.14618814345213757 1.9705281537845232 0.41153877376517833
v 0.15490476768254113 1.9623034553386831 0.3826058701909367
v 0.15251240050247522 1.9523658951275504 0.37034180832141284
v 0.11279993948653316 1.9102782019927311 0.3703418077813504
v 0.09652209213046803 1.9091602033732955 0.39707232124336295
v 0.09430131578982989 1.9155379359908236 0.4115387730595528
v 0.10333500711376548 1.9374599611223515 0.4319974115958337
v 0.1957617180603311 1.8717778804321852 0.46528549182446327
v 0.22772721700665 1.8978730498359766 0.42471824076162285
v 0.21398120963385797 1.8761151132728708 0.38723897869555746
v 0.20353078108854245 1.8644472679457218 0.3841509889350176
v 0.1825368120502302 1.8444769513025818 0.39603288084480187
v 0.171565317795215 1.838352065253061 0.4247182399978592
v 0.1853113074293716 1.8601100185537167 0.46219750206392396
v 0.2068035351179714 1.8828877125218224 0.46219750235620366
v 0.21675570501299934 1.8917481805240057 0.45340359991467954
v 0.22410313000084253 1.8970103234899671 0.44024267098709124
v 0.22707621472469353 1.8942050261303205 0.4091938592552576
v 0.22224927306617226 1.8865646444374011 0.39603288138486437
v 0.19248898194525813 1.8533374193047651 0.3872389784032778
v 0.17518938706238588 1.8392148083366209 0.40919385854963203
v 0.17221630233853485 1.8420201056962675 0.4402426702814657
v 0.1770432439970573 1.8496604873891864 0.4534035993746171
v 0.2812212484967396 1.7911412853110118 0.46528554336177846
v 0.2916716594484979 1.8028091473180698 0.46219750509717644
v 0.30541765084347 1.8245670999191372 0.42471829204802064
v 0.3017935823056527 1.8237043565457984 0.40919386166839294
v 0.29444617567476095 1.8184421965966244 0.3960328837165967
v 0.284494006192879 1.8095817284302942 0.38723902975014024
v 0.27345218928031695 1.798471896283016 0.38415099119325863
v 0.249255751632035 1.7650461153362216 0.42471829128425703
v 0.2602272622780161 1.771170985183634 0.4534036508384404
v 0.2999397232939582 1.8132586783184532 0.45340365137850286
v 0.3047666833094321 1.8208990430281595 0.44024267359226965
v 0.2630017785042792 1.7868040344621885 0.3872390294578606
v 0.2547337146588189 1.7763545034618051 0.3960328831765342
v 0.249906754643345 1.7687141387520988 0.4091938609627674
v 0.2528798556471244 1.76590882523446 0.4402426728866441
v 0.27017943175989806 1.7800314533499642 0.4621975048048968
v 0.37364810309202073 1.7254590702853192 0.4319974199242429
v 0.3826817953771255 1.747381095034966 0.41153878140317757
v 0.36418317361590125 1.7526408282640746 0.37034179076909046
v 0.3409912283611715 1.734744444304989 0.35926962477728597
v 0.3242991205047021 1.6942378427995473 0.3970723285998427
v 0.3307949677148178 1.6923908772412664 0.411538780697552
v 0.3521558754034209 1.7026813763172135 0.4319974196319632
v 0.3637689116839483 1.7132522256907898 0.4348749844089213
v 0.3802894276208806 1.7374435350527546 0.42380284334580015
v 0.3804610197161371 1.753758827382463 0.39707232936360637
v 0.37396517250602135 1.7556057929407438 0.38260587726589707
v 0.3526042648174194 1.745315293864796 0.3621471895542441
v 0.3311120371288196 1.7225375998966903 0.3621471892619644
v 0.3244707125999592 1.7105531351292553 0.370341790229028
v 0.32207834484371367 1.7006155751470442 0.3826058765602715
v 0.3405769666049385 1.6953558419179353 0.4238028428057377
v 0.4523289011831473 1.6694696324346379 0.36661850480613023
v 0.45253849432937077 1.6814667814371749 0.3560871079762728
v 0.4477429556848904 1.690273969188081 0.3436644954508774
v 0.4136701570815421 1.6876956749420935 0.31367361244412306
v 0.4015449352557778 1.6776081054051457 0.31120260596103594
v 0.38699507549792755 1.6515573548337088 0.3207104853318598
v 0.3915810564734553 1.6307529846051654 0.3436644946871138
v 0.41261644016720517 1.6273819392998186 0.36661850426606774
v 0.43777904124957584 1.6434188816769704 0.376126408565575
v 0.447146082765404 1.6561089728192586 0.3736553535975269
v 0.4386723100140117 1.6945504236248712 0.3312418828673428
v 0.4267075365138696 1.693645047968528 0.32071048587192225
v 0.39217792939294227 1.6649179809739878 0.3136736121518434
v 0.386785482351704 1.6395602058311716 0.33124188216171724
v 0.40065166666706303 1.6264765636434753 0.35608710727064724
v 0.42565385507680414 1.633331278851153 0.3736553533052472
v 0.5071568817924859 1.5994849030536629 0.29114723648896124
v 0.4915054892701145 1.6446989022880907 0.258602230756454
v 0.46353019903121917 1.6406495009259812 0.24512163943187648
v 0.4509868420771359 1.6309564689232972 0.2432255702843955
v 0.4420379713426194 1.6178718069578755 0.24512163913959684
v 0.44651647696183483 1.5789178627143114 0.2681344496267076
v 0.4982080108822482 1.5864002409020106 0.2930433297327834
v 0.5111488346195077 1.6139692213668715 0.2857476933346439
v 0.5095761915272979 1.6276480255171475 0.2776666699663505
v 0.5026783761732698 1.638438847297227 0.2681344503904713
v 0.47775847953153916 1.6454751817794864 0.25052120722259746
v 0.4380460185155971 1.603387488644667 0.250521206682535
v 0.43961866160780677 1.5897086844943913 0.25860223005082844
v 0.45768936386499026 1.5726578077234477 0.2776666692607249
v 0.4714363736035656 1.5718815282320522 0.28574769279458145
v 0.48566465410388604 1.5767072090855572 0.29114723619668154
v 0.5409377962293813 1.5460819256541884 0.19128781000582953
v 0.5527408638252704 1.5747244526021462 0.18670157863265388
v 0.5415236130033092 1.6017858547379067 0.1756294368911708
v 0.5288641574117952 1.6094485834030683 0.16963722553286345
v 0.5138569239858551 1.6114139654255708 0.16455729492598656
v 0.4859475303900822 1.5979687990524787 0.15997103862412757
v 0.4772943627250481 1.5846051221217747 0.16116295922623716
v 0.4769773297494875 1.5544583656093687 0.1696372248272379
v 0.4853617137918742 1.542264870154991 0.17562943612740717
v 0.4980211693833888 1.5346021414898294 0.18162162309709365
v 0.5130284028093284 1.532636759467327 0.18670157809259144
v 0.5280987363815361 1.5366679088030173 0.19009588911144024
v 0.549590964070136 1.559445602771123 0.1900958894037199
v 0.5499079970456965 1.589592359283529 0.1816216238027192
v 0.4987865904136479 1.6073828160898804 0.16116295951851684
v 0.4741444629699131 1.5693262722907515 0.1645572943859241
v 0.5630563163008947 1.5252116726335965 0.07779426587132846
v 0.5715564351765434 1.5387197613393702 0.07738770763451683
v 0.5742704966061474 1.5544098527950778 0.07622997971768455
v 0.5707852736906568 1.5698932996469654 0.07449730211373524
v 0.5616313875497252 1.5828128700577413 0.07245347437510483
v 0.5482024298596664 1.591201673679301 0.07040964657833636
v 0.5325428402978101 1.5937825958723084 0.06867696880882394
v 0.5170366684000722 1.5901626881613025 0.06751922844989844
v 0.5040445594114 1.5808930827127399 0.0671126882122728
v 0.4955444407114724 1.5673849941931968 0.06751922815761877
v 0.492830379281868 1.5516949027374891 0.06867696826876149
v 0.4963156021973587 1.5362114558856015 0.0704096458727108
v 0.5054694883382902 1.5232918854748256 0.0724534736113412
v 0.5188984460283491 1.5149030818532658 0.07449730140810969
v 0.5345580355902053 1.5123221596602585 0.0762299791776221
v 0.5500642074879436 1.5159420673712645 0.07738770734223714
vn 0.928931102405589 -0.35006705916707975 -0.12058217558847377
vn 0.995171584015926 0.03349528052761381 -0.09225824922254612
vn -0.02430608844851614 0.9954384094852538 0.09225826242565638
vn -0.7211125428770506 0.6804163294220039 0.13050026498548128
vn -0.928931102405589 0.35006705916707975 0.12058217558847377
vn -0.9099106474391616 -0.4117920837586005 0.049898831956224014
vn -0.6862852534691767 -0.7273324899045468 -9.333012566228486e-9
vn -0.35830060678404335 -0.9322718380528284 -0.04989884920303429
vn 0.7211125428770506 -0.6804163294220039 -0.13050026498548128
vn 0.9099106474391616 0.4117920837586005 -0.049898831956224014
vn 0.6862852534691767 0.7273324899045468 9.333012566228486e-9
vn 0.35830060678404335 0.9322718380528284 0.04989884920303429
vn -0.40337856298668895 0.9070532906778438 0.12058218273563076
vn -0.995171584015926 -0.03349528052761381 0.09225824922254612
vn 0.02430608844851614 -0.9954384094852538 -0.09225826242565638
vn 0.40337856298668895 -0.9070532906778438 -0.12058218273563076
vn 0.8911141714649127 0.42953471607528926 -0.14634022379551928
vn 0.6862852534691767 0.7273324899045468 9.333012566228486e-9
vn 0.37710401116747744 0.9145365485386816 0.1463402410424238
vn -0.9604390090484266 -0.06627401325818284 0.27048967644760535
vn -0.37710401116747744 -0.9145365485386816 -0.1463402410424238
vn 0.35798471156275397 -0.8642220871853309 -0.3535069027732867
vn 0.6719681862190101 -0.6340454466587717 -0.3826814971759315
vn 0.8835380843000767 -0.30723497251474363 -0.3535068956261183
vn 0.9604390090484266 0.06627401325818284 -0.27048967644760535
vn 0.010432775107503931 0.962666341468408 0.27048968965080117
vn -0.35798471156275397 0.8642220871853309 0.3535069027732867
vn -0.6719681862190101 0.6340454466587717 0.3826814971759315
vn -0.8835380843000767 0.30723497251474363 0.3535068956261183
vn -0.8911141714649127 -0.42953471607528926 0.14634022379551928
vn -0.6862852534691767 -0.7273324899045468 -9.333012566228486e-9
vn -0.010432775107503931 -0.962666341468408 -0.27048968965080117
vn 0.7958274037598365 -0.22447901768270065 -0.5623770212633938
vn 0.6862852534691767 0.7273324899045468 9.333012566228486e-9
vn 0.41341890082397525 0.8802693876873257 0.2328317365439621
vn -0.2702787717348414 0.7814611080953956 0.5623770284104977
vn -0.5770280852020707 0.5444633170203487 0.6087678418799989
vn -0.8933219897466504 -0.12961201729369504 0.43032144683729645
vn 0.2702787717348414 -0.7814611080953956 -0.5623770284104977
vn 0.5770280852020707 -0.5444633170203487 -0.6087678418799989
vn 0.8933219897466504 0.12961201729369504 -0.43032144683729645
vn 0.8547975724583323 0.4638000653390504 -0.2328317192970808
vn 0.07755853231035342 0.8993375979543947 0.4303214600406111
vn -0.7958274037598365 0.22447901768270065 0.5623770212633938
vn -0.8547975724583323 -0.4638000653390504 0.2328317192970808
vn -0.6862852534691767 -0.7273324899045468 -9.333012566228486e-9
vn -0.41341890082397525 -0.8802693876873257 -0.2328317365439621
vn -0.07755853231035342 -0.8993375979543947 -0.4303214600406111
vn 0.4427766911673563 -0.41778844000710236 -0.7933483605297986
vn 0.6718094562600296 -0.1074600536296838 -0.7328877071922469
vn 0.17245344908121907 0.8097981102927448 0.5607912521306754
vn -0.4427766911673563 0.41778844000710236 0.7933483605297986
vn -0.6718094562600296 0.1074600536296838 0.7328877071922469
vn -0.80345433966051 -0.5122457301316784 0.30342286671007074
vn -0.4647621360996918 -0.8318237255207966 -0.30342288395695205
vn 0.798427079455664 0.21915151182279047 -0.5607912389273607
vn 0.80345433966051 0.5122457301316784 -0.30342286671007074
vn 0.6862852534691767 0.7273324899045468 9.333012566228486e-9
vn 0.4647621360996918 0.8318237255207966 0.30342288395695205
vn -0.14626081824414716 0.6644421503915856 0.7328877143393508
vn -0.798427079455664 -0.21915151182279047 0.5607912389273607
vn -0.6862852534691767 -0.7273324899045468 -9.333012566228486e-9
vn -0.17245344908121907 -0.8097981102927448 -0.5607912521306754
vn 0.14626081824414716 -0.6644421503915856 -0.7328877143393508
vn 0.2783367481932144 -0.2626287149444524 -0.9238803021451711
vn 0.5198938036565569 0.035886952286181564 -0.8534767481162722
vn 0.6821718758382523 0.32883707646341864 -0.6530755767583961
vn 0.6862852534691767 0.7273324899045468 9.333012566228486e-9
vn 0.527671068683644 0.7724667941076455 0.35335293302209536
vn 0.28869992602392625 0.7001032970284441 0.6530755899615922
vn -0.5198938036565569 -0.035886952286181564 0.8534767481162722
vn -0.6821718758382523 -0.32883707646341864 0.6530755767583961
vn -0.28869992602392625 -0.7001032970284441 -0.6530755899615922
vn 0.7405471207198966 0.5716044776824634 -0.3533529157751907
vn 0.0056595854500669915 0.5211001797327671 0.8534767552634408
vn -0.2783367481932144 0.2626287149444524 0.9238803021451711
vn -0.7405471207198966 -0.5716044776824634 0.3533529157751907
vn -0.6862852534691767 -0.7273324899045468 -9.333012566228486e-9
vn -0.527671068683644 -0.7724667941076455 -0.35335293302209536
vn -0.0056595854500669915 -0.5211001797327671 -0.8534767552634408
vn 0.35047966291877525 0.19573932510874045 -0.9158876145501241
vn 0.5525352203715896 0.45115135465542966 -0.7008332793478698
vn 0.6703986972227864 0.6377871156824614 -0.3792007144395132
vn 0.41833029938185207 0.5777823609900545 0.7008332925509805
vn 0.17507289886028196 0.3612469300995584 0.9158876216972813
vn -0.09491713252533276 0.08956044175761364 0.99144826654009
vn -0.35047966291877525 -0.19573932510874045 0.9158876145501241
vn -0.41833029938185207 -0.5777823609900545 -0.7008332925509805
vn 0.09491713252533276 -0.08956044175761364 -0.99144826654009
vn 0.6862852534691767 0.7273324899045468 9.333012566228486e-9
vn 0.5978125662497854 0.7062768159315459 0.3792007316863237
vn -0.5525352203715896 -0.45115135465542966 0.7008332793478698
vn -0.6703986972227864 -0.6377871156824614 0.3792007144395132
vn -0.6862852534691767 -0.7273324899045468 -9.333012566228486e-9
vn -0.5978125662497854 -0.7062768159315459 -0.3792007316863237
vn -0.17507289886028196 -0.3612469300995584 -0.9158876216972813
vn 0.175072941889683 0.3612469130035779 -0.9158876202152081
vn 0.4183303323077655 0.5777823479082835 -0.7008332836822645
vn 0.5978125840650498 0.7062768088533761 -0.37920071678381584
vn 0.3504796198893742 0.19573934220472095 0.9158876273623653
vn -0.175072941889683 -0.3612469130035779 0.9158876202152081
vn -0.6862852534691767 -0.7273324899045468 -9.333012566228486e-9
vn -0.6703986794075222 -0.6377871227606312 -0.37920073403062626
vn -0.09491708594600992 0.08956042325121627 -0.9914482726711367
vn 0.6862852534691767 0.7273324899045468 9.333012566228486e-9
vn 0.6703986794075222 0.6377871227606312 0.37920073403062626
vn 0.5525351874456762 0.4511513677372007 0.7008332968853752
vn 0.09491708594600992 -0.08956042325121627 0.9914482726711367
vn -0.4183303323077655 -0.5777823479082835 0.7008332836822645
vn -0.5978125840650498 -0.7062768088533761 0.37920071678381584
vn -0.5525351874456762 -0.4511513677372007 -0.7008332968853752
vn -0.3504796198893742 -0.19573934220472095 -0.9158876273623653
vn -0.2783367047883081 0.26262869769928016 -0.9238803201239684
vn 0.005659625547337591 0.5211001638017492 -0.8534767647244148
vn 0.2886999567061309 0.7001032848381195 -0.6530755894662984
vn 0.5198937635592863 0.03588696821719939 0.8534767718715833
vn -0.005659625547337591 -0.5211001638017492 0.8534767647244148
vn -0.6862852534691767 -0.7273324899045468 -9.333012566228486e-9
vn -0.74054710411899 -0.5716044842781577 -0.35335293989732003
vn 0.5276710852845506 0.7724667875119513 -0.35335292265041546
vn 0.6862852534691767 0.7273324899045468 9.333012566228486e-9
vn 0.74054710411899 0.5716044842781577 0.35335293989732003
vn 0.6821718451560477 0.3288370886537434 0.6530756026694945
vn 0.2783367047883081 -0.26262869769928016 0.9238803201239684
vn -0.2886999567061309 -0.7001032848381195 0.6530755894662984
vn -0.5276710852845506 -0.7724667875119513 0.35335292265041546
vn -0.6821718451560477 -0.3288370886537434 -0.6530756026694945
vn -0.5198937635592863 -0.03588696821719939 -0.8534767718715833
vn 0.4647621503548303 0.8318237198570978 -0.3034228776487605
vn 0.8034543254053716 0.5122457357953774 0.3034228948956418
vn 0.7984270531090781 0.2191515222905336 0.560791272347649
vn 0.6718094218281637 -0.10746003994958384 0.7328877407604402
vn 0.4427766538949829 -0.4177884251984425 0.7933483891303794
vn -0.17245347542780495 -0.8097980998250017 0.5607912591443344
vn -0.4647621503548303 -0.8318237198570978 0.3034228776487605
vn -0.6718094218281637 0.10746003994958384 -0.7328877407604402
vn -0.4427766538949829 0.4177884251984425 -0.7933483891303794
vn -0.14626078381228122 0.6644421367114856 -0.7328877336133363
vn 0.17245347542780495 0.8097980998250017 -0.5607912591443344
vn 0.6862852534691767 0.7273324899045468 9.333012566228486e-9
vn 0.14626078381228122 -0.6644421367114856 0.7328877336133363
vn -0.6862852534691767 -0.7273324899045468 -9.333012566228486e-9
vn -0.8034543254053716 -0.5122457357953774 -0.3034228948956418
vn -0.7984270531090781 -0.2191515222905336 -0.560791272347649
vn 0.07755855252732605 0.8993375899220037 -0.4303214731838833
vn 0.4134189117626645 0.8802693833412829 -0.23283173355221984
vn 0.6862852534691767 0.7273324899045468 9.333012566228486e-9
vn 0.8547975615196431 0.46380006968509324 0.2328317507991011
vn 0.8933219695296778 0.12961202532608593 0.4303214863871979
vn 0.7958273773387486 -0.2244790071853572 0.5623770628423649
vn 0.5770280566014916 -0.544463305657073 0.6087678791523735
vn 0.27027874531375357 -0.7814610975980522 0.562377055695261
vn -0.07755855252732605 -0.8993375899220037 0.4303214731838833
vn -0.4134189117626645 -0.8802693833412829 0.23283173355221984
vn -0.7958273773387486 0.2244790071853572 -0.5623770628423649
vn -0.5770280566014916 0.544463305657073 -0.6087678791523735
vn -0.27027874531375357 0.7814610975980522 -0.562377055695261
vn -0.6862852534691767 -0.7273324899045468 -9.333012566228486e-9
vn -0.8547975615196431 -0.46380006968509324 -0.2328317507991011
vn -0.8933219695296778 -0.12961202532608593 -0.4303214863871979
vn -0.6719681682402143 0.6340454395156292 -0.3826815405808381
vn -0.3579846949546126 0.8642220805867623 -0.3535069357233894
vn 0.6862852534691767 0.7273324899045468 9.333012566228486e-9
vn 0.9604389963405252 0.0662740183071501 0.27048972033300667
vn 0.6719681682402143 -0.6340454395156292 0.3826815405808381
vn 0.3579846949546126 -0.8642220805867623 0.3535069357233894
vn -0.010432787815405468 -0.9626663364194408 0.27048970712981085
vn -0.3771040180427018 -0.9145365458070912 0.1463402403964265
vn -0.6862852534691767 -0.7273324899045468 -9.333012566228486e-9
vn -0.9604389963405252 -0.0662740183071501 -0.27048972033300667
vn 0.010432787815405468 0.9626663364194408 -0.27048970712981085
vn 0.3771040180427018 0.9145365458070912 -0.1463402403964265
vn 0.8911141645896885 0.42953471880687977 0.146340257643331
vn 0.8835380676919355 -0.30723496591617494 0.3535069428705578
vn -0.8911141645896885 -0.42953471880687977 -0.146340257643331
vn -0.8835380676919355 0.30723496591617494 -0.3535069428705578
vn -0.7211125367460046 0.6804163269860823 -0.13050031156480385
vn -0.4033785573216054 0.9070532884270534 -0.12058221861787483
vn -0.024306084114121714 0.9954384077631585 -0.09225828214846025
vn 0.3583006091283459 0.9322718371214153 -0.04989884977148895
vn 0.9289310967405054 -0.3500670569162895 0.12058222576503182
vn 0.7211125367460046 -0.6804163269860823 0.13050031156480385
vn 0.024306084114121714 -0.9954384077631585 0.09225828214846025
vn -0.6862852534691767 -0.7273324899045468 -9.333012566228486e-9
vn -0.9099106450948592 -0.4117920846900136 -0.04989886701829924
vn -0.9951715796815315 -0.03349528224970895 -0.09225829535157051
vn 0.6862852534691767 0.7273324899045468 9.333012566228486e-9
vn 0.9099106450948592 0.4117920846900136 0.04989886701829924
vn 0.9951715796815315 0.03349528224970895 0.09225829535157051
vn 0.4033785573216054 -0.9070532884270534 0.12058221861787483
vn -0.3583006091283459 -0.9322718371214153 0.04989884977148895
vn -0.9289310967405054 0.3500670569162895 -0.12058222576503182
vn -0.02430608844851614 0.9954384094852538 0.09225826242565638
vn 0.35830060678404335 0.9322718380528284 0.04989884920303429
vn 0.6862852534691767 0.7273324899045468 9.333012566228486e-9
vn 0.7211125428770506 -0.6804163294220039 -0.13050026498548128
vn -0.35830060678404335 -0.9322718380528284 -0.04989884920303429
vn -0.9099106474391616 -0.4117920837586005 0.049898831956224014
vn -0.995171584015926 -0.03349528052761381 0.09225824922254612
vn -0.7211125428770506 0.6804163294220039 0.13050026498548128
vn -0.40337856298668895 0.9070532906778438 0.12058218273563076
vn 0.9099106474391616 0.4117920837586005 -0.049898831956224014
vn 0.995171584015926 0.03349528052761381 -0.09225824922254612
vn 0.928931102405589 -0.35006705916707975 -0.12058217558847377
vn 0.40337856298668895 -0.9070532906778438 -0.12058218273563076
vn 0.02430608844851614 -0.9954384094852538 -0.09225826242565638
vn -0.6862852534691767 -0.7273324899045468 -9.333012566228486e-9
vn -0.928931102405589 0.35006705916707975 0.12058217558847377
vn -0.35798471156275397 0.8642220871853309 0.3535069027732867
vn 0.010432775107503931 0.962666341468408 0.27048968965080117
vn 0.6719681862190101 -0.6340454466587717 -0.3826814971759315
vn -0.010432775107503931 -0.962666341468408 -0.27048968965080117
vn -0.37710401116747744 -0.9145365485386816 -0.1463402410424238
vn -0.6862852534691767 -0.7273324899045468 -9.333012566228486e-9
vn -0.8911141714649127 -0.42953471607528926 0.14634022379551928
vn -0.6719681862190101 0.6340454466587717 0.3826814971759315
vn 0.37710401116747744 0.9145365485386816 0.1463402410424238
vn 0.6862852534691767 0.7273324899045468 9.333012566228486e-9
vn 0.8911141714649127 0.42953471607528926 -0.14634022379551928
vn 0.9604390090484266 0.06627401325818284 -0.27048967644760535
vn 0.8835380843000767 -0.30723497251474363 -0.3535068956261183
vn 0.35798471156275397 -0.8642220871853309 -0.3535069027732867
vn -0.9604390090484266 -0.06627401325818284 0.27048967644760535
vn -0.8835380843000767 0.30723497251474363 0.3535068956261183
vn -0.5770280852020707 0.5444633170203487 0.6087678418799989
vn -0.2702787717348414 0.7814611080953956 0.5623770284104977
vn 0.07755853231035342 0.8993375979543947 0.4303214600406111
vn 0.41341890082397525 0.8802693876873257 0.2328317365439621
vn 0.5770280852020707 -0.5444633170203487 -0.6087678418799989
vn 0.2702787717348414 -0.7814611080953956 -0.5623770284104977
vn -0.07755853231035342 -0.8993375979543947 -0.4303214600406111
vn -0.41341890082397525 -0.8802693876873257 -0.2328317365439621
vn -0.6862852534691767 -0.7273324899045468 -9.333012566228486e-9
vn 0.6862852534691767 0.7273324899045468 9.333012566228486e-9
vn 0.8547975724583323 0.4638000653390504 -0.2328317192970808
vn 0.8933219897466504 0.12961201729369504 -0.43032144683729645
vn 0.7958274037598365 -0.22447901768270065 -0.5623770212633938
vn -0.8547975724583323 -0.4638000653390504 0.2328317192970808
vn -0.8933219897466504 -0.12961201729369504 0.43032144683729645
vn -0.7958274037598365 0.22447901768270065 0.5623770212633938
vn -0.14626081824414716 0.6644421503915856 0.7328877143393508
vn 0.4647621360996918 0.8318237255207966 0.30342288395695205
vn 0.798427079455664 0.21915151182279047 -0.5607912389273607
vn 0.6718094562600296 -0.1074600536296838 -0.7328877071922469
vn 0.4427766911673563 -0.41778844000710236 -0.7933483605297986
vn 0.14626081824414716 -0.6644421503915856 -0.7328877143393508
vn -0.17245344908121907 -0.8097981102927448 -0.5607912521306754
vn -0.798427079455664 -0.21915151182279047 0.5607912389273607
vn -0.4427766911673563 0.41778844000710236 0.7933483605297986
vn 0.17245344908121907 0.8097981102927448 0.5607912521306754
vn 0.6862852534691767 0.7273324899045468 9.333012566228486e-9
vn 0.80345433966051 0.5122457301316784 -0.30342286671007074
vn -0.4647621360996918 -0.8318237255207966 -0.30342288395695205
vn -0.6862852534691767 -0.7273324899045468 -9.333012566228486e-9
vn -0.80345433966051 -0.5122457301316784 0.30342286671007074
vn -0.6718094562600296 0.1074600536296838 0.7328877071922469
vn 0.28869992602392625 0.7001032970284441 0.6530755899615922
vn 0.6862852534691767 0.7273324899045468 9.333012566228486e-9
vn 0.5198938036565569 0.035886952286181564 -0.8534767481162722
vn 0.2783367481932144 -0.2626287149444524 -0.9238803021451711
vn -0.0056595854500669915 -0.5211001797327671 -0.8534767552634408
vn -0.527671068683644 -0.7724667941076455 -0.35335293302209536
vn -0.6821718758382523 -0.32883707646341864 0.6530755767583961
vn -0.2783367481932144 0.2626287149444524 0.9238803021451711
vn 0.0056595854500669915 0.5211001797327671 0.8534767552634408
vn 0.527671068683644 0.7724667941076455 0.35335293302209536
vn 0.7405471207198966 0.5716044776824634 -0.3533529157751907
vn 0.6821718758382523 0.32883707646341864 -0.6530755767583961
vn -0.28869992602392625 -0.7001032970284441 -0.6530755899615922
vn -0.6862852534691767 -0.7273324899045468 -9.333012566228486e-9
vn -0.7405471207198966 -0.5716044776824634 0.3533529157751907
vn -0.5198938036565569 -0.035886952286181564 0.8534767481162722
vn -0.09491713252533276 0.08956044175761364 0.99144826654009
vn 0.6862852534691767 0.7273324899045468 9.333012566228486e-9
vn 0.35047966291877525 0.19573932510874045 -0.9158876145501241
vn 0.09491713252533276 -0.08956044175761364 -0.99144826654009
vn -0.41833029938185207 -0.5777823609900545 -0.7008332925509805
vn -0.6862852534691767 -0.7273324899045468 -9.333012566228486e-9
vn -0.35047966291877525 -0.19573932510874045 0.9158876145501241
vn 0.17507289886028196 0.3612469300995584 0.9158876216972813
vn 0.41833029938185207 0.5777823609900545 0.7008332925509805
vn 0.5978125662497854 0.7062768159315459 0.3792007316863237
vn 0.6703986972227864 0.6377871156824614 -0.3792007144395132
vn 0.5525352203715896 0.45115135465542966 -0.7008332793478698
vn -0.17507289886028196 -0.3612469300995584 -0.9158876216972813
vn -0.5978125662497854 -0.7062768159315459 -0.3792007316863237
vn -0.6703986972227864 -0.6377871156824614 0.3792007144395132
vn -0.5525352203715896 -0.45115135465542966 0.7008332793478698
vn 0.09491708594600992 -0.08956042325121627 0.9914482726711367
vn 0.3504796198893742 0.19573934220472095 0.9158876273623653
vn 0.6862852534691767 0.7273324899045468 9.333012566228486e-9
vn 0.5978125840650498 0.7062768088533761 -0.37920071678381584
vn 0.4183303323077655 0.5777823479082835 -0.7008332836822645
vn 0.175072941889683 0.3612469130035779 -0.9158876202152081
vn -0.09491708594600992 0.08956042325121627 -0.9914482726711367
vn -0.6862852534691767 -0.7273324899045468 -9.333012566228486e-9
vn -0.4183303323077655 -0.5777823479082835 0.7008332836822645
vn 0.5525351874456762 0.4511513677372007 0.7008332968853752
vn 0.6703986794075222 0.6377871227606312 0.37920073403062626
vn -0.3504796198893742 -0.19573934220472095 -0.9158876273623653
vn -0.5525351874456762 -0.4511513677372007 -0.7008332968853752
vn -0.6703986794075222 -0.6377871227606312 -0.37920073403062626
vn -0.5978125840650498 -0.7062768088533761 0.37920071678381584
vn -0.175072941889683 -0.3612469130035779 0.9158876202152081
vn 0.5198937635592863 0.03588696821719939 0.8534767718715833
vn 0.74054710411899 0.5716044842781577 0.35335293989732003
vn 0.2886999567061309 0.7001032848381195 -0.6530755894662984
vn -0.2783367047883081 0.26262869769928016 -0.9238803201239684
vn -0.6862852534691767 -0.7273324899045468 -9.333012566228486e-9
vn -0.5276710852845506 -0.7724667875119513 0.35335292265041546
vn -0.005659625547337591 -0.5211001638017492 0.8534767647244148
vn 0.2783367047883081 -0.26262869769928016 0.9238803201239684
vn 0.6821718451560477 0.3288370886537434 0.6530756026694945
vn 0.6862852534691767 0.7273324899045468 9.333012566228486e-9
vn 0.5276710852845506 0.7724667875119513 -0.35335292265041546
vn 0.005659625547337591 0.5211001638017492 -0.8534767647244148
vn -0.5198937635592863 -0.03588696821719939 -0.8534767718715833
vn -0.6821718451560477 -0.3288370886537434 -0.6530756026694945
vn -0.74054710411899 -0.5716044842781577 -0.35335293989732003
vn -0.2886999567061309 -0.7001032848381195 0.6530755894662984
vn 0.7984270531090781 0.2191515222905336 0.560791272347649
vn 0.8034543254053716 0.5122457357953774 0.3034228948956418
vn 0.6862852534691767 0.7273324899045468 9.333012566228486e-9
vn -0.14626078381228122 0.6644421367114856 -0.7328877336133363
vn -0.4427766538949829 0.4177884251984425 -0.7933483891303794
vn -0.7984270531090781 -0.2191515222905336 -0.560791272347649
vn -0.6862852534691767 -0.7273324899045468 -9.333012566228486e-9
vn -0.17245347542780495 -0.8097980998250017 0.5607912591443344
vn 0.4427766538949829 -0.4177884251984425 0.7933483891303794
vn 0.6718094218281637 -0.10746003994958384 0.7328877407604402
vn 0.4647621503548303 0.8318237198570978 -0.3034228776487605
vn 0.17245347542780495 0.8097980998250017 -0.5607912591443344
vn -0.6718094218281637 0.10746003994958384 -0.7328877407604402
vn -0.8034543254053716 -0.5122457357953774 -0.3034228948956418
vn -0.4647621503548303 -0.8318237198570978 0.3034228776487605
vn 0.14626078381228122 -0.6644421367114856 0.7328877336133363
vn 0.7958273773387486 -0.2244790071853572 0.5623770628423649
vn 0.4134189117626645 0.8802693833412829 -0.23283173355221984
vn -0.27027874531375357 0.7814610975980522 -0.562377055695261
vn -0.5770280566014916 0.544463305657073 -0.6087678791523735
vn -0.7958273773387486 0.2244790071853572 -0.5623770628423649
vn -0.6862852534691767 -0.7273324899045468 -9.333012566228486e-9
vn 0.5770280566014916 -0.544463305657073 0.6087678791523735
vn 0.8933219695296778 0.12961202532608593 0.4303214863871979
vn 0.8547975615196431 0.46380006968509324 0.2328317507991011
vn 0.6862852534691767 0.7273324899045468 9.333012566228486e-9
vn 0.07755855252732605 0.8993375899220037 -0.4303214731838833
vn -0.8933219695296778 -0.12961202532608593 -0.4303214863871979
vn -0.8547975615196431 -0.46380006968509324 -0.2328317507991011
vn -0.4134189117626645 -0.8802693833412829 0.23283173355221984
vn -0.07755855252732605 -0.8993375899220037 0.4303214731838833
vn 0.27027874531375357 -0.7814610975980522 0.562377055695261
vn 0.6719681682402143 -0.6340454395156292 0.3826815405808381
vn 0.9604389963405252 0.0662740183071501 0.27048972033300667
vn 0.6862852534691767 0.7273324899045468 9.333012566228486e-9
vn 0.3771040180427018 0.9145365458070912 -0.1463402403964265
vn 0.010432787815405468 0.9626663364194408 -0.27048970712981085
vn -0.6719681682402143 0.6340454395156292 -0.3826815405808381
vn -0.8835380676919355 0.30723496591617494 -0.3535069428705578
vn -0.8911141645896885 -0.42953471880687977 -0.146340257643331
vn -0.6862852534691767 -0.7273324899045468 -9.333012566228486e-9
vn -0.3771040180427018 -0.9145365458070912 0.1463402403964265
vn -0.010432787815405468 -0.9626663364194408 0.27048970712981085
vn 0.3579846949546126 -0.8642220805867623 0.3535069357233894
vn 0.8835380676919355 -0.30723496591617494 0.3535069428705578
vn 0.8911141645896885 0.42953471880687977 0.146340257643331
vn -0.3579846949546126 0.8642220805867623 -0.3535069357233894
vn -0.9604389963405252 -0.0662740183071501 -0.27048972033300667
vn 0.7211125367460046 -0.6804163269860823 0.13050031156480385
vn 0.9289310967405054 -0.3500670569162895 0.12058222576503182
vn 0.9951715796815315 0.03349528224970895 0.09225829535157051
vn 0.9099106450948592 0.4117920846900136 0.04989886701829924
vn 0.6862852534691767 0.7273324899045468 9.333012566228486e-9
vn 0.3583006091283459 0.9322718371214153 -0.04989884977148895
vn -0.024306084114121714 0.9954384077631585 -0.09225828214846025
vn -0.4033785573216054 0.9070532884270534 -0.12058221861787483
vn -0.7211125367460046 0.6804163269860823 -0.13050031156480385
vn -0.9289310967405054 0.3500670569162895 -0.12058222576503182
vn -0.9951715796815315 -0.03349528224970895 -0.09225829535157051
vn -0.9099106450948592 -0.4117920846900136 -0.04989886701829924
vn -0.6862852534691767 -0.7273324899045468 -9.333012566228486e-9
vn -0.3583006091283459 -0.9322718371214153 0.04989884977148895
vn 0.024306084114121714 -0.9954384077631585 0.09225828214846025
vn 0.4033785573216054 -0.9070532884270534 0.12058221861787483
f 2197//2197 2205//2205 2219//2219
f 2197//2197 2219//2219 2220//2220
f 2198//2198 2197//2197 2220//2220
f 2198//2198 2220//2220 2221//2221
f 2221//2221 2213//2213 2206//2206
f 2221//2221 2206//2206 2198//2198
f 2213//2213 2214//2214 2207//2207
f 2213//2213 2207//2207 2206//2206
f 2214//2214 2215//2215 2208//2208
f 2214//2214 2208//2208 2207//2207
f 2215//2215 2222//2222 2199//2199
f 2215//2215 2199//2199 2208//2208
f 2222//2222 2223//2223 2209//2209
f 2222//2222 2209//2209 2199//2199
f 2223//2223 2224//2224 2200//2200
f 2223//2223 2200//2200 2209//2209
f 2224//2224 2225//2225 2201//2201
f 2224//2224 2201//2201 2200//2200
f 2225//2225 2216//2216 2210//2210
f 2225//2225 2210//2210 2201//2201
f 2216//2216 2226//2226 2202//2202
f 2216//2216 2202//2202 2210//2210
f 2226//2226 2227//2227 2203//2203
f 2226//2226 2203//2203 2202//2202
f 2227//2227 2217//2217 2204//2204
f 2227//2227 2204//2204 2203//2203
f 2217//2217 2228//2228 2211//2211
f 2217//2217 2211//2211 2204//2204
f 2228//2228 2218//2218 2212//2212
f 2228//2228 2212//2212 2211//2211
f 2218//2218 2219//2219 2205//2205
f 2218//2218 2205//2205 2212//2212
f 2236//2236 2229//2229 2220//2220
f 2236//2236 2220//2220 2219//2219
f 2229//2229 2237//2237 2221//2221
f 2229//2229 2221//2221 2220//2220
f 2237//2237 2238//2238 2213//2213
f 2237//2237 2213//2213 2221//2221
f 2238//2238 2230//2230 2214//2214
f 2238//2238 2214//2214 2213//2213
f 2230//2230 2231//2231 2215//2215
f 2230//2230 2215//2215 2214//2214
f 2231//2231 2239//2239 2222//2222
f 2231//2231 2222//2222 2215//2215
f 2239//2239 2232//2232 2223//2223
f 2239//2239 2223//2223 2222//2222
f 2232//2232 2233//2233 2224//2224
f 2232//2232 2224//2224 2223//2223
f 2233//2233 2240//2240 2225//2225
f 2233//2233 2225//2225 2224//2224
f 2240//2240 2234//2234 2216//2216
f 2240//2240 2216//2216 2225//2225
f 2234//2234 2241//2241 2226//2226
f 2234//2234 2226//2226 2216//2216
f 2241//2241 2242//2242 2227//2227
f 2241//2241 2227//2227 2226//2226
f 2242//2242 2243//2243 2217//2217
f 2242//2242 2217//2217 2227//2227
f 2243//2243 2244//2244 2228//2228
f 2243//2243 2228//2228 2217//2217
f 2244//2244 2235//2235 2218//2218
f 2244//2244 2218//2218 2228//2228
f 2235//2235 2236//2236 2219//2219
f 2235//2235 2219//2219 2218//2218
f 2245//2245 2246//2246 2229//2229
f 2245//2245 2229//2229 2236//2236
f 2246//2246 2252//2252 2237//2237
f 2246//2246 2237//2237 2229//2229
f 2252//2252 2253//2253 2238//2238
f 2252//2252 2238//2238 2237//2237
f 2253//2253 2254//2254 2230//2230
f 2253//2253 2230//2230 2238//2238
f 2254//2254 2255//2255 2231//2231
f 2254//2254 2231//2231 2230//2230
f 2255//2255 2247//2247 2239//2239
f 2255//2255 2239//2239 2231//2231
f 2247//2247 2256//2256 2232//2232
f 2247//2247 2232//2232 2239//2239
f 2256//2256 2248//2248 2233//2233
f 2256//2256 2233//2233 2232//2232
f 2248//2248 2249//2249 2240//2240
f 2248//2248 2240//2240 2233//2233
f 2249//2249 2257//2257 2234//2234
f 2249//2249 2234//2234 2240//2240
f 2257//2257 2250//2250 2241//2241
f 2257//2257 2241//2241 2234//2234
f 2250//2250 2258//2258 2242//2242
f 2250//2250 2242//2242 2241//2241
f 2258//2258 2251//2251 2243//2243
f 2258//2258 2243//2243 2242//2242
f 2251//2251 2259//2259 2244//2244
f 2251//2251 2244//2244 2243//2243
f 2259//2259 2260//2260 2235//2235
f 2259//2259 2235//2235 2244//2244
f 2260//2260 2245//2245 2236//2236
f 2260//2260 2236//2236 2235//2235
f 2261//2261 2262//2262 2246//2246
f 2261//2261 2246//2246 2245//2245
f 2262//2262 2263//2263 2252//2252
f 2262//2262 2252//2252 2246//2246
f 2263//2263 2270//2270 2253//2253
f 2263//2263 2253//2253 2252//2252
f 2270//2270 2264//2264 2254//2254
f 2270//2270 2254//2254 2253//2253
f 2264//2264 2265//2265 2255//2255
f 2264//2264 2255//2255 2254//2254
f 2265//2265 2266//2266 2247//2247
f 2265//2265 2247//2247 2255//2255
f 2266//2266 2271//2271 2256//2256
f 2266//2266 2256//2256 2247//2247
f 2271//2271 2272//2272 2248//2248
f 2271//2271 2248//2248 2256//2256
f 2272//2272 2267//2267 2249//2249
f 2272//2272 2249//2249 2248//2248
f 2267//2267 2268//2268 2257//2257
f 2267//2267 2257//2257 2249//2249
f 2268//2268 2273//2273 2250//2250
f 2268//2268 2250//2250 2257//2257
f 2273//2273 2274//2274 2258//2258
f 2273//2273 2258//2258 2250//2250
f 2274//2274 2275//2275 2251//2251
f 2274//2274 2251//2251 2258//2258
f 2275//2275 2269//2269 2259//2259
f 2275//2275 2259//2259 2251//2251
f 2269//2269 2276//2276 2260//2260
f 2269//2269 2260//2260 2259//2259
f 2276//2276 2261//2261 2245//2245
f 2276//2276 2245//2245 2260//2260
f 2285//2285 2277//2277 2262//2262
f 2285//2285 2262//2262 2261//2261
f 2277//2277 2278//2278 2263//2263
f 2277//2277 2263//2263 2262//2262
f 2278//2278 2279//2279 2270//2270
f 2278//2278 2270//2270 2263//2263
f 2279//2279 2286//2286 2264//2264
f 2279//2279 2264//2264 2270//2270
f 2286//2286 2287//2287 2265//2265
f 2286//2286 2265//2265 2264//2264
f 2287//2287 2280//2280 2266//2266
f 2287//2287 2266//2266 2265//2265
f 2280//2280 2281//2281 2271//2271
f 2280//2280 2271//2271 2266//2266
f 2281//2281 2282//2282 2272//2272
f 2281//2281 2272//2272 2271//2271
f 2282//2282 2283//2283 2267//2267
f 2282//2282 2267//2267 2272//2272
f 2283//2283 2288//2288 2268//2268
f 2283//2283 2268//2268 2267//2267
f 2288//2288 2289//2289 2273//2273
f 2288//2288 2273//2273 2268//2268
f 2289//2289 2290//2290 2274//2274
f 2289//2289 2274//2274 2273//2273
f 2290//2290 2291//2291 2275//2275
f 2290//2290 2275//2275 2274//2274
f 2291//2291 2284//2284 2269//2269
f 2291//2291 2269//2269 2275//2275
f 2284//2284 2292//2292 2276//2276
f 2284//2284 2276//2276 2269//2269
f 2292//2292 2285//2285 2261//2261
f 2292//2292 2261//2261 2276//2276
f 2300//2300 2293//2293 2277//2277
f 2300//2300 2277//2277 2285//2285
f 2293//2293 2294//2294 2278//2278
f 2293//2293 2278//2278 2277//2277
f 2294//2294 2295//2295 2279//2279
f 2294//2294 2279//2279 2278//2278
f 2295//2295 2301//2301 2286//2286
f 2295//2295 2286//2286 2279//2279
f 2301//2301 2302//2302 2287//2287
f 2301//2301 2287//2287 2286//2286
f 2302//2302 2303//2303 2280//2280
f 2302//2302 2280//2280 2287//2287
f 2303//2303 2296//2296 2281//2281
f 2303//2303 2281//2281 2280//2280
f 2296//2296 2304//2304 2282//2282
f 2296//2296 2282//2282 2281//2281
f 2304//2304 2297//2297 2283//2283
f 2304//2304 2283//2283 2282//2282
f 2297//2297 2305//2305 2288//2288
f 2297//2297 2288//2288 2283//2283
f 2305//2305 2306//2306 2289//2289
f 2305//2305 2289//2289 2288//2288
f 2306//2306 2298//2298 2290//2290
f 2306//2306 2290//2290 2289//2289
f 2298//2298 2299//2299 2291//2291
f 2298//2298 2291//2291 2290//2290
f 2299//2299 2307//2307 2284//2284
f 2299//2299 2284//2284 2291//2291
f 2307//2307 2308//2308 2292//2292
f 2307//2307 2292//2292 2284//2284
f 2308//2308 2300//2300 2285//2285
f 2308//2308 2285//2285 2292//2292
f 2309//2309 2310//2310 2293//2293
f 2309//2309 2293//2293 2300//2300
f 2310//2310 2311//2311 2294//2294
f 2310//2310 2294//2294 2293//2293
f 2311//2311 2316//2316 2295//2295
f 2311//2311 2295//2295 2294//2294
f 2316//2316 2317//2317 2301//2301
f 2316//2316 2301//2301 2295//2295
f 2317//2317 2318//2318 2302//2302
f 2317//2317 2302//2302 2301//2301
f 2318//2318 2319//2319 2303//2303
f 2318//2318 2303//2303 2302//2302
f 2319//2319 2312//2312 2296//2296
f 2319//2319 2296//2296 2303//2303
f 2312//2312 2320//2320 2304//2304
f 2312//2312 2304//2304 2296//2296
f 2320//2320 2313//2313 2297//2297
f 2320//2320 2297//2297 2304//2304
f 2313//2313 2321//2321 2305//2305
f 2313//2313 2305//2305 2297//2297
f 2321//2321 2322//2322 2306//2306
f 2321//2321 2306//2306 2305//2305
f 2322//2322 2314//2314 2298//2298
f 2322//2322 2298//2298 2306//2306
f 2314//2314 2315//2315 2299//2299
f 2314//2314 2299//2299 2298//2298
f 2315//2315 2323//2323 2307//2307
f 2315//2315 2307//2307 2299//2299
f 2323//2323 2324//2324 2308//2308
f 2323//2323 2308//2308 2307//2307
f 2324//2324 2309//2309 2300//2300
f 2324//2324 2300//2300 2308//2308
f 2333//2333 2334//2334 2310//2310
f 2333//2333 2310//2310 2309//2309
f 2334//2334 2335//2335 2311//2311
f 2334//2334 2311//2311 2310//2310
f 2335//2335 2325//2325 2316//2316
f 2335//2335 2316//2316 2311//2311
f 2325//2325 2336//2336 2317//2317
f 2325//2325 2317//2317 2316//2316
f 2336//2336 2326//2326 2318//2318
f 2336//2336 2318//2318 2317//2317
f 2326//2326 2327//2327 2319//2319
f 2326//2326 2319//2319 2318//2318
f 2327//2327 2328//2328 2312//2312
f 2327//2327 2312//2312 2319//2319
f 2328//2328 2329//2329 2320//2320
f 2328//2328 2320//2320 2312//2312
f 2329//2329 2337//2337 2313//2313
f 2329//2329 2313//2313 2320//2320
f 2337//2337 2330//2330 2321//2321
f 2337//2337 2321//2321 2313//2313
f 2330//2330 2331//2331 2322//2322
f 2330//2330 2322//2322 2321//2321
f 2331//2331 2338//2338 2314//2314
f 2331//2331 2314//2314 2322//2322
f 2338//2338 2339//2339 2315//2315
f 2338//2338 2315//2315 2314//2314
f 2339//2339 2340//2340 2323//2323
f 2339//2339 2323//2323 2315//2315
f 2340//2340 2332//2332 2324//2324
f 2340//2340 2324//2324 2323//2323
f 2332//2332 2333//2333 2309//2309
f 2332//2332 2309//2309 2324//2324
f 2352//2352 2353//2353 2334//2334
f 2352//2352 2334//2334 2333//2333
f 2353//2353 2341//2341 2335//2335
f 2353//2353 2335//2335 2334//2334
f 2341//2341 2342//2342 2325//2325
f 2341//2341 2325//2325 2335//2335
f 2342//2342 2343//2343 2336//2336
f 2342//2342 2336//2336 2325//2325
f 2343//2343 2344//2344 2326//2326
f 2343//2343 2326//2326 2336//2336
f 2344//2344 2345//2345 2327//2327
f 2344//2344 2327//2327 2326//2326
f 2345//2345 2346//2346 2328//2328
f 2345//2345 2328//2328 2327//2327
f 2346//2346 2347//2347 2329//2329
f 2346//2346 2329//2329 2328//2328
f 2347//2347 2348//2348 2337//2337
f 2347//2347 2337//2337 2329//2329
f 2348//2348 2349//2349 2330//2330
f 2348//2348 2330//2330 2337//2337
f 2349//2349 2350//2350 2331//2331
f 2349//2349 2331//2331 2330//2330
f 2350//2350 2354//2354 2338//2338
f 2350//2350 2338//2338 2331//2331
f 2354//2354 2355//2355 2339//2339
f 2354//2354 2339//2339 2338//2338
f 2355//2355 2356//2356 2340//2340
f 2355//2355 2340//2340 2339//2339
f 2356//2356 2351//2351 2332//2332
f 2356//2356 2332//2332 2340//2340
f 2351//2351 2352//2352 2333//2333
f 2351//2351 2333//2333 2332//2332
f 2357//2357 2358//2358 2353//2353
f 2357//2357 2353//2353 2352//2352
f 2358//2358 2367//2367 2341//2341
f 2358//2358 2341//2341 2353//2353
f 2367//2367 2368//2368 2342//2342
f 2367//2367 2342//2342 2341//2341
f 2368//2368 2359//2359 2343//2343
f 2368//2368 2343//2343 2342//2342
f 2359//2359 2369//2369 2344//2344
f 2359//2359 2344//2344 2343//2343
f 2369//2369 2360//2360 2345//2345
f 2369//2369 2345//2345 2344//2344
f 2360//2360 2370//2370 2346//2346
f 2360//2360 2346//2346 2345//2345
f 2370//2370 2361//2361 2347//2347
f 2370//2370 2347//2347 2346//2346
f 2361//2361 2362//2362 2348//2348
f 2361//2361 2348//2348 2347//2347
f 2362//2362 2363//2363 2349//2349
f 2362//2362 2349//2349 2348//2348
f 2363//2363 2364//2364 2350//2350
f 2363//2363 2350//2350 2349//2349
f 2364//2364 2365//2365 2354//2354
f 2364//2364 2354//2354 2350//2350
f 2365//2365 2371//2371 2355//2355
f 2365//2365 2355//2355 2354//2354
f 2371//2371 2366//2366 2356//2356
f 2371//2371 2356//2356 2355//2355
f 2366//2366 2372//2372 2351//2351
f 2366//2366 2351//2351 2356//2356
f 2372//2372 2357//2357 2352//2352
f 2372//2372 2352//2352 2351//2351
f 2373//2373 2374//2374 2358//2358
f 2373//2373 2358//2358 2357//2357
f 2374//2374 2375//2375 2367//2367
f 2374//2374 2367//2367 2358//2358
f 2375//2375 2376//2376 2368//2368
f 2375//2375 2368//2368 2367//2367
f 2376//2376 2383//2383 2359//2359
f 2376//2376 2359//2359 2368//2368
f 2383//2383 2384//2384 2369//2369
f 2383//2383 2369//2369 2359//2359
f 2384//2384 2385//2385 2360//2360
f 2384//2384 2360//2360 2369//2369
f 2385//2385 2377//2377 2370//2370
f 2385//2385 2370//2370 2360//2360
f 2377//2377 2378//2378 2361//2361
f 2377//2377 2361//2361 2370//2370
f 2378//2378 2386//2386 2362//2362
f 2378//2378 2362//2362 2361//2361
f 2386//2386 2379//2379 2363//2363
f 2386//2386 2363//2363 2362//2362
f 2379//2379 2387//2387 2364//2364
f 2379//2379 2364//2364 2363//2363
f 2387//2387 2380//2380 2365//2365
f 2387//2387 2365//2365 2364//2364
f 2380//2380 2381//2381 2371//2371
f 2380//2380 2371//2371 2365//2365
f 2381//2381 2382//2382 2366//2366
f 2381//2381 2366//2366 2371//2371
f 2382//2382 2388//2388 2372//2372
f 2382//2382 2372//2372 2366//2366
f 2388//2388 2373//2373 2357//2357
f 2388//2388 2357//2357 2372//2372
f 2396//2396 2397//2397 2374//2374
f 2396//2396 2374//2374 2373//2373
f 2397//2397 2389//2389 2375//2375
f 2397//2397 2375//2375 2374//2374
f 2389//2389 2390//2390 2376//2376
f 2389//2389 2376//2376 2375//2375
f 2390//2390 2391//2391 2383//2383
f 2390//2390 2383//2383 2376//2376
f 2391//2391 2398//2398 2384//2384
f 2391//2391 2384//2384 2383//2383
f 2398//2398 2399//2399 2385//2385
f 2398//2398 2385//2385 2384//2384
f 2399//2399 2400//2400 2377//2377
f 2399//2399 2377//2377 2385//2385
f 2400//2400 2392//2392 2378//2378
f 2400//2400 2378//2378 2377//2377
f 2392//2392 2401//2401 2386//2386
f 2392//2392 2386//2386 2378//2378
f 2401//2401 2402//2402 2379//2379
f 2401//2401 2379//2379 2386//2386
f 2402//2402 2393//2393 2387//2387
f 2402//2402 2387//2387 2379//2379
f 2393//2393 2403//2403 2380//2380
f 2393//2393 2380//2380 2387//2387
f 2403//2403 2394//2394 2381//2381
f 2403//2403 2381//2381 2380//2380
f 2394//2394 2395//2395 2382//2382
f 2394//2394 2382//2382 2381//2381
f 2395//2395 2404//2404 2388//2388
f 2395//2395 2388//2388 2382//2382
f 2404//2404 2396//2396 2373//2373
f 2404//2404 2373//2373 2388//2388
f 2412//2412 2405//2405 2397//2397
f 2412//2412 2397//2397 2396//2396
f 2405//2405 2406//2406 2389//2389
f 2405//2405 2389//2389 2397//2397
f 2406//2406 2413//2413 2390//2390
f 2406//2406 2390//2390 2389//2389
f 2413//2413 2414//2414 2391//2391
f 2413//2413 2391//2391 2390//2390
f 2414//2414 2415//2415 2398//2398
f 2414//2414 2398//2398 2391//2391
f 2415//2415 2416//2416 2399//2399
f 2415//2415 2399//2399 2398//2398
f 2416//2416 2417//2417 2400//2400
f 2416//2416 2400//2400 2399//2399
f 2417//2417 2407//2407 2392//2392
f 2417//2417 2392//2392 2400//2400
f 2407//2407 2418//2418 2401//2401
f 2407//2407 2401//2401 2392//2392
f 2418//2418 2408//2408 2402//2402
f 2418//2418 2402//2402 2401//2401
f 2408//2408 2409//2409 2393//2393
f 2408//2408 2393//2393 2402//2402
f 2409//2409 2410//2410 2403//2403
f 2409//2409 2403//2403 2393//2393
f 2410//2410 2411//2411 2394//2394
f 2410//2410 2394//2394 2403//2403
f 2411//2411 2419//2419 2395//2395
f 2411//2411 2395//2395 2394//2394
f 2419//2419 2420//2420 2404//2404
f 2419//2419 2404//2404 2395//2395
f 2420//2420 2412//2412 2396//2396
f 2420//2420 2396//2396 2404//2404
f 2421//2421 2422//2422 2405//2405
f 2421//2421 2405//2405 2412//2412
f 2422//2422 2423//2423 2406//2406
f 2422//2422 2406//2406 2405//2405
f 2423//2423 2424//2424 2413//2413
f 2423//2423 2413//2413 2406//2406
f 2424//2424 2430//2430 2414//2414
f 2424//2424 2414//2414 2413//2413
f 2430//2430 2431//2431 2415//2415
f 2430//2430 2415//2415 2414//2414
f 2431//2431 2432//2432 2416//2416
f 2431//2431 2416//2416 2415//2415
f 2432//2432 2433//2433 2417//2417
f 2432//2432 2417//2417 2416//2416
f 2433//2433 2425//2425 2407//2407
f 2433//2433 2407//2407 2417//2417
f 2425//2425 2426//2426 2418//2418
f 2425//2425 2418//2418 2407//2407
f 2426//2426 2427//2427 2408//2408
f 2426//2426 2408//2408 2418//2418
f 2427//2427 2428//2428 2409//2409
f 2427//2427 2409//2409 2408//2408
f 2428//2428 2429//2429 2410//2410
f 2428//2428 2410//2410 2409//2409
f 2429//2429 2434//2434 2411//2411
f 2429//2429 2411//2411 2410//2410
f 2434//2434 2435//2435 2419//2419
f 2434//2434 2419//2419 2411//2411
f 2435//2435 2436//2436 2420//2420
f 2435//2435 2420//2420 2419//2419
f 2436//2436 2421//2421 2412//2412
f 2436//2436 2412//2412 2420//2420
f 2445//2445 2437//2437 2422//2422
f 2445//2445 2422//2422 2421//2421
f 2437//2437 2446//2446 2423//2423
f 2437//2437 2423//2423 2422//2422
f 2446//2446 2438//2438 2424//2424
f 2446//2446 2424//2424 2423//2423
f 2438//2438 2447//2447 2430//2430
f 2438//2438 2430//2430 2424//2424
f 2447//2447 2448//2448 2431//2431
f 2447//2447 2431//2431 2430//2430
f 2448//2448 2439//2439 2432//2432
f 2448//2448 2432//2432 2431//2431
f 2439//2439 2440//2440 2433//2433
f 2439//2439 2433//2433 2432//2432
f 2440//2440 2441//2441 2425//2425
f 2440//2440 2425//2425 2433//2433
f 2441//2441 2442//2442 2426//2426
f 2441//2441 2426//2426 2425//2425
f 2442//2442 2443//2443 2427//2427
f 2442//2442 2427//2427 2426//2426
f 2443//2443 2449//2449 2428//2428
f 2443//2443 2428//2428 2427//2427
f 2449//2449 2450//2450 2429//2429
f 2449//2449 2429//2429 2428//2428
f 2450//2450 2451//2451 2434//2434
f 2450//2450 2434//2434 2429//2429
f 2451//2451 2444//2444 2435//2435
f 2451//2451 2435//2435 2434//2434
f 2444//2444 2452//2452 2436//2436
f 2444//2444 2436//2436 2435//2435
f 2452//2452 2445//2445 2421//2421
f 2452//2452 2421//2421 2436//2436
f 2460//2460 2461//2461 2437//2437
f 2460//2460 2437//2437 2445//2445
f 2461//2461 2453//2453 2446//2446
f 2461//2461 2446//2446 2437//2437
f 2453//2453 2462//2462 2438//2438
f 2453//2453 2438//2438 2446//2446
f 2462//2462 2454//2454 2447//2447
f 2462//2462 2447//2447 2438//2438
f 2454//2454 2463//2463 2448//2448
f 2454//2454 2448//2448 2447//2447
f 2463//2463 2464//2464 2439//2439
f 2463//2463 2439//2439 2448//2448
f 2464//2464 2455//2455 2440//2440
f 2464//2464 2440//2440 2439//2439
f 2455//2455 2456//2456 2441//2441
f 2455//2455 2441//2441 2440//2440
f 2456//2456 2457//2457 2442//2442
f 2456//2456 2442//2442 2441//2441
f 2457//2457 2465//2465 2443//2443
f 2457//2457 2443//2443 2442//2442
f 2465//2465 2458//2458 2449//2449
f 2465//2465 2449//2449 2443//2443
f 2458//2458 2466//2466 2450//2450
f 2458//2458 2450//2450 2449//2449
f 2466//2466 2467//2467 2451//2451
f 2466//2466 2451//2451 2450//2450
f 2467//2467 2459//2459 2444//2444
f 2467//2467 2444//2444 2451//2451
f 2459//2459 2468//2468 2452//2452
f 2459//2459 2452//2452 2444//2444
f 2468//2468 2460//2460 2445//2445
f 2468//2468 2445//2445 2452//2452
f 2469//2469 2476//2476 2461//2461
f 2469//2469 2461//2461 2460//2460
f 2476//2476 2477//2477 2453//2453
f 2476//2476 2453//2453 2461//2461
f 2477//2477 2478//2478 2462//2462
f 2477//2477 2462//2462 2453//2453
f 2478//2478 2470//2470 2454//2454
f 2478//2478 2454//2454 2462//2462
f 2470//2470 2479//2479 2463//2463
f 2470//2470 2463//2463 2454//2454
f 2479//2479 2480//2480 2464//2464
f 2479//2479 2464//2464 2463//2463
f 2480//2480 2471//2471 2455//2455
f 2480//2480 2455//2455 2464//2464
f 2471//2471 2472//2472 2456//2456
f 2471//2471 2456//2456 2455//2455
f 2472//2472 2481//2481 2457//2457
f 2472//2472 2457//2457 2456//2456
f 2481//2481 2473//2473 2465//2465
f 2481//2481 2465//2465 2457//2457
f 2473//2473 2482//2482 2458//2458
f 2473//2473 2458//2458 2465//2465
f 2482//2482 2474//2474 2466//2466
f 2482//2482 2466//2466 2458//2458
f 2474//2474 2483//2483 2467//2467
f 2474//2474 2467//2467 2466//2466
f 2483//2483 2484//2484 2459//2459
f 2483//2483 2459//2459 2467//2467
f 2484//2484 2475//2475 2468//2468
f 2484//2484 2468//2468 2459//2459
f 2475//2475 2469//2469 2460//2460
f 2475//2475 2460//2460 2468//2468
f 2485//2485 2486//2486 2476//2476
f 2485//2485 2476//2476 2469//2469
f 2486//2486 2494//2494 2477//2477
f 2486//2486 2477//2477 2476//2476
f 2494//2494 2495//2495 2478//2478
f 2494//2494 2478//2478 2477//2477
f 2495//2495 2487//2487 2470//2470
f 2495//2495 2470//2470 2478//2478
f 2487//2487 2488//2488 2479//2479
f 2487//2487 2479//2479 2470//2470
f 2488//2488 2489//2489 2480//2480
f 2488//2488 2480//2480 2479//2479
f 2489//2489 2490//2490 2471//2471
f 2489//2489 2471//2471 2480//2480
f 2490//2490 2491//2491 2472//2472
f 2490//2490 2472//2472 2471//2471
f 2491//2491 2496//2496 2481//2481
f 2491//2491 2481//2481 2472//2472
f 2496//2496 2497//2497 2473//2473
f 2496//2496 2473//2473 2481//2481
f 2497//2497 2498//2498 2482//2482
f 2497//2497 2482//2482 2473//2473
f 2498//2498 2492//2492 2474//2474
f 2498//2498 2474//2474 2482//2482
f 2492//2492 2499//2499 2483//2483
f 2492//2492 2483//2483 2474//2474
f 2499//2499 2493//2493 2484//2484
f 2499//2499 2484//2484 2483//2483
f 2493//2493 2500//2500 2475//2475
f 2493//2493 2475//2475 2484//2484
f 2500//2500 2485//2485 2469//2469
f 2500//2500 2469//2469 2475//2475
f 2508//2508 2501//2501 2486//2486
f 2508//2508 2486//2486 2485//2485
f 2501//2501 2509//2509 2494//2494
f 2501//2501 2494//2494 2486//2486
f 2509//2509 2502//2502 2495//2495
f 2509//2509 2495//2495 2494//2494
f 2502//2502 2510//2510 2487//2487
f 2502//2502 2487//2487 2495//2495
f 2510//2510 2511//2511 2488//2488
f 2510//2510 2488//2488 2487//2487
f 2511//2511 2503//2503 2489//2489
f 2511//2511 2489//2489 2488//2488
f 2503//2503 2512//2512 2490//2490
f 2503//2503 2490//2490 2489//2489
f 2512//2512 2504//2504 2491//2491
f 2512//2512 2491//2491 2490//2490
f 2504//2504 2513//2513 2496//2496
f 2504//2504 2496//2496 2491//2491
f 2513//2513 2514//2514 2497//2497
f 2513//2513 2497//2497 2496//2496
f 2514//2514 2515//2515 2498//2498
f 2514//2514 2498//2498 2497//2497
f 2515//2515 2505//2505 2492//2492
f 2515//2515 2492//2492 2498//2498
f 2505//2505 2506//2506 2499//2499
f 2505//2505 2499//2499 2492//2492
f 2506//2506 2516//2516 2493//2493
f 2506//2506 2493//2493 2499//2499
f 2516//2516 2507//2507 2500//2500
f 2516//2516 2500//2500 2493//2493
f 2507//2507 2508//2508 2485//2485
f 2507//2507 2485//2485 2500//2500
f 2525//2525 2526//2526 2501//2501
f 2525//2525 2501//2501 2508//2508
f 2526//2526 2517//2517 2509//2509
f 2526//2526 2509//2509 2501//2501
f 2517//2517 2518//2518 2502//2502
f 2517//2517 2502//2502 2509//2509
f 2518//2518 2519//2519 2510//2510
f 2518//2518 2510//2510 2502//2502
f 2519//2519 2527//2527 2511//2511
f 2519//2519 2511//2511 2510//2510
f 2527//2527 2528//2528 2503//2503
f 2527//2527 2503//2503 2511//2511
f 2528//2528 2520//2520 2512//2512
f 2528//2528 2512//2512 2503//2503
f 2520//2520 2521//2521 2504//2504
f 2520//2520 2504//2504 2512//2512
f 2521//2521 2529//2529 2513//2513
f 2521//2521 2513//2513 2504//2504
f 2529//2529 2522//2522 2514//2514
f 2529//2529 2514//2514 2513//2513
f 2522//2522 2530//2530 2515//2515
f 2522//2522 2515//2515 2514//2514
f 2530//2530 2523//2523 2505//2505
f 2530//2530 2505//2505 2515//2515
f 2523//2523 2531//2531 2506//2506
f 2523//2523 2506//2506 2505//2505
f 2531//2531 2524//2524 2516//2516
f 2531//2531 2516//2516 2506//2506
f 2524//2524 2532//2532 2507//2507
f 2524//2524 2507//2507 2516//2516
f 2532//2532 2525//2525 2508//2508
f 2532//2532 2508//2508 2507//2507
f 2539//2539 2533//2533 2526//2526
f 2539//2539 2526//2526 2525//2525
f 2533//2533 2540//2540 2517//2517
f 2533//2533 2517//2517 2526//2526
f 2540//2540 2541//2541 2518//2518
f 2540//2540 2518//2518 2517//2517
f 2541//2541 2542//2542 2519//2519
f 2541//2541 2519//2519 2518//2518
f 2542//2542 2534//2534 2527//2527
f 2542//2542 2527//2527 2519//2519
f 2534//2534 2543//2543 2528//2528
f 2534//2534 2528//2528 2527//2527
f 2543//2543 2535//2535 2520//2520
f 2543//2543 2520//2520 2528//2528
f 2535//2535 2536//2536 2521//2521
f 2535//2535 2521//2521 2520//2520
f 2536//2536 2537//2537 2529//2529
f 2536//2536 2529//2529 2521//2521
f 2537//2537 2544//2544 2522//2522
f 2537//2537 2522//2522 2529//2529
f 2544//2544 2545//2545 2530//2530
f 2544//2544 2530//2530 2522//2522
f 2545//2545 2538//2538 2523//2523
f 2545//2545 2523//2523 2530//2530
f 2538//2538 2546//2546 2531//2531
f 2538//2538 2531//2531 2523//2523
f 2546//2546 2547//2547 2524//2524
f 2546//2546 2524//2524 2531//2531
f 2547//2547 2548//2548 2532//2532
f 2547//2547 2532//2532 2524//2524
f 2548//2548 2539//2539 2525//2525
f 2548//2548 2525//2525 2532//2532
f 2549//2549 2561//2561 2533//2533
f 2549//2549 2533//2533 2539//2539
f 2561//2561 2550//2550 2540//2540
f 2561//2561 2540//2540 2533//2533
f 2550//2550 2562//2562 2541//2541
f 2550//2550 2541//2541 2540//2540
f 2562//2562 2551//2551 2542//2542
f 2562//2562 2542//2542 2541//2541
f 2551//2551 2552//2552 2534//2534
f 2551//2551 2534//2534 2542//2542
f 2552//2552 2553//2553 2543//2543
f 2552//2552 2543//2543 2534//2534
f 2553//2553 2563//2563 2535//2535
f 2553//2553 2535//2535 2543//2543
f 2563//2563 2554//2554 2536//2536
f 2563//2563 2536//2536 2535//2535
f 2554//2554 2555//2555 2537//2537
f 2554//2554 2537//2537 2536//2536
f 2555//2555 2564//2564 2544//2544
f 2555//2555 2544//2544 2537//2537
f 2564//2564 2556//2556 2545//2545
f 2564//2564 2545//2545 2544//2544
f 2556//2556 2557//2557 2538//2538
f 2556//2556 2538//2538 2545//2545
f 2557//2557 2558//2558 2546//2546
f 2557//2557 2546//2546 2538//2538
f 2558//2558 2559//2559 2547//2547
f 2558//2558 2547//2547 2546//2546
f 2559//2559 2560//2560 2548//2548
f 2559//2559 2548//2548 2547//2547
f 2560//2560 2549//2549 2539//2539
f 2560//2560 2539//2539 2548//2548
f 2565//2565 2566//2566 2561//2561
f 2565//2565 2561//2561 2549//2549
f 2566//2566 2567//2567 2550//2550
f 2566//2566 2550//2550 2561//2561
f 2567//2567 2568//2568 2562//2562
f 2567//2567 2562//2562 2550//2550
f 2568//2568 2569//2569 2551//2551
f 2568//2568 2551//2551 2562//2562
f 2569//2569 2570//2570 2552//2552
f 2569//2569 2552//2552 2551//2551
f 2570//2570 2571//2571 2553//2553
f 2570//2570 2553//2553 2552//2552
f 2571//2571 2572//2572 2563//2563
f 2571//2571 2563//2563 2553//2553
f 2572//2572 2573//2573 2554//2554
f 2572//2572 2554//2554 2563//2563
f 2573//2573 2574//2574 2555//2555
f 2573//2573 2555//2555 2554//2554
f 2574//2574 2575//2575 2564//2564
f 2574//2574 2564//2564 2555//2555
f 2575//2575 2576//2576 2556//2556
f 2575//2575 2556//2556 2564//2564
f 2576//2576 2577//2577 2557//2557
f 2576//2576 2557//2557 2556//2556
f 2577//2577 2578//2578 2558//2558
f 2577//2577 2558//2558 2557//2557
f 2578//2578 2579//2579 2559//2559
f 2578//2578 2559//2559 2558//2558
f 2579//2579 2580//2580 2560//2560
f 2579//2579 2560//2560 2559//2559
f 2580//2580 2565//2565 2549//2549
f 2580//2580 2549//2549 2560//2560
f 2205//2205 2197//2197 2566//2566
f 2205//2205 2566//2566 2565//2565
f 2197//2197 2198//2198 2567//2567
f 2197//2197 2567//2567 2566//2566
f 2198//2198 2206//2206 2568//2568
f 2198//2198 2568//2568 2567//2567
f 2206//2206 2207//2207 2569//2569
f 2206//2206 2569//2569 2568//2568
f 2207//2207 2208//2208 2570//2570
f 2207//2207 2570//2570 2569//2569
f 2208//2208 2199//2199 2571//2571
f 2208//2208 2571//2571 2570//2570
f 2199//2199 2209//2209 2572//2572
f 2199//2199 2572//2572 2571//2571
f 2209//2209 2200//2200 2573//2573
f 2209//2209 2573//2573 2572//2572
f 2200//2200 2201//2201 2574//2574
f 2200//2200 2574//2574 2573//2573
f 2201//2201 2210//2210 2575//2575
f 2201//2201 2575//2575 2574//2574
f 2210//2210 2202//2202 2576//2576
f 2210//2210 2576//2576 2575//2575
f 2202//2202 2203//2203 2577//2577
f 2202//2202 2577//2577 2576//2576
f 2203//2203 2204//2204 2578//2578
f 2203//2203 2578//2578 2577//2577
f 2204//2204 2211//2211 2579//2579
f 2204//2204 2579//2579 2578//2578
f 2211//2211 2212//2212 2580//2580
f 2211//2211 2580//2580 2579//2579
f 2212//2212 2205//2205 2565//2565
f 2212//2212 2565//2565 2580//2580
